sym,setup,trend,entry,k,dir,is_n,is_wr,is_lo,is_exp,oos_n,oos_wr,oos_exp
NQ,any,none,0930,0.5,1,2141,0.6632414759458197,0.6429458722968953,-0.01992163193634344,1554,0.6731016731016731,0.005775213968148247
NQ,any,none,0930,0.5,-1,2074,0.6215043394406943,0.6004238621527689,-0.08311815199477743,1539,0.649772579597141,-0.030253956004277154
NQ,any,none,0930,1.0,1,1291,0.6909372579395817,0.6651939867177286,0.028439820731269806,964,0.6742738589211619,0.008275989057554375
NQ,any,none,0930,1.0,-1,1190,0.6126050420168068,0.5846059243356516,-0.09026812245383778,915,0.6196721311475409,-0.07238685038719506
NQ,any,none,0930,1.5,1,743,0.7012113055181696,0.6673317074673433,0.046900402116023754,587,0.7035775127768313,0.05166838697906042
NQ,any,none,0930,1.5,-1,682,0.6129032258064516,0.5758109422163291,-0.08517613284963195,514,0.6186770428015564,-0.07397578755982985
NQ,any,none,0930,2.0,1,494,0.7226720647773279,0.6815904615719989,0.08082350769507636,379,0.7044854881266491,0.05388333117228935
NQ,any,none,0930,2.0,-1,452,0.6061946902654868,0.5604373490881936,-0.0951399003023033,319,0.6238244514106583,-0.06508501519851866
NQ,any,none,0930,3.0,1,233,0.7424892703862661,0.6827282868906025,0.1106337473743817,182,0.7307692307692307,0.09482157068625431
NQ,any,none,0930,3.0,-1,217,0.5898617511520737,0.523407960615255,-0.11732567954075515,167,0.5988023952095808,-0.10272599480986369
NQ,any,none,1805,0.5,1,2096,0.7065839694656488,0.6867269530727635,0.04558888523716731,1519,0.6912442396313364,0.03173567464598559
NQ,any,none,1805,0.5,-1,2051,0.6192101413944417,0.5979904752895434,-0.08615856577373054,1508,0.6505305039787799,-0.028657597391909918
NQ,any,none,1805,1.0,1,1263,0.6904196357878069,0.6643768403679475,0.028055898804340385,931,0.6874328678839957,0.028507839597746887
NQ,any,none,1805,1.0,-1,1129,0.6093888396811338,0.5806041713599652,-0.09378379644894351,878,0.6321184510250569,-0.05483526000660172
NQ,any,none,1805,1.5,1,746,0.710455764075067,0.6768960079677778,0.06036587018020517,552,0.697463768115942,0.04476163769708303
NQ,any,none,1805,1.5,-1,657,0.5966514459665144,0.5586822393815323,-0.11063288339234358,515,0.6174757281553398,-0.07629199433818809
NQ,any,none,1805,2.0,1,477,0.7211740041928721,0.6792867487333638,0.07829759029334052,350,0.7114285714285714,0.06556678960130383
NQ,any,none,1805,2.0,-1,419,0.5918854415274463,0.5441967130095203,-0.11566756669063037,311,0.6045016077170418,-0.09392466766123364
NQ,any,none,1805,3.0,1,228,0.7456140350877193,0.6853352881324523,0.11636161857948799,180,0.7388888888888889,0.10473299049785154
NQ,any,none,1805,3.0,-1,192,0.5625,0.49178414064771236,-0.15918547503512592,160,0.5875,-0.12024212329605169
NQ,any,up200,0930,0.5,1,1685,0.6599406528189911,0.6369799967073254,-0.025159972690768695,1229,0.6737184703010578,0.00628771211973107
NQ,any,up200,0930,0.5,-1,449,0.621380846325167,0.5756644152018513,-0.08683415997992411,318,0.6509433962264151,-0.028354819794820765
NQ,any,up200,0930,1.0,1,1018,0.6866404715127702,0.6574887801943051,0.021626919998530635,776,0.6778350515463918,0.013674500579257972
NQ,any,up200,0930,1.0,-1,277,0.6209386281588448,0.5625182360985697,-0.07712529646538117,199,0.6482412060301508,-0.028777512656103236
NQ,any,up200,0930,1.5,1,595,0.6991596638655462,0.6611268402756171,0.04362451979699704,483,0.7122153209109731,0.06588384448774898
NQ,any,up200,0930,1.5,-1,165,0.6424242424242425,0.5668156070445869,-0.041270599722195066,111,0.6756756756756757,0.012835895583491387
NQ,any,up200,0930,2.0,1,395,0.7139240506329114,0.6674627691226793,0.06789587263647762,309,0.7119741100323624,0.06649193411383919
NQ,any,up200,0930,2.0,-1,116,0.6120689655172413,0.5211597659068572,-0.08523848181999481,71,0.676056338028169,0.013600229474177153
NQ,any,up200,0930,3.0,1,201,0.736318407960199,0.6713819524362772,0.10132039285611935,149,0.738255033557047,0.10569234454054556
NQ,any,up200,0930,3.0,-1,58,0.5862068965517241,0.4579817755925391,-0.12344069282600534,40,0.65,-0.0252885625388606
NQ,any,up200,1805,0.5,1,1658,0.7050663449939686,0.6826622386523674,0.04316749020489014,1198,0.6978297161936561,0.04200731912452386
NQ,any,up200,1805,0.5,-1,432,0.6226851851851852,0.5760839948905269,-0.08513565152183179,317,0.6845425867507886,0.02262965517571944
NQ,any,up200,1805,1.0,1,1000,0.691,0.6616744854525756,0.02861058352782176,755,0.6913907284768211,0.03440256466775066
NQ,any,up200,1805,1.0,-1,256,0.62109375,0.5602906635670402,-0.07594914962071375,188,0.6595744680851063,-0.015670316271455566
NQ,any,up200,1805,1.5,1,595,0.7075630252100841,0.6697738500235494,0.055716949133846026,453,0.7064017660044151,0.05798385992001527
NQ,any,up200,1805,1.5,-1,155,0.632258064516129,0.5540030375055804,-0.05702964741554288,101,0.6534653465346535,-0.02078716111275881
NQ,any,up200,1805,2.0,1,387,0.7183462532299741,0.6715541018749512,0.07400383412556266,293,0.7201365187713311,0.07895528369586631
NQ,any,up200,1805,2.0,-1,101,0.6138613861386139,0.516400211507254,-0.08236585453747683,65,0.676923076923077,0.014786108355944268
NQ,any,up200,1805,3.0,1,184,0.7391304347826086,0.6712536999059258,0.10671060592514381,151,0.7483443708609272,0.12008152117338428
NQ,any,up200,1805,3.0,-1,53,0.5849056603773585,0.45094182384453757,-0.12498498916110182,33,0.696969696969697,0.04517837135749737
NQ,any,up50,0930,0.5,1,1502,0.6657789613848203,0.6415264369763791,-0.016089525146281074,1050,0.6685714285714286,-0.0010769031881508084
NQ,any,up50,0930,0.5,-1,635,0.6220472440944882,0.5837059854637241,-0.0821897320323447,498,0.6305220883534136,-0.05889918449468405
NQ,any,up50,0930,1.0,1,883,0.6851642129105323,0.653783221466383,0.02004011123643462,639,0.6776212832550861,0.013052816181459908
NQ,any,up50,0930,1.0,-1,426,0.6032863849765259,0.55610509738589,-0.10393361849078735,331,0.6344410876132931,-0.049741565931527926
NQ,any,up50,0930,1.5,1,519,0.6820809248554913,0.6408046425023917,0.017792682264311778,412,0.7087378640776699,0.06114304054827358
NQ,any,up50,0930,1.5,-1,280,0.6142857142857143,0.5560891771227788,-0.08254111701030249,209,0.6411483253588517,-0.03906045119581872
NQ,any,up50,0930,2.0,1,349,0.6905444126074498,0.6401903730274358,0.03240861701372021,266,0.706766917293233,0.05794552210558044
NQ,any,up50,0930,2.0,-1,195,0.5743589743589743,0.5041821716950956,-0.14156154063573514,142,0.6619718309859155,-0.00756954958147773
NQ,any,up50,0930,3.0,1,180,0.7222222222222222,0.652665499946382,0.08077763821586463,138,0.7318840579710145,0.09733947105906486
NQ,any,up50,0930,3.0,-1,104,0.5288461538461539,0.4336003819768207,-0.20887106707654765,80,0.6625,-0.006743389642189257
NQ,any,up50,1805,0.5,1,1459,0.7080191912268677,0.6841664417886791,0.047818399239168655,1014,0.6982248520710059,0.04366829733989806
NQ,any,up50,1805,0.5,-1,628,0.6273885350318471,0.5889054486082307,-0.0743627598189391,504,0.6805555555555556,0.017432002022675683
NQ,any,up50,1805,1.0,1,866,0.6905311778290993,0.6589571351480781,0.028351572851441385,628,0.7006369426751592,0.04840728512221442
NQ,any,up50,1805,1.0,-1,404,0.6138613861386139,0.5655250550658524,-0.08559284916522623,326,0.6533742331288344,-0.02330020911888988
NQ,any,up50,1805,1.5,1,517,0.6963249516441006,0.6553579462128528,0.038481663083987774,381,0.7060367454068242,0.05762399865646292
NQ,any,up50,1805,1.5,-1,269,0.5910780669144982,0.5314446905320382,-0.11791611508284054,209,0.631578947368421,-0.05478856641417479
NQ,any,up50,1805,2.0,1,346,0.6994219653179191,0.6491349843093833,0.045298047165684474,255,0.7294117647058823,0.09277062851494883
NQ,any,up50,1805,2.0,-1,180,0.5666666666666667,0.4936277117723227,-0.1532516656861585,136,0.6544117647058824,-0.018877718709340983
NQ,any,up50,1805,3.0,1,171,0.7309941520467836,0.659991929838925,0.09432815241803476,132,0.75,0.12441211822825413
NQ,any,up50,1805,3.0,-1,98,0.5204081632653061,0.42260631994489084,-0.22160489720856869,69,0.6521739130434783,-0.02207499247009329
NQ,any,dn200,0930,0.5,1,458,0.6768558951965066,0.6327058384793851,0.0015946407746816986,328,0.6707317073170732,0.0037881610872791526
NQ,any,dn200,0930,0.5,-1,1628,0.621007371007371,0.597182166854638,-0.08288429048642108,1222,0.648936170212766,-0.03154367194037597
NQ,any,dn200,0930,1.0,1,285,0.7052631578947368,0.6498825183545698,0.04909820209801743,198,0.6666666666666666,-0.0032352800381192696
NQ,any,dn200,0930,1.0,-1,930,0.6118279569892473,0.580107613627984,-0.09156457458352807,717,0.6122733612273361,-0.08369299754218613
NQ,any,dn200,0930,1.5,1,167,0.7065868263473054,0.6335054401558806,0.05523888500194596,113,0.6460176991150443,-0.039806839774364576
NQ,any,dn200,0930,1.5,-1,538,0.6059479553903345,0.5640451963362524,-0.09546781461101794,411,0.6009732360097324,-0.1012202867609277
NQ,any,dn200,0930,2.0,1,108,0.7314814814814815,0.6410086613886575,0.093329128243714,76,0.631578947368421,-0.06269508826719591
NQ,any,dn200,0930,2.0,-1,354,0.6073446327683616,0.5555810368625936,-0.09328095160789596,256,0.609375,-0.0869833584396561
NQ,any,dn200,0930,3.0,1,53,0.7735849056603774,0.6447347199775757,0.15813447376604212,35,0.6571428571428571,-0.014568521164294435
NQ,any,dn200,0930,3.0,-1,169,0.5976331360946746,0.5223236936296336,-0.10563696134453902,133,0.5714285714285714,-0.1439206601989558
NQ,any,dn200,1805,0.5,1,440,0.7136363636363636,0.6696895228792585,0.05675247003435089,321,0.6666666666666666,-0.0065989985169080355
NQ,any,dn200,1805,0.5,-1,1622,0.6183723797780518,0.5944774452717788,-0.08628536167714555,1191,0.6414777497900923,-0.04230836066977601
NQ,any,dn200,1805,1.0,1,276,0.6920289855072463,0.6352386553894421,0.030668314773703992,176,0.6647727272727273,-0.005304199544509366
NQ,any,dn200,1805,1.0,-1,877,0.6066134549600912,0.5738844962121955,-0.09801270934052646,695,0.6230215827338129,-0.06792014472331748
NQ,any,dn200,1805,1.5,1,162,0.7098765432098766,0.6357735888910903,0.060742849293440995,106,0.6415094339622641,-0.03833068097172924
NQ,any,dn200,1805,1.5,-1,519,0.5915221579961464,0.5487095461052408,-0.11832144002980176,416,0.6105769230769231,-0.08699852581406249
NQ,any,dn200,1805,2.0,1,105,0.7142857142857143,0.6215148508295265,0.06822160387147022,64,0.640625,-0.04201841904027591
NQ,any,dn200,1805,2.0,-1,332,0.5903614457831325,0.5367222135506965,-0.11823582885438012,253,0.5889328063241107,-0.1174689196102305
NQ,any,dn200,1805,3.0,1,56,0.7321428571428571,0.6040519481066103,0.09594597029102934,34,0.6470588235294118,-0.029701093271620353
NQ,any,dn200,1805,3.0,-1,150,0.56,0.48004707281221837,-0.16304213960653616,133,0.5639097744360902,-0.15587718355359878
NQ,any,dn50,0930,0.5,1,642,0.6557632398753894,0.6181816622179908,-0.031223638762060215,506,0.6818181818181818,0.01897530558112071
NQ,any,dn50,0930,0.5,-1,1441,0.6217904233171409,0.5964590813539493,-0.0827305970623303,1045,0.6593301435406699,-0.016013668223820277
NQ,any,dn50,0930,1.0,1,428,0.6962616822429907,0.6511066026743543,0.03591535716672865,346,0.6676300578034682,-0.0010805683113649833
NQ,any,dn50,0930,1.0,-1,798,0.6177944862155389,0.5835911117165002,-0.0825114109133014,611,0.613747954173486,-0.08155759984112179
NQ,any,dn50,0930,1.5,1,266,0.7293233082706767,0.6729445388576957,0.08954304400124613,209,0.6746411483253588,0.005327881963858515
NQ,any,dn50,0930,1.5,-1,447,0.6152125279642058,0.5693075898853035,-0.08186451965348865,337,0.6112759643916914,-0.08569462635011324
NQ,any,dn50,0930,2.0,1,185,0.7621621621621621,0.695869721757366,0.14044931434204105,145,0.6689655172413793,-0.0005832570379854418
NQ,any,dn50,0930,2.0,-1,296,0.6216216216216216,0.5651458337043263,-0.0722530722338782,203,0.6059113300492611,-0.09213142560161734
NQ,any,dn50,0930,3.0,1,100,0.81,0.7222097592919214,0.21096907397417325,66,0.7121212121212122,0.06481384037456038
NQ,any,dn50,0930,3.0,-1,147,0.6054421768707483,0.5247119207410381,-0.09406482914665562,114,0.5789473684210527,-0.13263689809235568
NQ,any,dn50,1805,0.5,1,639,0.704225352112676,0.6677028463127703,0.04189965429201797,506,0.6778656126482213,0.008746512465242546
NQ,any,dn50,1805,0.5,-1,1426,0.6157082748948106,0.5901821565784683,-0.0911932213625789,1005,0.6358208955223881,-0.05124704836355364
NQ,any,dn50,1805,1.0,1,418,0.6866028708133971,0.6406037599831593,0.022148652259538982,324,0.6450617283950617,-0.03513471292761615
NQ,any,dn50,1805,1.0,-1,742,0.6064690026954178,0.5708551437926035,-0.09894343932961686,566,0.6219081272084805,-0.06990263647141731
NQ,any,dn50,1805,1.5,1,263,0.7224334600760456,0.6654064663846277,0.07965240995012818,198,0.6767676767676768,0.014103231661734782
NQ,any,dn50,1805,1.5,-1,434,0.6059907834101382,0.5592810790910773,-0.09715855015501046,338,0.606508875739645,-0.09272266085754405
NQ,any,dn50,1805,2.0,1,165,0.7515151515151515,0.6803586595169742,0.1238645201311328,134,0.6865671641791045,0.027408939207630743
NQ,any,dn50,1805,2.0,-1,300,0.6133333333333333,0.5571234733195609,-0.08342438420730743,205,0.6,-0.1007040773017394
NQ,any,dn50,1805,3.0,1,96,0.7916666666666666,0.699995683874769,0.18311772824053338,67,0.7164179104477612,0.06586167972776627
NQ,any,dn50,1805,3.0,-1,143,0.5804195804195804,0.4984682480005452,-0.13176446827746854,103,0.5631067961165048,-0.15965299167265565
NQ,rsi2<10,none,0930,0.5,1,210,0.7142857142857143,0.6497641952990032,0.05959371191208339,158,0.6835443037974683,0.0175162959535758
NQ,rsi2<10,none,0930,0.5,-1,388,0.5824742268041238,0.5328296243085674,-0.14365968041513244,272,0.6507352941176471,-0.02648232334357285
NQ,rsi2<10,none,0930,1.0,1,190,0.7157894736842105,0.647873205110234,0.06695038882894173,137,0.6204379562043796,-0.07049260293255527
NQ,rsi2<10,none,0930,1.0,-1,244,0.5860655737704918,0.5233962237840877,-0.1289836134483051,184,0.6141304347826086,-0.08019883555429008
NQ,rsi2<10,none,0930,1.5,1,148,0.7297297297297297,0.653040446442455,0.09004258954005175,105,0.6476190476190476,-0.03160714357942022
NQ,rsi2<10,none,0930,1.5,-1,178,0.5786516853932584,0.505201554753016,-0.1378207363571532,136,0.6323529411764706,-0.05235063712143416
NQ,rsi2<10,none,0930,2.0,1,129,0.751937984496124,0.6708471408475244,0.12466337665072219,86,0.686046511627907,0.026987867096902117
NQ,rsi2<10,none,0930,2.0,-1,146,0.6027397260273972,0.5217108448064934,-0.09921236036468209,115,0.6434782608695652,-0.03548732434411191
NQ,rsi2<10,none,0930,3.0,1,111,0.7657657657657657,0.6789066790684753,0.1466888938803769,69,0.7536231884057971,0.12952181025518403
NQ,rsi2<10,none,0930,3.0,-1,99,0.5858585858585859,0.48739617763471826,-0.1234292960246474,85,0.611764705882353,-0.08325588854262402
NQ,rsi2<10,none,1805,0.5,1,212,0.7122641509433962,0.6479724774701868,0.05651263803747298,159,0.6666666666666666,-0.0027499328059997865
NQ,rsi2<10,none,1805,0.5,-1,369,0.5989159891598916,0.5481361985339184,-0.11933834808713012,264,0.6212121212121212,-0.07342620964421888
NQ,rsi2<10,none,1805,1.0,1,173,0.7109826589595376,0.639430251140856,0.05983617389365835,131,0.6946564885496184,0.04087268173590625
NQ,rsi2<10,none,1805,1.0,-1,235,0.5404255319148936,0.4765676222138581,-0.1972443164313454,175,0.6171428571428571,-0.07610770107393106
NQ,rsi2<10,none,1805,1.5,1,148,0.7297297297297297,0.653040446442455,0.09015862278162934,101,0.6732673267326733,0.007961099433424037
NQ,rsi2<10,none,1805,1.5,-1,172,0.5174418604651163,0.4432012621557232,-0.23101486791607567,131,0.6259541984732825,-0.06322894851624165
NQ,rsi2<10,none,1805,2.0,1,124,0.7741935483870968,0.6930081708536336,0.15847995920366578,84,0.7142857142857143,0.06845329602114922
NQ,rsi2<10,none,1805,2.0,-1,146,0.5684931506849316,0.4874134752002689,-0.1507608382808988,116,0.6293103448275862,-0.05725129539655978
NQ,rsi2<10,none,1805,3.0,1,107,0.7663551401869159,0.677807919851313,0.14760532002320056,72,0.7638888888888888,0.14546673721915473
NQ,rsi2<10,none,1805,3.0,-1,101,0.5445544554455446,0.44757823482693293,-0.1858019892878775,81,0.5925925925925926,-0.11358737929066184
NQ,rsi2<10,up200,0930,0.5,1,140,0.6785714285714286,0.5973307151131239,0.005501415727613449,106,0.6981132075471698,0.03645490706398707
NQ,rsi2<10,up200,0930,0.5,-1,53,0.5471698113207547,0.41453742646439184,-0.21511288982027393,33,0.5757575757575758,-0.13830266925626813
NQ,rsi2<10,up200,0930,1.0,1,129,0.7209302325581395,0.6379973966598246,0.07428476009384327,94,0.648936170212766,-0.027828070602739355
NQ,rsi2<10,up200,0930,1.0,-1,34,0.6470588235294118,0.4791365883001342,-0.03595055706261816,25,0.72,0.07914749239287294
NQ,rsi2<10,up200,0930,1.5,1,102,0.7352941176470589,0.6422706987161548,0.09802805640303114,71,0.6901408450704225,0.031429910899605784
NQ,rsi2<10,up200,0930,1.5,-1,26,0.5769230769230769,0.3894829692111983,-0.14822288669056663,20,0.7,0.049442403924904545
NQ,rsi2<10,up200,0930,2.0,1,89,0.7752808988764045,0.6782244712364707,0.16013808378389766,59,0.7457627118644068,0.11803876978448975
NQ,rsi2<10,up200,0930,2.0,-1,23,0.6086956521739131,0.4078517960374599,-0.09021594443177323,19,0.6842105263157895,0.02590055398188808
NQ,rsi2<10,up200,0930,3.0,1,77,0.7532467532467533,0.6464643724401389,0.12790353120180525,48,0.7708333333333334,0.15506500730461795
NQ,rsi2<10,up200,0930,3.0,-1,17,0.6470588235294118,0.4129996672121182,-0.031596904559774944,15,0.6666666666666666,-0.00027673262748229753
NQ,rsi2<10,up200,1805,0.5,1,141,0.723404255319149,0.6443895323731719,0.0732139675987958,107,0.6448598130841121,-0.035940854936642626
NQ,rsi2<10,up200,1805,0.5,-1,52,0.6730769230769231,0.5375593513988892,-0.024463256613727637,31,0.7741935483870968,0.15968349130424164
NQ,rsi2<10,up200,1805,1.0,1,117,0.7094017094017094,0.6215171029736941,0.05714495899039131,91,0.6483516483516484,-0.02871809825620321
NQ,rsi2<10,up200,1805,1.0,-1,34,0.6176470588235294,0.4504071999938267,-0.0801787343990558,22,0.7272727272727273,0.09011459262841057
NQ,rsi2<10,up200,1805,1.5,1,99,0.7575757575757576,0.6645700099444053,0.1317573072984078,72,0.6388888888888888,-0.0441685363277177
NQ,rsi2<10,up200,1805,1.5,-1,24,0.5416666666666666,0.35074553553106635,-0.2086841830685522,19,0.6842105263157895,0.018158006634812034
NQ,rsi2<10,up200,1805,2.0,1,85,0.7764705882352941,0.6770628717994043,0.16193178981192224,58,0.6724137931034483,0.007986765729104225
NQ,rsi2<10,up200,1805,2.0,-1,23,0.5652173913043478,0.3681104930501695,-0.1557481122594685,17,0.6470588235294118,-0.03355649022060127
NQ,rsi2<10,up200,1805,3.0,1,75,0.76,0.6522102034171385,0.13807805177095903,52,0.75,0.1245948782657853
NQ,rsi2<10,up200,1805,3.0,-1,18,0.6666666666666666,0.4374906934425036,-0.0021306284727667566,15,0.6666666666666666,-0.00027673262748238633
NQ,rsi2<10,up50,0930,0.5,1,85,0.7411764705882353,0.6390752485008676,0.09907554778848801,52,0.7115384615384616,0.06466062094385891
NQ,rsi2<10,up50,0930,0.5,-1,40,0.65,0.4950559699353738,-0.0610932773451728,25,0.48,-0.2820478200619123
NQ,rsi2<10,up50,0930,1.0,1,78,0.6666666666666666,0.5564120187982788,-0.006718698603443751,43,0.6511627906976745,-0.0246352741361628
NQ,rsi2<10,up50,0930,1.0,-1,29,0.6896551724137931,0.5076952952728147,0.029148333639188874,19,0.631578947368421,-0.053545832243157045
NQ,rsi2<10,up50,0930,1.5,1,67,0.6865671641791045,0.5679519232318382,0.025446495945910443,36,0.6944444444444444,0.03749261997704455
NQ,rsi2<10,up50,0930,1.5,-1,22,0.5909090909090909,0.38734477382893806,-0.128185053891469,18,0.6111111111111112,-0.08395442557741285
NQ,rsi2<10,up50,0930,2.0,1,61,0.7540983606557377,0.6331533709421812,0.12799429771363646,33,0.7272727272727273,0.09026673783194517
NQ,rsi2<10,up50,0930,2.0,-1,20,0.55,0.3420820083075997,-0.17791921108280134,18,0.6666666666666666,-0.00045146607499404714
NQ,rsi2<10,up50,0930,3.0,1,55,0.6909090909090909,0.5597116084861727,0.034113721484659694,31,0.7096774193548387,0.06407824851509525
NQ,rsi2<10,up50,0930,3.0,-1,18,0.5,0.2903070395897999,-0.2520913231253263,17,0.5882352941176471,-0.11796998628047631
NQ,rsi2<10,up50,1805,0.5,1,85,0.7176470588235294,0.6141587579262482,0.06360674363615723,53,0.5849056603773585,-0.12703437858908032
NQ,rsi2<10,up50,1805,0.5,-1,41,0.7073170731707317,0.5552024292386027,0.02424714550213477,22,0.6818181818181818,0.020891157031284583
NQ,rsi2<10,up50,1805,1.0,1,72,0.6805555555555556,0.5660743422203383,0.01417835923574872,46,0.6521739130434783,-0.023108909884612686
NQ,rsi2<10,up50,1805,1.0,-1,25,0.6,0.40739127785127344,-0.10575434008694341,18,0.6111111111111112,-0.08426497169945289
NQ,rsi2<10,up50,1805,1.5,1,65,0.7076923076923077,0.5880373289917318,0.05725047417440998,37,0.5945945945945946,-0.1090659536888587
NQ,rsi2<10,up50,1805,1.5,-1,21,0.5238095238095238,0.32369217900266756,-0.2346603662386443,18,0.6111111111111112,-0.09197764432357516
NQ,rsi2<10,up50,1805,2.0,1,57,0.7368421052631579,0.6102317358473626,0.10210217305926637,33,0.6666666666666666,-0.0058797310292851524
NQ,rsi2<10,up50,1805,2.0,-1,20,0.5,0.2992949144298199,-0.25332359580327013,18,0.6666666666666666,-0.003968160325418468
NQ,rsi2<10,up50,1805,3.0,1,52,0.6923076923076923,0.5573015506778113,0.0362426437373241,33,0.696969696969697,0.04501138920254331
NQ,rsi2<10,up50,1805,3.0,-1,18,0.5,0.2903070395897999,-0.2520615795808859,17,0.6470588235294118,-0.02971841314561389
NQ,rsi2<10,dn200,0930,0.5,1,70,0.7857142857142857,0.6760859281841939,0.16777830428102328,52,0.6538461538461539,-0.021089334386877892
NQ,rsi2<10,dn200,0930,0.5,-1,335,0.5880597014925373,0.5346452714627064,-0.13235514280775182,239,0.6610878661087866,-0.011042693991610751
NQ,rsi2<10,dn200,0930,1.0,1,61,0.7049180327868853,0.5811036064161055,0.05143999713759258,43,0.5581395348837209,-0.16375925500238542
NQ,rsi2<10,dn200,0930,1.0,-1,213,0.5727699530516432,0.5056257099363471,-0.14913454927327996,163,0.5950920245398773,-0.10882730345584858
NQ,rsi2<10,dn200,0930,1.5,1,47,0.7021276595744681,0.5602205595363459,0.04940471911977768,34,0.5588235294117647,-0.16324334557973932
NQ,rsi2<10,dn200,0930,1.5,-1,155,0.5741935483870968,0.4954812687928971,-0.14316280951148241,120,0.6166666666666667,-0.07715838188323558
NQ,rsi2<10,dn200,0930,2.0,1,41,0.6829268292682927,0.5301551434425414,0.020114002265343937,27,0.5555555555555556,-0.17197521655375228
NQ,rsi2<10,dn200,0930,2.0,-1,127,0.5905511811023622,0.5035924878388688,-0.11748739804563725,100,0.63,-0.05574773323521722
NQ,rsi2<10,dn200,0930,3.0,1,37,0.8108108108108109,0.6579498842904441,0.2143245822241424,21,0.7142857142857143,0.0711373598564778
NQ,rsi2<10,dn200,0930,3.0,-1,87,0.5862068965517241,0.4812140531159266,-0.12288008569006381,76,0.5921052631578947,-0.1127599167815788
NQ,rsi2<10,dn200,1805,0.5,1,71,0.6901408450704225,0.5751576839846767,0.02334520890864881,52,0.7115384615384616,0.06554677234743832
NQ,rsi2<10,dn200,1805,0.5,-1,318,0.5880503144654088,0.5332160432451898,-0.13291917835453682,235,0.6,-0.10569496694687121
NQ,rsi2<10,dn200,1805,1.0,1,56,0.7142857142857143,0.5852450091364125,0.065458890745127,40,0.8,0.1991917062179552
NQ,rsi2<10,dn200,1805,1.0,-1,205,0.526829268292683,0.4586179269739873,-0.21778805724185657,155,0.6,-0.10195557895151688
NQ,rsi2<10,dn200,1805,1.5,1,50,0.66,0.5215356854148285,-0.01411833902100318,29,0.7586206896551724,0.13738640201281044
NQ,rsi2<10,dn200,1805,1.5,-1,152,0.5197368421052632,0.44080733037432107,-0.22524730710753224,116,0.6120689655172413,-0.08376585273852848
NQ,rsi2<10,dn200,1805,2.0,1,40,0.725,0.5716474916687543,0.08445233720243366,26,0.8076923076923077,0.2033395894615634
NQ,rsi2<10,dn200,1805,2.0,-1,128,0.578125,0.4915168871907951,-0.13624184100778103,101,0.6138613861386139,-0.08036468283473049
NQ,rsi2<10,dn200,1805,3.0,1,35,0.7714285714285715,0.6098236221989801,0.15523897600438785,21,0.7619047619047619,0.14258726908103575
NQ,rsi2<10,dn200,1805,3.0,-1,91,0.5494505494505495,0.4472910565435856,-0.1784523888530368,69,0.5652173913043478,-0.15503312750485462
NQ,rsi2<10,dn50,0930,0.5,1,125,0.696,0.6105140393503488,0.03274606351612823,106,0.6698113207547169,-0.005611108758638545
NQ,rsi2<10,dn50,0930,0.5,-1,349,0.5759312320916905,0.523531160829792,-0.15131363154775326,248,0.6653225806451613,-0.004654025815602749
NQ,rsi2<10,dn50,0930,1.0,1,114,0.7456140350877193,0.6585664892117132,0.11165731053155499,95,0.6105263157894737,-0.08524878364986052
NQ,rsi2<10,dn50,0930,1.0,-1,219,0.5799086757990868,0.5137113169980668,-0.138525858434276,167,0.6047904191616766,-0.09425995945437071
NQ,rsi2<10,dn50,0930,1.5,1,87,0.7586206896551724,0.6590081932657771,0.13329988564331233,70,0.6285714285714286,-0.059566407330334456
NQ,rsi2<10,dn50,0930,1.5,-1,161,0.5838509316770186,0.5066228876090391,-0.12876322635249796,124,0.6129032258064516,-0.08155571398779503
NQ,rsi2<10,dn50,0930,2.0,1,77,0.7662337662337663,0.6604596119506299,0.14610893116836632,57,0.6491228070175439,-0.02913128786878496
NQ,rsi2<10,dn50,0930,2.0,-1,131,0.6030534351145038,0.5174827945835824,-0.09879506170284556,103,0.6116504854368932,-0.08326754688918968
NQ,rsi2<10,dn50,0930,3.0,1,68,0.8529411764705882,0.7500238655053635,0.2743628753611487,41,0.7560975609756098,0.13290108012733723
NQ,rsi2<10,dn50,0930,3.0,-1,88,0.5681818181818182,0.46398482983322936,-0.15000399121129607,78,0.6025641025641025,-0.09704788046759266
NQ,rsi2<10,dn50,1805,0.5,1,127,0.7086614173228346,0.6244366123001341,0.05176461460528273,106,0.7075471698113207,0.059392290085540464
NQ,rsi2<10,dn50,1805,0.5,-1,329,0.5866261398176292,0.5327127506626838,-0.1353866745065045,242,0.6157024793388429,-0.08200051570562826
NQ,rsi2<10,dn50,1805,1.0,1,102,0.7352941176470589,0.6422706987161548,0.09632774048724842,87,0.7126436781609196,0.06799350978300578
NQ,rsi2<10,dn50,1805,1.0,-1,212,0.5377358490566038,0.47054605598061283,-0.20150931931605207,159,0.610062893081761,-0.0868237577696081
NQ,rsi2<10,dn50,1805,1.5,1,90,0.7555555555555555,0.6575143545381369,0.128859603507416,67,0.7164179104477612,0.07220039261570166
NQ,rsi2<10,dn50,1805,1.5,-1,154,0.525974025974026,0.44744089395152,-0.2163192724059791,120,0.6166666666666667,-0.07590537130635348
NQ,rsi2<10,dn50,1805,2.0,1,77,0.8051948051948052,0.7031467846457494,0.2045341505765377,58,0.7241379310344828,0.08516711936339781
NQ,rsi2<10,dn50,1805,2.0,-1,132,0.5757575757575758,0.4904750031714826,-0.13987988697696108,103,0.6116504854368932,-0.08322365274512321
NQ,rsi2<10,dn50,1805,3.0,1,64,0.828125,0.7178655850983409,0.2368014479707382,41,0.7804878048780488,0.17041369473620088
NQ,rsi2<10,dn50,1805,3.0,-1,91,0.5274725274725275,0.4258757854999975,-0.2115128384833138,71,0.5774647887323944,-0.13658296600616837
NQ,rsi2<5,none,0930,0.5,1,101,0.6732673267326733,0.5769143347471855,-0.0013841919876924872,69,0.7246376811594203,0.08470175467312831
NQ,rsi2<5,none,0930,0.5,-1,236,0.5847457627118644,0.5210095373731083,-0.13863007995709972,145,0.6137931034482759,-0.08191866348223399
NQ,rsi2<5,none,0930,1.0,1,92,0.7065217391304348,0.6067033690450713,0.05260604079669413,57,0.6666666666666666,-0.001166298327574648
NQ,rsi2<5,none,0930,1.0,-1,146,0.6095890410958904,0.5286166090315858,-0.09480949763596892,103,0.6213592233009708,-0.0697771314095774
NQ,rsi2<5,none,0930,1.5,1,75,0.7466666666666667,0.6378945938331628,0.11653201757901405,47,0.7446808510638298,0.11435621649427893
NQ,rsi2<5,none,0930,1.5,-1,125,0.576,0.48836985067910865,-0.1407342980355055,86,0.5813953488372093,-0.12882053070776722
NQ,rsi2<5,none,0930,2.0,1,68,0.7941176470588235,0.6835749340049412,0.18541005359060964,42,0.6904761904761905,0.03513818989576168
NQ,rsi2<5,none,0930,2.0,-1,105,0.5619047619047619,0.46648169138351786,-0.16194994725887152,74,0.6486486486486487,-0.02775669019084836
NQ,rsi2<5,none,0930,3.0,1,60,0.8166666666666667,0.7008000677353371,0.22329415358226623,35,0.6857142857142857,0.028182674273638318
NQ,rsi2<5,none,0930,3.0,-1,78,0.5897435897435898,0.4788794806670461,-0.11769744097332883,60,0.6333333333333333,-0.05042508215910095
NQ,rsi2<5,none,1805,0.5,1,102,0.696078431372549,0.6010461339670155,0.03320086346582846,71,0.7746478873239436,0.1586767843393923
NQ,rsi2<5,none,1805,0.5,-1,220,0.6045454545454545,0.538671785494403,-0.10757620560049315,143,0.6363636363636364,-0.052777042031519714
NQ,rsi2<5,none,1805,1.0,1,86,0.6511627906976745,0.5459335479566195,-0.030362327487819436,64,0.734375,0.10046869235162073
NQ,rsi2<5,none,1805,1.0,-1,151,0.6026490066225165,0.522982027231788,-0.10368456983946911,95,0.6421052631578947,-0.03905599945181248
NQ,rsi2<5,none,1805,1.5,1,74,0.7702702702702703,0.6625347073337733,0.15212051620217948,50,0.74,0.10924794301211303
NQ,rsi2<5,none,1805,1.5,-1,117,0.5555555555555556,0.46517455465932245,-0.1731408259434092,82,0.5975609756097561,-0.10453135628893778
NQ,rsi2<5,none,1805,2.0,1,69,0.7681159420289855,0.6560292969473013,0.14970196126224689,44,0.7045454545454546,0.05624487519107058
NQ,rsi2<5,none,1805,2.0,-1,105,0.5714285714285714,0.47590151019505855,-0.14631106052153872,73,0.6438356164383562,-0.03490288338376691
NQ,rsi2<5,none,1805,3.0,1,60,0.8,0.6821795390818299,0.19825834808991286,36,0.7222222222222222,0.08295016934324577
NQ,rsi2<5,none,1805,3.0,-1,81,0.5802469135802469,0.471534628313757,-0.13224502567620722,58,0.5689655172413793,-0.14984845026259683
NQ,rsi2<5,up200,0930,0.5,1,66,0.6060606060606061,0.48548180775863853,-0.10335446366060871,47,0.6808510638297872,0.018755747818615477
NQ,rsi2<5,up200,0930,0.5,-1,27,0.5925925925925926,0.4072638305536409,-0.13237185310166688,13,0.6923076923076923,0.03661241437025818
NQ,rsi2<5,up200,0930,1.0,1,60,0.7,0.5749105303360957,0.04172853992037463,40,0.675,0.011245009872110101
NQ,rsi2<5,up200,0930,1.0,-1,19,0.6842105263157895,0.4601001017506463,0.01853585316225141,10,0.7,0.04914310106888786
NQ,rsi2<5,up200,0930,1.5,1,50,0.76,0.6258705062480763,0.13652595249299226,32,0.78125,0.16824752722531125
NQ,rsi2<5,up200,0930,1.5,-1,18,0.5555555555555556,0.3371606942825164,-0.17233476793577263,9,0.6666666666666666,-0.0005684478007567476
NQ,rsi2<5,up200,0930,2.0,1,44,0.7954545454545454,0.6549913631816677,0.18659821747823477,30,0.6666666666666666,-0.0006378476559215436
NQ,rsi2<5,up200,0930,2.0,-1,16,0.6875,0.4440393186673406,0.027771355533058928,9,0.7777777777777778,0.16626956976517088
NQ,rsi2<5,up200,0930,3.0,1,38,0.8157894736842105,0.6658083165848865,0.2220208789494251,26,0.6538461538461539,-0.01965367721160022
NQ,rsi2<5,up200,0930,3.0,-1,15,0.6666666666666666,0.41713125151212976,-0.0023791906698648574,9,0.7777777777777778,0.16640193539900247
NQ,rsi2<5,up200,1805,0.5,1,66,0.6818181818181818,0.5621232331830929,0.011243404306235756,48,0.7291666666666666,0.0896422575955473
NQ,rsi2<5,up200,1805,0.5,-1,26,0.8076923076923077,0.6212336384535001,0.1975793766767947,13,1.0,0.4986229355377779
NQ,rsi2<5,up200,1805,1.0,1,56,0.625,0.494051260344893,-0.07064347137817364,45,0.7111111111111111,0.06546505933049887
NQ,rsi2<5,up200,1805,1.0,-1,20,0.7,0.4810232237710206,0.04347278145767454,10,0.9,0.3492707305386262
NQ,rsi2<5,up200,1805,1.5,1,47,0.7659574468085106,0.6277546774315923,0.14563878793747712,37,0.7297297297297297,0.09377164775260925
NQ,rsi2<5,up200,1805,1.5,-1,18,0.6111111111111112,0.3861866858065617,-0.08846456425021759,9,0.6666666666666666,-0.0005684478007567476
NQ,rsi2<5,up200,1805,2.0,1,44,0.7727272727272727,0.6300735713298432,0.15661528032731786,33,0.696969696969697,0.0448385719798854
NQ,rsi2<5,up200,1805,2.0,-1,16,0.75,0.5050123107060135,0.12183795024247773,9,0.7777777777777778,0.16626956976517088
NQ,rsi2<5,up200,1805,3.0,1,40,0.8,0.6524239261814333,0.19830954614093482,26,0.6923076923076923,0.03804509533083355
NQ,rsi2<5,up200,1805,3.0,-1,16,0.6875,0.4440393186673406,0.028946187600924857,9,0.6666666666666666,-0.0002921622657508936
NQ,rsi2<5,up50,0930,0.5,1,31,0.6451612903225806,0.469476380428149,-0.045183599399264064,21,0.5714285714285714,-0.14597436263006816
NQ,rsi2<5,up50,0930,0.5,-1,20,0.8,0.5839782779742401,0.18701968347720038,10,0.5,-0.2518941229519439
NQ,rsi2<5,up50,0930,1.0,1,28,0.6071428571428571,0.42408726034906297,-0.09600201483458701,15,0.5333333333333333,-0.20159080605250132
NQ,rsi2<5,up50,0930,1.0,-1,16,0.75,0.5050123107060135,0.11810290352832975,9,0.5555555555555556,-0.17305157609384594
NQ,rsi2<5,up50,0930,1.5,1,25,0.72,0.5242302810344169,0.07617185099098663,12,0.75,0.1241797219732113
NQ,rsi2<5,up50,0930,1.5,-1,13,0.5384615384615384,0.2914343243183205,-0.19739933846281013,8,0.625,-0.06309525673926547
NQ,rsi2<5,up50,0930,2.0,1,24,0.75,0.5510017468789357,0.11464612417180857,12,0.5833333333333334,-0.12569743959686341
NQ,rsi2<5,up50,0930,2.0,-1,11,0.5454545454545454,0.28008775568998817,-0.18556672282470854,8,0.75,0.12458585193869848
NQ,rsi2<5,up50,0930,3.0,1,22,0.7272727272727273,0.5184787630099802,0.08892649332036252,11,0.5454545454545454,-0.18230689549809373
NQ,rsi2<5,up50,0930,3.0,-1,11,0.45454545454545453,0.21270957543988045,-0.3207521775768447,8,0.625,-0.06279762836963257
NQ,rsi2<5,up50,1805,0.5,1,31,0.6451612903225806,0.469476380428149,-0.04492878189101935,22,0.6363636363636364,-0.052098496074375535
NQ,rsi2<5,up50,1805,0.5,-1,20,0.75,0.5312949900419365,0.11222987214877807,10,0.7,0.04835536627112984
NQ,rsi2<5,up50,1805,1.0,1,27,0.5555555555555556,0.37312719479576884,-0.1735335563746702,19,0.6842105263157895,0.02492928664171301
NQ,rsi2<5,up50,1805,1.0,-1,16,0.6875,0.4440393186673406,0.025374525189085506,8,0.625,-0.06339288510889789
NQ,rsi2<5,up50,1805,1.5,1,23,0.7391304347826086,0.5352960945624944,0.10484831626704955,14,0.5,-0.2510174519135088
NQ,rsi2<5,up50,1805,1.5,-1,11,0.45454545454545453,0.21270957543988045,-0.3233084846117629,8,0.625,-0.06309525673926547
NQ,rsi2<5,up50,1805,2.0,1,23,0.7391304347826086,0.5352960945624944,0.10594665442764677,13,0.5384615384615384,-0.19304744179828776
NQ,rsi2<5,up50,1805,2.0,-1,11,0.5454545454545454,0.28008775568998817,-0.1852658754375095,8,0.75,0.12458585193869848
NQ,rsi2<5,up50,1805,3.0,1,22,0.6818181818181818,0.47318222782839336,0.020683052708113006,12,0.5833333333333334,-0.12549505545405046
NQ,rsi2<5,up50,1805,3.0,-1,11,0.45454545454545453,0.21270957543988045,-0.3210215166832844,8,0.625,-0.06279762836963257
NQ,rsi2<5,dn200,0930,0.5,1,35,0.8,0.6410806339053748,0.19090260602409242,22,0.8181818181818182,0.22558640568049662
NQ,rsi2<5,dn200,0930,0.5,-1,209,0.583732057416268,0.5159786637605305,-0.139438559024548,132,0.6060606060606061,-0.09359217872528246
NQ,rsi2<5,dn200,0930,1.0,1,32,0.71875,0.546251630618882,0.07300135493979316,17,0.6470588235294118,-0.030369376444479915
NQ,rsi2<5,dn200,0930,1.0,-1,130,0.5923076923076923,0.506362966608373,-0.12084880091450344,93,0.6129032258064516,-0.08256425318145541
NQ,rsi2<5,dn200,0930,1.5,1,25,0.72,0.5242302810344169,0.07654414775105774,15,0.6666666666666666,-0.0006119130652565974
NQ,rsi2<5,dn200,0930,1.5,-1,109,0.5688073394495413,0.47505723335545325,-0.15137133652478416,77,0.5714285714285714,-0.1438110339046905
NQ,rsi2<5,dn200,0930,2.0,1,24,0.7916666666666666,0.5952915551476452,0.18323175312996356,12,0.6666666666666666,-0.0004524571092265432
NQ,rsi2<5,dn200,0930,2.0,-1,93,0.5483870967741935,0.44733119871635174,-0.18235000567929194,66,0.6363636363636364,-0.046223103229143726
NQ,rsi2<5,dn200,0930,3.0,1,23,0.8260869565217391,0.6286194521470433,0.2373987672001963,9,0.7777777777777778,0.1663760182870001
NQ,rsi2<5,dn200,0930,3.0,-1,67,0.582089552238806,0.46269715977486015,-0.12912293771419975,53,0.6037735849056604,-0.0947854367573068
NQ,rsi2<5,dn200,1805,0.5,1,36,0.7222222222222222,0.5600719978365485,0.07345620525841505,23,0.8695652173913043,0.3027488401526341
NQ,rsi2<5,dn200,1805,0.5,-1,195,0.5794871794871795,0.5093201150691229,-0.1451711109856958,130,0.6,-0.10791703978844949
NQ,rsi2<5,dn200,1805,1.0,1,30,0.7,0.5212387898833981,0.04482914110750842,19,0.7894736842105263,0.18337203371743566
NQ,rsi2<5,dn200,1805,1.0,-1,134,0.5895522388059702,0.5048971938717156,-0.12342882607173454,85,0.611764705882353,-0.08474149709774643
NQ,rsi2<5,dn200,1805,1.5,1,27,0.7777777777777778,0.5924270453692919,0.16340352466295777,13,0.7692307692307693,0.1532958602891623
NQ,rsi2<5,dn200,1805,1.5,-1,103,0.5533980582524272,0.45719037245005417,-0.1764922985336516,73,0.5753424657534246,-0.13790058010060896
NQ,rsi2<5,dn200,1805,2.0,1,25,0.76,0.5656994004476144,0.13753451970772207,11,0.7272727272727273,0.09046240959845898
NQ,rsi2<5,dn200,1805,2.0,-1,93,0.5591397849462365,0.4578797367909649,-0.1647354680857906,64,0.625,-0.06319132579135153
NQ,rsi2<5,dn200,1805,3.0,1,21,0.8095238095238095,0.599990134607267,0.21249689859543203,10,0.8,0.19970285752592284
NQ,rsi2<5,dn200,1805,3.0,-1,69,0.5652173913043478,0.4478819321166955,-0.1548013864690344,51,0.5490196078431373,-0.18017846403335153
NQ,rsi2<5,dn50,0930,0.5,1,70,0.6857142857142857,0.5697264161245474,0.018012688437432058,48,0.7916666666666666,0.1856225559932768
NQ,rsi2<5,dn50,0930,0.5,-1,217,0.5668202764976958,0.5002935530997609,-0.1657572582595436,136,0.6176470588235294,-0.07618725683654384
NQ,rsi2<5,dn50,0930,1.0,1,64,0.75,0.6318349082561628,0.11762206513537962,42,0.7142857142857143,0.07041388300275633
NQ,rsi2<5,dn50,0930,1.0,-1,132,0.5984848484848485,0.5132166017556271,-0.11169448590034312,96,0.6145833333333334,-0.07950367522491365
NQ,rsi2<5,dn50,0930,1.5,1,51,0.7647058823529411,0.632375118636542,0.1437602114944472,35,0.7428571428571429,0.11098755542079211
NQ,rsi2<5,dn50,0930,1.5,-1,113,0.5752212389380531,0.4830833737524277,-0.141887604674677,81,0.5679012345679012,-0.14909048857893906
NQ,rsi2<5,dn50,0930,2.0,1,46,0.8260869565217391,0.6927636765607748,0.23589181629631617,31,0.7419354838709677,0.11238178005064761
NQ,rsi2<5,dn50,0930,2.0,-1,95,0.5578947368421052,0.45770915955965324,-0.16807263957093216,69,0.6231884057971014,-0.06597691635799334
NQ,rsi2<5,dn50,0930,3.0,1,43,0.8372093023255814,0.7002730466408176,0.24880487569746979,24,0.75,0.12465524991494055
NQ,rsi2<5,dn50,0930,3.0,-1,73,0.6301369863013698,0.5154917299781843,-0.05703066873773064,57,0.631578947368421,-0.05306695527435532
NQ,rsi2<5,dn50,1805,0.5,1,71,0.7183098591549296,0.604577630038469,0.06731380721318456,49,0.8367346938775511,0.25331058370883913
NQ,rsi2<5,dn50,1805,0.5,-1,201,0.5920398009950248,0.5229890326209544,-0.1264855481491815,133,0.631578947368421,-0.060380982505403136
NQ,rsi2<5,dn50,1805,1.0,1,59,0.6949152542372882,0.5685343274025617,0.03515670946040042,46,0.7391304347826086,0.10771540622105348
NQ,rsi2<5,dn50,1805,1.0,-1,137,0.5985401459854015,0.5148500312284225,-0.11003066771040697,89,0.651685393258427,-0.024769845300003587
NQ,rsi2<5,dn50,1805,1.5,1,54,0.7962962962962963,0.6709743827734083,0.19139902556848049,36,0.8333333333333334,0.2493505668213868
NQ,rsi2<5,dn50,1805,1.5,-1,108,0.5648148148148148,0.4706765816044607,-0.1593977096480924,76,0.6052631578947368,-0.0929952030805411
NQ,rsi2<5,dn50,1805,2.0,1,49,0.7959183673469388,0.6636272988905616,0.19153326189106099,32,0.78125,0.17137666195533036
NQ,rsi2<5,dn50,1805,2.0,-1,97,0.5670103092783505,0.46771404416848805,-0.15296005880081542,68,0.6176470588235294,-0.07421072800184268
NQ,rsi2<5,dn50,1805,3.0,1,41,0.8292682926829268,0.6873709004537024,0.23648980704522546,25,0.8,0.1996707205394762
NQ,rsi2<5,dn50,1805,3.0,-1,74,0.6081081081081081,0.4941931053499984,-0.09038196700915017,54,0.5555555555555556,-0.17018828100313443
NQ,rsi3<20,none,0930,0.5,1,238,0.6764705882352942,0.6146388345027152,0.00275337010149184,186,0.6720430107526881,0.0006397812205040468
NQ,rsi3<20,none,0930,0.5,-1,473,0.6131078224101479,0.5684718970252471,-0.09900543704064732,329,0.6534954407294833,-0.0228501546756656
NQ,rsi3<20,none,0930,1.0,1,211,0.7203791469194313,0.6562939640014918,0.07242965884416903,158,0.6392405063291139,-0.04231129307103131
NQ,rsi3<20,none,0930,1.0,-1,272,0.6102941176470589,0.5511850662010396,-0.0938016863084646,216,0.6481481481481481,-0.029158697014998406
NQ,rsi3<20,none,0930,1.5,1,162,0.7407407407407407,0.6682339287406704,0.10676770895035215,117,0.6495726495726496,-0.03581788538927797
NQ,rsi3<20,none,0930,1.5,-1,183,0.5901639344262295,0.5177659952010065,-0.11939262605364925,152,0.631578947368421,-0.05352383961299667
NQ,rsi3<20,none,0930,2.0,1,134,0.7686567164179104,0.6903742500361434,0.14949394546008704,95,0.6526315789473685,-0.027291404736134863
NQ,rsi3<20,none,0930,2.0,-1,148,0.5945945945945946,0.5140709959732847,-0.11151903345804039,118,0.6186440677966102,-0.07275100369570225
NQ,rsi3<20,none,0930,3.0,1,107,0.7757009345794392,0.6879055661077256,0.16149834435899996,75,0.7333333333333333,0.09913930299997581
NQ,rsi3<20,none,0930,3.0,-1,101,0.6039603960396039,0.5064548776364763,-0.09624307232329403,86,0.5813953488372093,-0.12876353691697212
NQ,rsi3<20,none,1805,0.5,1,237,0.7172995780590717,0.6568552701384325,0.06433674827130585,187,0.6844919786096256,0.024154851617720637
NQ,rsi3<20,none,1805,0.5,-1,447,0.6040268456375839,0.557987212988334,-0.11187810301688436,317,0.6214511041009464,-0.07314620586703471
NQ,rsi3<20,none,1805,1.0,1,191,0.7172774869109948,0.6496162706814863,0.06952152813629055,149,0.7046979865771812,0.05597434322695497
NQ,rsi3<20,none,1805,1.0,-1,259,0.5675675675675675,0.5066787632236354,-0.1571831385382201,188,0.6223404255319149,-0.06830708431604744
NQ,rsi3<20,none,1805,1.5,1,161,0.7267080745341615,0.6531874029593924,0.08574272129121284,113,0.6902654867256637,0.033630096649224235
NQ,rsi3<20,none,1805,1.5,-1,179,0.5642458100558659,0.49100901444444317,-0.15862693026350752,141,0.6312056737588653,-0.055095592215239075
NQ,rsi3<20,none,1805,2.0,1,132,0.7878787878787878,0.7105089952478019,0.17907560446668971,93,0.6989247311827957,0.04750890673049342
NQ,rsi3<20,none,1805,2.0,-1,155,0.5935483870967742,0.5148677004466578,-0.1131260893581998,119,0.6302521008403361,-0.05583561083814033
NQ,rsi3<20,none,1805,3.0,1,106,0.7641509433962265,0.6749843605150814,0.14433150314456197,73,0.7671232876712328,0.14660412388663158
NQ,rsi3<20,none,1805,3.0,-1,105,0.580952380952381,0.4853552056582404,-0.1322891585614237,79,0.5822784810126582,-0.13000285820420432
NQ,rsi3<20,up200,0930,0.5,1,150,0.6466666666666666,0.5673798898960487,-0.04272198155196462,121,0.6859504132231405,0.019279865559220684
NQ,rsi3<20,up200,0930,0.5,-1,60,0.6333333333333333,0.5068276736679673,-0.08361510863122118,38,0.5263157894736842,-0.21256437367158157
NQ,rsi3<20,up200,0930,1.0,1,136,0.7205882352941176,0.6399109364537304,0.07130553994375544,104,0.6538461538461539,-0.02054145415421909
NQ,rsi3<20,up200,0930,1.0,-1,37,0.6756756756756757,0.5146336850482394,0.005270654637104213,26,0.6923076923076923,0.037580039320916206
NQ,rsi3<20,up200,0930,1.5,1,107,0.7289719626168224,0.6379066413678491,0.08857809262872858,75,0.6666666666666666,-0.0036404191418309283
NQ,rsi3<20,up200,0930,1.5,-1,25,0.56,0.37067017019564436,-0.1652640798319539,19,0.6842105263157895,0.025737517940538135
NQ,rsi3<20,up200,0930,2.0,1,90,0.7777777777777778,0.6815249725824009,0.16333614849345324,62,0.7096774193548387,0.06391401406030152
NQ,rsi3<20,up200,0930,2.0,-1,22,0.5909090909090909,0.38734477382893806,-0.1173388695849452,19,0.631578947368421,-0.05309025453313895
NQ,rsi3<20,up200,0930,3.0,1,76,0.7763157894736842,0.6706522065000313,0.16234469639854668,50,0.74,0.10884839755102067
NQ,rsi3<20,up200,0930,3.0,-1,15,0.6,0.357464427565077,-0.10235453775234073,14,0.7142857142857143,0.07115643670658568
NQ,rsi3<20,up200,1805,0.5,1,148,0.7297297297297297,0.653040446442455,0.08276422234044119,121,0.6859504132231405,0.02588190881030189
NQ,rsi3<20,up200,1805,0.5,-1,56,0.6607142857142857,0.5299920896078809,-0.0431770706373053,36,0.6666666666666666,-0.0018177623411132324
NQ,rsi3<20,up200,1805,1.0,1,123,0.7235772357723578,0.6386804892834868,0.07847095825836636,99,0.6767676767676768,0.013944038379561602
NQ,rsi3<20,up200,1805,1.0,-1,34,0.6176470588235294,0.4504071999938267,-0.08095135371028694,21,0.6666666666666666,-0.0008633697595485616
NQ,rsi3<20,up200,1805,1.5,1,106,0.7547169811320755,0.6648534502859221,0.1274918214382478,78,0.6923076923076923,0.03615027205483865
NQ,rsi3<20,up200,1805,1.5,-1,24,0.5833333333333334,0.3883433764938864,-0.1322679803454717,19,0.6842105263157895,0.01813257954657534
NQ,rsi3<20,up200,1805,2.0,1,91,0.7912087912087912,0.6967662422964306,0.1840469830592316,62,0.6935483870967742,0.0397206996619188
NQ,rsi3<20,up200,1805,2.0,-1,24,0.6666666666666666,0.4670595949408046,-0.003389443486422792,17,0.6470588235294118,-0.03357769185837283
NQ,rsi3<20,up200,1805,3.0,1,78,0.7692307692307693,0.6644403349060594,0.15192907405604883,52,0.75,0.12460450442720922
NQ,rsi3<20,up200,1805,3.0,-1,17,0.5882352941176471,0.36005074385515545,-0.12006210414040897,14,0.7142857142857143,0.07115577232893659
NQ,rsi3<20,up50,0930,0.5,1,76,0.7236842105263158,0.6142442230029846,0.07272969834983545,47,0.7021276595744681,0.05050586198008207
NQ,rsi3<20,up50,0930,0.5,-1,38,0.6842105263157895,0.5254394356005149,-0.011393874197109187,23,0.43478260869565216,-0.34989368287598643
NQ,rsi3<20,up50,0930,1.0,1,71,0.7183098591549296,0.604577630038469,0.07104668021178334,40,0.625,-0.06392625331836713
NQ,rsi3<20,up50,0930,1.0,-1,28,0.6785714285714286,0.4933850455563118,0.010355972380540198,18,0.5555555555555556,-0.16763411843275836
NQ,rsi3<20,up50,0930,1.5,1,61,0.7049180327868853,0.5811036064161055,0.053137981109910554,34,0.6176470588235294,-0.07795090993384848
NQ,rsi3<20,up50,0930,1.5,-1,19,0.5263157894736842,0.31707482511825114,-0.2152119008720915,16,0.5625,-0.15690467284111576
NQ,rsi3<20,up50,0930,2.0,1,53,0.7735849056603774,0.6447347199775757,0.15739702976264136,33,0.6666666666666666,-0.0006506366860814248
NQ,rsi3<20,up50,0930,2.0,-1,18,0.4444444444444444,0.24559231101389126,-0.3369818633335259,16,0.625,-0.06297485738426345
NQ,rsi3<20,up50,0930,3.0,1,50,0.72,0.5833461285401034,0.07757313692884826,29,0.6206896551724138,-0.0694162452935146
NQ,rsi3<20,up50,0930,3.0,-1,17,0.5294117647058824,0.30962897311549487,-0.20786729962081743,15,0.6,-0.10032403840050962
NQ,rsi3<20,up50,1805,0.5,1,75,0.72,0.6095909606557163,0.06737955774489825,47,0.6170212765957447,-0.07904351322256763
NQ,rsi3<20,up50,1805,0.5,-1,38,0.6578947368421053,0.49891811629074545,-0.05410866921305602,20,0.65,-0.0268376874955809
NQ,rsi3<20,up50,1805,1.0,1,67,0.7164179104477612,0.5990653510922904,0.06822112819847609,41,0.6829268292682927,0.02304042444034252
NQ,rsi3<20,up50,1805,1.0,-1,25,0.6,0.40739127785127344,-0.10647287388250483,16,0.5625,-0.15723200926167358
NQ,rsi3<20,up50,1805,1.5,1,60,0.75,0.6276768905451521,0.1209117538512479,34,0.6470588235294118,-0.030305249892356324
NQ,rsi3<20,up50,1805,1.5,-1,18,0.5,0.2903070395897999,-0.25447366058217535,16,0.5625,-0.16593079393054835
NQ,rsi3<20,up50,1805,2.0,1,53,0.7735849056603774,0.6447347199775757,0.1574351863613874,31,0.6774193548387096,0.015481552099132325
NQ,rsi3<20,up50,1805,2.0,-1,18,0.5,0.2903070395897999,-0.25339848523725256,16,0.625,-0.06693113841599092
NQ,rsi3<20,up50,1805,3.0,1,49,0.7142857142857143,0.5759085079389967,0.0693002784174358,31,0.6774193548387096,0.015694893737246
NQ,rsi3<20,up50,1805,3.0,-1,17,0.47058823529411764,0.26164801196088106,-0.29647091667123093,15,0.6,-0.10032403840050974
NQ,rsi3<20,dn200,0930,0.5,1,88,0.7272727272727273,0.6261859859635164,0.08026817405624716,65,0.6461538461538462,-0.03405945270233768
NQ,rsi3<20,dn200,0930,0.5,-1,415,0.6096385542168675,0.5619023470812238,-0.10202343685013679,291,0.6701030927835051,0.0019235234062753078
NQ,rsi3<20,dn200,0930,1.0,1,75,0.72,0.6095909606557163,0.07446806111691902,54,0.6111111111111112,-0.08423839024415117
NQ,rsi3<20,dn200,0930,1.0,-1,239,0.5941422594142259,0.5308722800180494,-0.11813822605319982,194,0.6391752577319587,-0.042674932933379366
NQ,rsi3<20,dn200,0930,1.5,1,56,0.75,0.6230710799856808,0.12166276963600556,42,0.6190476190476191,-0.09327764654543343
NQ,rsi3<20,dn200,0930,1.5,-1,163,0.5828220858895705,0.5060682150667803,-0.13029129235034168,136,0.625,-0.06451852343955787
NQ,rsi3<20,dn200,0930,2.0,1,47,0.7446808510638298,0.604915508600796,0.11323668587306378,33,0.5454545454545454,-0.1986470400506517
NQ,rsi3<20,dn200,0930,2.0,-1,132,0.5909090909090909,0.5056164209755144,-0.11696479061820408,104,0.6153846153846154,-0.07767693023606871
NQ,rsi3<20,dn200,0930,3.0,1,37,0.7837837837837838,0.628045387261231,0.1738273163792612,24,0.6666666666666666,-0.0002909046489001643
NQ,rsi3<20,dn200,0930,3.0,-1,87,0.5862068965517241,0.4812140531159266,-0.12284552076703643,76,0.5657894736842105,-0.15224733164543489
NQ,rsi3<20,dn200,1805,0.5,1,89,0.6966292134831461,0.5946267078910946,0.033693308246226884,66,0.6818181818181818,0.020988580097988353
NQ,rsi3<20,dn200,1805,0.5,-1,392,0.5969387755102041,0.5476667424661524,-0.12014319823817281,283,0.6148409893992933,-0.08348239389250667
NQ,rsi3<20,dn200,1805,1.0,1,68,0.7058823529411765,0.5889349573627328,0.053333588356653396,50,0.76,0.1391943468247938
NQ,rsi3<20,dn200,1805,1.0,-1,228,0.5614035087719298,0.49650301066185093,-0.16654241375832113,169,0.6153846153846154,-0.07884820768158907
NQ,rsi3<20,dn200,1805,1.5,1,56,0.6785714285714286,0.548223941560039,0.014065251850298817,35,0.6857142857142857,0.02801370574528353
NQ,rsi3<20,dn200,1805,1.5,-1,161,0.5590062111801242,0.4818224486242884,-0.16610006118198115,125,0.624,-0.06579824900641322
NQ,rsi3<20,dn200,1805,2.0,1,43,0.7441860465116279,0.5976131013174515,0.11342653802417349,31,0.7096774193548387,0.06308483288416405
NQ,rsi3<20,dn200,1805,2.0,-1,135,0.5851851851851851,0.5008403336567293,-0.1256498064023466,104,0.625,-0.06364968006558008
NQ,rsi3<20,dn200,1805,3.0,1,34,0.7352941176470589,0.5688253783710155,0.10109900745478907,22,0.7272727272727273,0.09062912068586032
NQ,rsi3<20,dn200,1805,3.0,-1,91,0.5714285714285714,0.4688956326088688,-0.14674384605033788,68,0.5588235294117647,-0.16569249950217219
NQ,rsi3<20,dn50,0930,0.5,1,162,0.654320987654321,0.5782742566722335,-0.030075030805138497,139,0.6618705035971223,-0.01622141155431728
NQ,rsi3<20,dn50,0930,0.5,-1,436,0.6077981651376146,0.561217782933585,-0.10529549771476482,307,0.6677524429967426,-0.0015385932785399736
NQ,rsi3<20,dn50,0930,1.0,1,142,0.7183098591549296,0.6393274989840095,0.06846932924727306,119,0.6386554621848739,-0.04310464638479456
NQ,rsi3<20,dn50,0930,1.0,-1,248,0.6088709677419355,0.5469154553438071,-0.0960640546078267,202,0.6435643564356436,-0.03607277410349614
NQ,rsi3<20,dn50,0930,1.5,1,105,0.7619047619047619,0.6721111822411754,0.1384724762932144,85,0.6470588235294118,-0.041675593252040836
NQ,rsi3<20,dn50,0930,1.5,-1,169,0.5976331360946746,0.5223236936296336,-0.10815969929333939,139,0.6187050359712231,-0.07285909567442413
NQ,rsi3<20,dn50,0930,2.0,1,88,0.7727272727272727,0.6748552842973525,0.1553268340583747,67,0.6268656716417911,-0.06828041458953954
NQ,rsi3<20,dn50,0930,2.0,-1,135,0.6074074074074074,0.5231529127692575,-0.09225128290330435,107,0.5981308411214953,-0.10355269355438154
NQ,rsi3<20,dn50,0930,3.0,1,71,0.8309859154929577,0.7274065601494254,0.24150147277323733,49,0.7346938775510204,0.10094446369344516
NQ,rsi3<20,dn50,0930,3.0,-1,87,0.5632183908045977,0.45851365231750213,-0.15743836622429908,79,0.5822784810126582,-0.12748289608552402
NQ,rsi3<20,dn50,1805,0.5,1,162,0.7160493827160493,0.6422343797720161,0.06292804018167976,140,0.7071428571428572,0.058800016956960285
NQ,rsi3<20,dn50,1805,0.5,-1,410,0.6,0.5518623099959281,-0.11576979297890878,297,0.6195286195286195,-0.07626462461258715
NQ,rsi3<20,dn50,1805,1.0,1,125,0.72,0.6356327557701335,0.07361927676643154,110,0.7090909090909091,0.06266753806334895
NQ,rsi3<20,dn50,1805,1.0,-1,239,0.5690376569037657,0.5056507750568261,-0.15515665884670343,175,0.6228571428571429,-0.06759895964333605
NQ,rsi3<20,dn50,1805,1.5,1,107,0.7289719626168224,0.6379066413678491,0.08907469993909005,81,0.7037037037037037,0.0534403127474316
NQ,rsi3<20,dn50,1805,1.5,-1,165,0.5757575757575758,0.4994647229488726,-0.1413582214880059,131,0.6183206106870229,-0.07342904198088401
NQ,rsi3<20,dn50,1805,2.0,1,85,0.8,0.7028443198871105,0.19671984527347425,68,0.7205882352941176,0.07985874369329331
NQ,rsi3<20,dn50,1805,2.0,-1,142,0.5915492957746479,0.5093238227154346,-0.1161455708777393,108,0.6203703703703703,-0.0701506040825856
NQ,rsi3<20,dn50,1805,3.0,1,67,0.8059701492537313,0.6958066237584177,0.2036854080793317,46,0.7608695652173914,0.14076523413807981
NQ,rsi3<20,dn50,1805,3.0,-1,90,0.5444444444444444,0.4418444949284148,-0.187320309699969,72,0.5833333333333334,-0.12871976265461232
NQ,ibs<0.2,none,0930,0.5,1,399,0.6641604010025063,0.6164481460935897,-0.018354450703676157,312,0.7051282051282052,0.055488486377527714
NQ,ibs<0.2,none,0930,0.5,-1,702,0.6111111111111112,0.57453669037727,-0.09867908158031115,554,0.6552346570397112,-0.022138705625945897
NQ,ibs<0.2,none,0930,1.0,1,361,0.6869806094182825,0.6373869954440601,0.02359867900778369,288,0.6944444444444444,0.04054619361665271
NQ,ibs<0.2,none,0930,1.0,-1,526,0.6026615969581749,0.5602428519847928,-0.10333817127089594,406,0.6354679802955665,-0.048541305976323126
NQ,ibs<0.2,none,0930,1.5,1,300,0.7366666666666667,0.6840594845533765,0.09808675108868303,248,0.7016129032258065,0.046633065585711425
NQ,ibs<0.2,none,0930,1.5,-1,382,0.599476439790576,0.5495824226203816,-0.10574409656103054,299,0.6521739130434783,-0.022782807183243554
NQ,ibs<0.2,none,0930,2.0,1,257,0.7237354085603113,0.6660753012861398,0.08059722806738355,197,0.7360406091370558,0.1014293799982639
NQ,ibs<0.2,none,0930,2.0,-1,272,0.5919117647058824,0.5326171049503248,-0.11737329626761474,211,0.6350710900473934,-0.048378835696940105
NQ,ibs<0.2,none,0930,3.0,1,169,0.7396449704142012,0.6686797087245316,0.10558544015430983,129,0.7441860465116279,0.11491356303841434
NQ,ibs<0.2,none,0930,3.0,-1,150,0.5733333333333334,0.49332380166580925,-0.14218564518745655,122,0.5819672131147541,-0.12872842933390027
NQ,ibs<0.2,none,1805,0.5,1,397,0.7204030226700252,0.6743036496085163,0.06850473035682757,309,0.6731391585760518,0.007462180574315201
NQ,ibs<0.2,none,1805,0.5,-1,710,0.6140845070422535,0.5777531798484887,-0.09354412759005663,549,0.6338797814207651,-0.053667187783943394
NQ,ibs<0.2,none,1805,1.0,1,361,0.703601108033241,0.6545479361373657,0.046255681372116886,285,0.6842105263157895,0.02512748036421721
NQ,ibs<0.2,none,1805,1.0,-1,519,0.5857418111753372,0.5428830915057143,-0.12853527207645143,404,0.6287128712871287,-0.05917380586458784
NQ,ibs<0.2,none,1805,1.5,1,307,0.739413680781759,0.6875667640241137,0.10350866216360177,236,0.7288135593220338,0.09157700828350665
NQ,ibs<0.2,none,1805,1.5,-1,376,0.6037234042553191,0.5534736233764151,-0.10114713394958225,290,0.6206896551724138,-0.07174972866247203
NQ,ibs<0.2,none,1805,2.0,1,252,0.7301587301587301,0.6722013044888905,0.09182057394364374,195,0.7589743589743589,0.13695258858934423
NQ,ibs<0.2,none,1805,2.0,-1,269,0.5985130111524164,0.5389428646229788,-0.10625056647773791,202,0.6237623762376238,-0.0657506463896111
NQ,ibs<0.2,none,1805,3.0,1,171,0.7485380116959064,0.678535980394046,0.1193194262321019,134,0.7686567164179104,0.1504580931372347
NQ,ibs<0.2,none,1805,3.0,-1,152,0.5855263157894737,0.5060436263488485,-0.12399639193406643,130,0.6,-0.1017794366394703
NQ,ibs<0.2,up200,0930,0.5,1,286,0.6433566433566433,0.5862772595983818,-0.04903157816244639,229,0.7117903930131004,0.06530976780270459
NQ,ibs<0.2,up200,0930,0.5,-1,124,0.5725806451612904,0.4846157151701788,-0.16572676422362295,107,0.6448598130841121,-0.039545698165674076
NQ,ibs<0.2,up200,0930,1.0,1,260,0.6923076923076923,0.6337453604544157,0.03132892990919309,215,0.7116279069767442,0.0662430092788097
NQ,ibs<0.2,up200,0930,1.0,-1,98,0.6530612244897959,0.5546595815062417,-0.027735373100990644,77,0.6493506493506493,-0.026856389811752358
NQ,ibs<0.2,up200,0930,1.5,1,222,0.7297297297297297,0.6677695592418674,0.08658259943320347,189,0.7195767195767195,0.0770144879006024
NQ,ibs<0.2,up200,0930,1.5,-1,69,0.5217391304347826,0.4058705117523249,-0.22560024545068774,56,0.6785714285714286,0.016243811676655645
NQ,ibs<0.2,up200,0930,2.0,1,192,0.71875,0.6513422642131048,0.07268071266615073,153,0.7647058823529411,0.14647338145299704
NQ,ibs<0.2,up200,0930,2.0,-1,58,0.5689655172413793,0.44117876705727427,-0.14989767974618645,44,0.6818181818181818,0.02230801420127855
NQ,ibs<0.2,up200,0930,3.0,1,128,0.7421875,0.6601292060624501,0.10884272287471652,102,0.7647058823529411,0.14540573251430472
NQ,ibs<0.2,up200,0930,3.0,-1,31,0.5806451612903226,0.40765964352020967,-0.13134286713910132,24,0.7083333333333334,0.06223323115362414
NQ,ibs<0.2,up200,1805,0.5,1,285,0.7263157894736842,0.67179991823085,0.07736505959231979,226,0.6858407079646017,0.026340688203651152
NQ,ibs<0.2,up200,1805,0.5,-1,124,0.5564516129032258,0.46861852323138425,-0.18713600290060967,105,0.6761904761904762,0.012554344073764899
NQ,ibs<0.2,up200,1805,1.0,1,260,0.7076923076923077,0.6497034000128865,0.05122421862919907,209,0.6842105263157895,0.025006375790637324
NQ,ibs<0.2,up200,1805,1.0,-1,93,0.5161290322580645,0.4159537133977669,-0.2337663139308542,78,0.6666666666666666,-0.0022626995408536856
NQ,ibs<0.2,up200,1805,1.5,1,229,0.74235807860262,0.6820426334930825,0.1073556336214325,180,0.75,0.12377803627130118
NQ,ibs<0.2,up200,1805,1.5,-1,67,0.5522388059701493,0.4335740153183886,-0.181968606534072,50,0.66,-0.012351030405307885
NQ,ibs<0.2,up200,1805,2.0,1,189,0.7301587301587301,0.6627565498303744,0.09169962301379679,146,0.7671232876712328,0.15010704600629793
NQ,ibs<0.2,up200,1805,2.0,-1,57,0.5789473684210527,0.4497991014068138,-0.13494188538287624,40,0.725,0.08709792357173826
NQ,ibs<0.2,up200,1805,3.0,1,129,0.751937984496124,0.6708471408475244,0.12397453746041653,107,0.7850467289719626,0.17701180224515617
NQ,ibs<0.2,up200,1805,3.0,-1,32,0.625,0.45254100589525126,-0.06502546256284031,30,0.7333333333333333,0.0997398919312668
NQ,ibs<0.2,up50,0930,0.5,1,207,0.6763285024154589,0.6098788943108419,-0.001044920563398522,163,0.6809815950920245,0.018952050919916013
NQ,ibs<0.2,up50,0930,0.5,-1,156,0.5961538461538461,0.5177404545496602,-0.12429828044411505,140,0.65,-0.030682851395493056
NQ,ibs<0.2,up50,0930,1.0,1,191,0.6910994764397905,0.6223447323263178,0.028456996087902878,155,0.7032258064516129,0.05358506445772684
NQ,ibs<0.2,up50,0930,1.0,-1,131,0.5648854961832062,0.47933565452086124,-0.15895262605432275,111,0.6486486486486487,-0.027939747310028747
NQ,ibs<0.2,up50,0930,1.5,1,166,0.7108433734939759,0.6377229915781075,0.057645504901268775,137,0.7299270072992701,0.09387750756712221
NQ,ibs<0.2,up50,0930,1.5,-1,99,0.48484848484848486,0.3888205792655413,-0.2790140738772589,93,0.6666666666666666,-0.0012423995302629689
NQ,ibs<0.2,up50,0930,2.0,1,146,0.678082191780822,0.5985684283399851,0.010645637230203085,115,0.8,0.1994098401405053
NQ,ibs<0.2,up50,0930,2.0,-1,80,0.525,0.41695451180328746,-0.2154567690944627,74,0.6486486486486487,-0.027532641762676457
NQ,ibs<0.2,up50,0930,3.0,1,108,0.7314814814814815,0.6410086613886575,0.09424456264225368,86,0.7674418604651163,0.15075334539837118
NQ,ibs<0.2,up50,0930,3.0,-1,55,0.4909090909090909,0.36376560487101584,-0.2657222277400205,42,0.5714285714285714,-0.1431918263853859
NQ,ibs<0.2,up50,1805,0.5,1,207,0.7342995169082126,0.6702552970191578,0.08829481780389625,160,0.68125,0.019349782239604645
NQ,ibs<0.2,up50,1805,0.5,-1,162,0.6234567901234568,0.546798721616758,-0.0816422766772302,141,0.6524822695035462,-0.023124933825776052
NQ,ibs<0.2,up50,1805,1.0,1,192,0.6875,0.6187999478210462,0.01872711496790634,151,0.6887417218543046,0.031721112555064816
NQ,ibs<0.2,up50,1805,1.0,-1,125,0.496,0.40978473414855004,-0.2626289020512179,111,0.6306306306306306,-0.05598091666599904
NQ,ibs<0.2,up50,1805,1.5,1,171,0.7017543859649122,0.6293636747779845,0.045645419695785026,131,0.7404580152671756,0.10987699283812086
NQ,ibs<0.2,up50,1805,1.5,-1,100,0.53,0.4328868313724773,-0.2122461875781969,90,0.6555555555555556,-0.01869238193525795
NQ,ibs<0.2,up50,1805,2.0,1,144,0.6736111111111112,0.5933813653547764,0.00623854118184088,112,0.7857142857142857,0.17645461769822735
NQ,ibs<0.2,up50,1805,2.0,-1,76,0.5263157894736842,0.4155183265272202,-0.21454625818789547,72,0.6666666666666666,-0.00045822596198049254
NQ,ibs<0.2,up50,1805,3.0,1,109,0.7155963302752294,0.6246952697236742,0.07098263457657851,86,0.8023255813953488,0.2030966712146272
NQ,ibs<0.2,up50,1805,3.0,-1,55,0.5454545454545454,0.41522461348360484,-0.18388877331795828,50,0.66,-0.010496794607996952
NQ,ibs<0.2,dn200,0930,0.5,1,113,0.7168141592920354,0.6276799988395914,0.05928854445745909,83,0.6867469879518072,0.02839121593938905
NQ,ibs<0.2,dn200,0930,0.5,-1,579,0.6183074265975821,0.5780796653090584,-0.08589519571538654,447,0.6577181208053692,-0.017971931125384557
NQ,ibs<0.2,dn200,0930,1.0,1,102,0.6764705882352942,0.5807086142752788,0.00850098793307016,74,0.6486486486486487,-0.02791149988862577
NQ,ibs<0.2,dn200,0930,1.0,-1,434,0.5944700460829493,0.5476425787230365,-0.11558586442239187,332,0.6325301204819277,-0.05328759078101754
NQ,ibs<0.2,dn200,0930,1.5,1,82,0.7195121951219512,0.6141472358011005,0.07534804540114225,60,0.6333333333333333,-0.06652358265285031
NQ,ibs<0.2,dn200,0930,1.5,-1,324,0.6234567901234568,0.569541506169063,-0.06906156071025639,244,0.6475409836065574,-0.02974615409353223
NQ,ibs<0.2,dn200,0930,2.0,1,70,0.7,0.584554617438188,0.0462753576399083,46,0.6304347826086957,-0.0636925760790709
NQ,ibs<0.2,dn200,0930,2.0,-1,227,0.6035242290748899,0.5386742110007199,-0.10008757050880894,170,0.6176470588235294,-0.07465409981535058
NQ,ibs<0.2,dn200,0930,3.0,1,44,0.75,0.6055915019158504,0.12290709693908367,28,0.6428571428571429,-0.03599566545022773
NQ,ibs<0.2,dn200,0930,3.0,-1,131,0.5877862595419847,0.5021640639675548,-0.12043186134258838,102,0.5588235294117647,-0.16371935354771677
NQ,ibs<0.2,dn200,1805,0.5,1,112,0.7053571428571429,0.6152493563162676,0.045958356855798264,83,0.6385542168674698,-0.0439419486332743
NQ,ibs<0.2,dn200,1805,0.5,-1,587,0.6252129471890971,0.585357794572308,-0.07533592511554384,445,0.6224719101123596,-0.07142454184153876
NQ,ibs<0.2,dn200,1805,1.0,1,103,0.6990291262135923,0.6046036532800895,0.04241822772038357,76,0.6842105263157895,0.025460517941561928
NQ,ibs<0.2,dn200,1805,1.0,-1,430,0.6023255813953489,0.555356316294949,-0.10345784718544576,328,0.6189024390243902,-0.07387664895488087
NQ,ibs<0.2,dn200,1805,1.5,1,84,0.7142857142857143,0.6099775866784931,0.06742121940449093,57,0.6666666666666666,-0.0029510715707621814
NQ,ibs<0.2,dn200,1805,1.5,-1,318,0.6194968553459119,0.5650076486371465,-0.07663247089483127,240,0.6125,-0.08412445746604788
NQ,ibs<0.2,dn200,1805,2.0,1,69,0.7101449275362319,0.5942832702456184,0.06208860927659465,51,0.7254901960784313,0.08410489937791833
NQ,ibs<0.2,dn200,1805,2.0,-1,222,0.6126126126126126,0.547132194605157,-0.08528046822162011,165,0.6,-0.10161830336324315
NQ,ibs<0.2,dn200,1805,3.0,1,47,0.7446808510638298,0.604915508600796,0.11497476270634568,28,0.6785714285714286,0.00788515645259455
NQ,ibs<0.2,dn200,1805,3.0,-1,133,0.5939849624060151,0.509022020202548,-0.11111346789039589,104,0.5576923076923077,-0.16583327208019222
NQ,ibs<0.2,dn50,0930,0.5,1,192,0.6510416666666666,0.5812564526919826,-0.037016287886162964,149,0.7315436241610739,0.09545787550229756
NQ,ibs<0.2,dn50,0930,0.5,-1,546,0.6153846153846154,0.5739051690280274,-0.09135931047636718,416,0.6586538461538461,-0.01675723023946357
NQ,ibs<0.2,dn50,0930,1.0,1,171,0.6842105263157895,0.6111430012146946,0.020920095279379575,137,0.6715328467153284,0.006328950029842836
NQ,ibs<0.2,dn50,0930,1.0,-1,404,0.6113861386138614,0.5630181208613578,-0.09055985943658858,307,0.6351791530944625,-0.04923748350011307
NQ,ibs<0.2,dn50,0930,1.5,1,142,0.7464788732394366,0.6690842062155706,0.11484767417785696,115,0.6608695652173913,-0.01999183149289617
NQ,ibs<0.2,dn50,0930,1.5,-1,293,0.6279863481228669,0.5713195541484354,-0.06252701967468983,222,0.6396396396396397,-0.04163222611212439
NQ,ibs<0.2,dn50,0930,2.0,1,120,0.7833333333333333,0.7014547414958805,0.17188618174480016,91,0.6593406593406593,-0.015989635533786337
NQ,ibs<0.2,dn50,0930,2.0,-1,218,0.6192660550458715,0.5532698506765957,-0.07696745516894578,147,0.6326530612244898,-0.05196129158624593
NQ,ibs<0.2,dn50,0930,3.0,1,82,0.7926829268292683,0.6928322530568152,0.18451482742978284,53,0.6981132075471698,0.044220340561330444
NQ,ibs<0.2,dn50,0930,3.0,-1,117,0.5811965811965812,0.4906115223409661,-0.1304698727793828,93,0.5806451612903226,-0.13113284689330126
NQ,ibs<0.2,dn50,1805,0.5,1,190,0.7052631578947368,0.6368826241012703,0.046943950875021144,149,0.6644295302013423,-0.005303029267606355
NQ,ibs<0.2,dn50,1805,0.5,-1,548,0.6113138686131386,0.5698609922040679,-0.09706255796939585,408,0.6274509803921569,-0.0642222314312512
NQ,ibs<0.2,dn50,1805,1.0,1,172,0.7209302325581395,0.6496304488202622,0.07604227067505936,138,0.6811594202898551,0.020783501667397883
NQ,ibs<0.2,dn50,1805,1.0,-1,400,0.605,0.5563117510251911,-0.09982695152628888,301,0.6312292358803987,-0.05547804059232511
NQ,ibs<0.2,dn50,1805,1.5,1,146,0.7671232876712328,0.6922530963410887,0.1466808978107848,109,0.7064220183486238,0.05702345186287857
NQ,ibs<0.2,dn50,1805,1.5,-1,291,0.6288659793814433,0.5720163833532005,-0.06301724646632734,207,0.5893719806763285,-0.11862340521505728
NQ,ibs<0.2,dn50,1805,2.0,1,120,0.7916666666666666,0.7105215895553653,0.1842370668032137,92,0.717391304347826,0.07541502745906364
NQ,ibs<0.2,dn50,1805,2.0,-1,221,0.6289592760180995,0.5635723528457032,-0.06080111969464466,144,0.6041666666666666,-0.09552223694626008
NQ,ibs<0.2,dn50,1805,3.0,1,85,0.8117647058823529,0.7158877949459186,0.21309622615381074,55,0.7090909090909091,0.058059710851348575
NQ,ibs<0.2,dn50,1805,3.0,-1,122,0.5737704918032787,0.4850849448077339,-0.14163648401212978,86,0.5465116279069767,-0.18263922849041636
NQ,dn>=2,none,0930,0.5,1,429,0.6666666666666666,0.6207523569900969,-0.013583676835200797,317,0.6529968454258676,-0.026362134165879316
NQ,dn>=2,none,0930,0.5,-1,615,0.6113821138211382,0.5722797867422094,-0.09797231962579038,457,0.6367614879649891,-0.04892139297614318
NQ,dn>=2,none,0930,1.0,1,378,0.6798941798941799,0.6312562190758155,0.0074330924198382,261,0.6704980842911877,0.0031809396892612165
NQ,dn>=2,none,0930,1.0,-1,416,0.59375,0.5459044727881537,-0.11703778699654749,326,0.6503067484662577,-0.025856463562108876
NQ,dn>=2,none,0930,1.5,1,299,0.6923076923076923,0.6378286408982902,0.032392672470798196,205,0.6829268292682927,0.022281626267715203
NQ,dn>=2,none,0930,1.5,-1,297,0.5925925925925926,0.5358737770799232,-0.11671897154145017,240,0.6458333333333334,-0.03249764633937326
NQ,dn>=2,none,0930,2.0,1,238,0.7184873949579832,0.6582281097907863,0.07416717090760297,170,0.7058823529411765,0.057506029831486734
NQ,dn>=2,none,0930,2.0,-1,231,0.6017316017316018,0.5374332928742465,-0.10166522297220089,169,0.6331360946745562,-0.05104321114168328
NQ,dn>=2,none,0930,3.0,1,160,0.725,0.651149022400604,0.08397981634811538,114,0.7280701754385965,0.09098596902608705
NQ,dn>=2,none,0930,3.0,-1,141,0.5886524822695035,0.5061277922807452,-0.1192258810134646,112,0.5892857142857143,-0.11695244595020468
NQ,dn>=2,none,1805,0.5,1,428,0.7289719626168224,0.684962221429982,0.08134385952618717,319,0.6802507836990596,0.011031837179354454
NQ,dn>=2,none,1805,0.5,-1,608,0.5986842105263158,0.5592197109889651,-0.11637232290663306,441,0.6417233560090703,-0.04215717750315322
NQ,dn>=2,none,1805,1.0,1,363,0.7079889807162535,0.6592303140910594,0.051234951073033747,250,0.656,-0.018322072783092867
NQ,dn>=2,none,1805,1.0,-1,400,0.5725,0.5235544015629189,-0.14910042319712485,308,0.6655844155844156,-0.005203430723175023
NQ,dn>=2,none,1805,1.5,1,300,0.71,0.6562534723961281,0.05876985130749663,195,0.6564102564102564,-0.016745649479956777
NQ,dn>=2,none,1805,1.5,-1,293,0.5836177474402731,0.5264456735937247,-0.12997068385180413,243,0.654320987654321,-0.020302129496679804
NQ,dn>=2,none,1805,2.0,1,248,0.7298387096774194,0.6713782794837674,0.0911757887038249,163,0.6809815950920245,0.02079310671051235
NQ,dn>=2,none,1805,2.0,-1,223,0.57847533632287,0.5128714308628165,-0.1373744675187053,177,0.6440677966101694,-0.03540136725931864
NQ,dn>=2,none,1805,3.0,1,164,0.7195121951219512,0.6463379580115902,0.07540411541733785,120,0.7166666666666667,0.07386443286028195
NQ,dn>=2,none,1805,3.0,-1,134,0.582089552238806,0.497431563508755,-0.12924679494006272,118,0.6271186440677966,-0.059917949264370995
NQ,dn>=2,up200,0930,0.5,1,310,0.6516129032258065,0.5970103307353403,-0.03671101685129685,228,0.6710526315789473,-0.00041204579773498944
NQ,dn>=2,up200,0930,0.5,-1,105,0.6571428571428571,0.5622487220894159,-0.029193990964535715,70,0.6285714285714286,-0.05894629214682578
NQ,dn>=2,up200,0930,1.0,1,284,0.6901408450704225,0.634119692562882,0.023015536280950228,194,0.6907216494845361,0.03306436969234562
NQ,dn>=2,up200,0930,1.0,-1,70,0.6142857142857143,0.4971552064563055,-0.08590904604946745,50,0.7,0.0491659481732537
NQ,dn>=2,up200,0930,1.5,1,230,0.6826086956521739,0.6198740214725222,0.01710658741195971,150,0.6933333333333334,0.03779481390794267
NQ,dn>=2,up200,0930,1.5,-1,53,0.5849056603773585,0.45094182384453757,-0.12699504975557843,40,0.65,-0.025579239790242857
NQ,dn>=2,up200,0930,2.0,1,180,0.7111111111111111,0.6410321758830888,0.06305990964701433,129,0.7286821705426356,0.09244381063217207
NQ,dn>=2,up200,0930,2.0,-1,46,0.6086956521739131,0.4645658371764493,-0.09436814213603405,31,0.6774193548387096,0.015406547626089825
NQ,dn>=2,up200,0930,3.0,1,121,0.7272727272727273,0.64184185941249,0.08694350353093473,89,0.7528089887640449,0.12882466242594842
NQ,dn>=2,up200,0930,3.0,-1,28,0.5357142857142857,0.3581239514210167,-0.19877060416350661,19,0.631578947368421,-0.05291659002888488
NQ,dn>=2,up200,1805,0.5,1,312,0.7339743589743589,0.6823124412845573,0.08864495546277042,229,0.6768558951965066,0.0029611389785274764
NQ,dn>=2,up200,1805,0.5,-1,105,0.6285714285714286,0.5331435691527342,-0.07091073224542599,68,0.75,0.12339397266968216
NQ,dn>=2,up200,1805,1.0,1,275,0.7236363636363636,0.6679748153978866,0.07420596333863194,186,0.6290322580645161,-0.0592599465861069
NQ,dn>=2,up200,1805,1.0,-1,72,0.5833333333333334,0.4680748922563983,-0.13159899119983226,51,0.7450980392156863,0.11619184559102551
NQ,dn>=2,up200,1805,1.5,1,229,0.7161572052401747,0.6545691253193241,0.06725085062864541,150,0.6733333333333333,0.008798401329721685
NQ,dn>=2,up200,1805,1.5,-1,49,0.5510204081632653,0.41314866799678107,-0.17804793685614098,38,0.7105263157894737,0.06524437329731207
NQ,dn>=2,up200,1805,2.0,1,188,0.7393617021276596,0.6722637551785074,0.10547537889319115,127,0.6929133858267716,0.03876985179607072
NQ,dn>=2,up200,1805,2.0,-1,43,0.5581395348837209,0.4110735806551171,-0.17053468816765618,32,0.6875,0.03083999502990288
NQ,dn>=2,up200,1805,3.0,1,127,0.7165354330708661,0.632692704919609,0.070420272580169,96,0.7291666666666666,0.09333274706824703
NQ,dn>=2,up200,1805,3.0,-1,27,0.5185185185185185,0.3398532458621043,-0.22474745943746022,23,0.6521739130434783,-0.02202956638547098
NQ,dn>=2,up50,0930,0.5,1,232,0.6681034482758621,0.6052036261667828,-0.013123239516545291,164,0.6585365853658537,-0.015734394170028723
NQ,dn>=2,up50,0930,0.5,-1,123,0.6260162601626016,0.537906947789263,-0.0720295765449159,92,0.6086956521739131,-0.08882246137238188
NQ,dn>=2,up50,0930,1.0,1,208,0.6730769230769231,0.6066911380156328,-0.004536152327317861,134,0.6940298507462687,0.03705923042409843
NQ,dn>=2,up50,0930,1.0,-1,91,0.5714285714285714,0.4688956326088688,-0.1492900835314103,71,0.647887323943662,-0.02905502695317301
NQ,dn>=2,up50,0930,1.5,1,174,0.6551724137931034,0.5818817980557094,-0.024697897574314065,113,0.6991150442477876,0.046458173899497135
NQ,dn>=2,up50,0930,1.5,-1,77,0.5974025974025974,0.48576649330491517,-0.1122942296615693,63,0.6507936507936508,-0.02441959129206562
NQ,dn>=2,up50,0930,2.0,1,146,0.684931506849315,0.6056576558596297,0.02338948209454782,96,0.71875,0.07752484582157408
NQ,dn>=2,up50,0930,2.0,-1,64,0.609375,0.486916942944024,-0.09207418007104369,56,0.6607142857142857,-0.009550455069367081
NQ,dn>=2,up50,0930,3.0,1,108,0.7314814814814815,0.6410086613886575,0.09501220862678297,70,0.7142857142857143,0.06979701386759206
NQ,dn>=2,up50,0930,3.0,-1,46,0.5217391304347826,0.38137172148151327,-0.21941990292541863,31,0.5483870967741935,-0.1777591965553008
NQ,dn>=2,up50,1805,0.5,1,231,0.7272727272727273,0.6664722330570306,0.07773444229781745,166,0.6746987951807228,0.0053564222263768725
NQ,dn>=2,up50,1805,0.5,-1,123,0.6341463414634146,0.5461600852628291,-0.05966882547448811,92,0.6956521739130435,0.04170201301965923
NQ,dn>=2,up50,1805,1.0,1,202,0.7029702970297029,0.6366425490369356,0.0417656228231968,133,0.6466165413533834,-0.031392727635596855
NQ,dn>=2,up50,1805,1.0,-1,90,0.5555555555555556,0.4527174112548652,-0.1722436864001932,72,0.6805555555555556,0.019481973961108786
NQ,dn>=2,up50,1805,1.5,1,172,0.6918604651162791,0.6192941428045027,0.029930305830973402,109,0.6697247706422018,0.003750447494659668
NQ,dn>=2,up50,1805,1.5,-1,71,0.5492957746478874,0.4340086039234117,-0.17989863220001376,61,0.6557377049180327,-0.018810645695413894
NQ,dn>=2,up50,1805,2.0,1,151,0.7152317880794702,0.6386060721615949,0.06927157375898432,100,0.69,0.034388460510590614
NQ,dn>=2,up50,1805,2.0,-1,59,0.5423728813559322,0.4165761502342809,-0.19595897516525515,55,0.6727272727272727,0.008640088000234889
NQ,dn>=2,up50,1805,3.0,1,108,0.6851851851851852,0.5925128648973632,0.024929458567708323,77,0.7272727272727273,0.08946838820282102
NQ,dn>=2,up50,1805,3.0,-1,47,0.46808510638297873,0.33331462168462633,-0.3000680860206917,35,0.6571428571428571,-0.014594161010169079
NQ,dn>=2,dn200,0930,0.5,1,119,0.7058823529411765,0.6186102050180589,0.046664015643704905,89,0.6067415730337079,-0.09284101223258609
NQ,dn>=2,dn200,0930,0.5,-1,510,0.6019607843137255,0.5588674655569748,-0.11213256376193106,387,0.6382428940568475,-0.047108103720464166
NQ,dn>=2,dn200,0930,1.0,1,94,0.648936170212766,0.5483301998756748,-0.03964578052224495,68,0.6176470588235294,-0.07477603264453048
NQ,dn>=2,dn200,0930,1.0,-1,349,0.5873925501432665,0.535063501186751,-0.12661536147255206,277,0.6425992779783394,-0.037502056981867815
NQ,dn>=2,dn200,0930,1.5,1,72,0.7083333333333334,0.5949403922510519,0.05748353806159607,56,0.6428571428571429,-0.037538673437917516
NQ,dn>=2,dn200,0930,1.5,-1,254,0.5984251968503937,0.5371040715811258,-0.10814213908057517,204,0.6470588235294118,-0.031502234584968286
NQ,dn>=2,dn200,0930,2.0,1,61,0.7213114754098361,0.5982833136872678,0.07848371035722015,42,0.6190476190476191,-0.07499367282399164
NQ,dn>=2,dn200,0930,2.0,-1,191,0.5968586387434555,0.5260445926469302,-0.10887403353785004,142,0.6126760563380281,-0.08173593076968243
NQ,dn>=2,dn200,0930,3.0,1,45,0.6888888888888889,0.5433492001245104,0.031244560055980083,27,0.5925925925925926,-0.11458613941558575
NQ,dn>=2,dn200,0930,3.0,-1,119,0.6050420168067226,0.5152473444421884,-0.09456184121724794,98,0.5816326530612245,-0.12852079142963932
NQ,dn>=2,dn200,1805,0.5,1,116,0.7155172413793104,0.6275363265631698,0.06170642907606665,90,0.6888888888888889,0.03156728037923648
NQ,dn>=2,dn200,1805,0.5,-1,504,0.5932539682539683,0.5498185210216074,-0.12462952987692201,373,0.6219839142091153,-0.07233808423707495
NQ,dn>=2,dn200,1805,1.0,1,89,0.651685393258427,0.5482912406815135,-0.031643471849968456,64,0.734375,0.10065362295691664
NQ,dn>=2,dn200,1805,1.0,-1,333,0.5705705705705706,0.5168975779633411,-0.15221552635896063,258,0.6511627906976745,-0.027244209464912468
NQ,dn>=2,dn200,1805,1.5,1,72,0.6805555555555556,0.5660743422203383,0.01701360269809154,47,0.6170212765957447,-0.07629826340381418
NQ,dn>=2,dn200,1805,1.5,-1,250,0.592,0.5301320093936375,-0.11749530796472878,206,0.6456310679611651,-0.033558643150659505
NQ,dn>=2,dn200,1805,2.0,1,62,0.6935483870967742,0.5703254906920545,0.036700658373379075,39,0.6410256410256411,-0.03937606670807782
NQ,dn>=2,dn200,1805,2.0,-1,185,0.5837837837837838,0.5117526576609971,-0.12879695532050026,146,0.6301369863013698,-0.05683911360876048
NQ,dn>=2,dn200,1805,3.0,1,42,0.7142857142857143,0.5643250392275445,0.06936851339371933,26,0.6538461538461539,-0.02295440731660411
NQ,dn>=2,dn200,1805,3.0,-1,114,0.5877192982456141,0.49593691926246675,-0.12072605036859746,95,0.6105263157894737,-0.08492756378536094
NQ,dn>=2,dn50,0930,0.5,1,197,0.6649746192893401,0.5964642715741142,-0.01412591773838899,153,0.6470588235294118,-0.03775396004378452
NQ,dn>=2,dn50,0930,0.5,-1,493,0.6085192697768763,0.5647539945038418,-0.10325673662827152,368,0.6440217391304348,-0.038560445479193295
NQ,dn>=2,dn50,0930,1.0,1,174,0.6896551724137931,0.6174399733093999,0.024288754781201773,129,0.6434108527131783,-0.03595121889368248
NQ,dn>=2,dn50,0930,1.0,-1,331,0.6012084592145015,0.5475873058187056,-0.10612544845359054,263,0.6501901140684411,-0.02613425545404886
NQ,dn>=2,dn50,0930,1.5,1,136,0.7352941176470589,0.6554228370952382,0.09878425338201315,98,0.673469387755102,0.008312031404736613
NQ,dn>=2,dn50,0930,1.5,-1,241,0.6099585062240664,0.5471120091211226,-0.08956543369465324,190,0.6368421052631579,-0.046153140568467185
NQ,dn>=2,dn50,0930,2.0,1,112,0.7589285714285714,0.6719772196747675,0.13544115615757876,81,0.691358024691358,0.03493267987482588
NQ,dn>=2,dn50,0930,2.0,-1,188,0.601063829787234,0.529716327022195,-0.10258310933683848,129,0.5891472868217055,-0.11706290328331723
NQ,dn>=2,dn50,0930,3.0,1,82,0.8048780487804879,0.7062960982698093,0.20275550372275936,51,0.7254901960784313,0.08716738229065818
NQ,dn>=2,dn50,0930,3.0,-1,110,0.5909090909090909,0.49747095246184675,-0.11589972422129817,88,0.5909090909090909,-0.11447965737738354
NQ,dn>=2,dn50,1805,0.5,1,197,0.7309644670050761,0.6650564854855653,0.08557622185996082,153,0.6862745098039216,0.017189476932258255
NQ,dn>=2,dn50,1805,0.5,-1,486,0.5905349794238683,0.5462720458630831,-0.1294801220098195,349,0.6275071633237822,-0.06426332514813529
NQ,dn>=2,dn50,1805,1.0,1,164,0.7134146341463414,0.6399481839679753,0.06183928715577044,121,0.6694214876033058,0.0007557697502771753
NQ,dn>=2,dn50,1805,1.0,-1,313,0.5750798722044729,0.5197301404534754,-0.14587461745976635,242,0.6570247933884298,-0.018643349895793183
NQ,dn>=2,dn50,1805,1.5,1,135,0.7333333333333333,0.6530362279215536,0.0959405861247748,91,0.6593406593406593,-0.012936118453631965
NQ,dn>=2,dn50,1805,1.5,-1,235,0.5914893617021276,0.527659098850821,-0.11883453128815179,187,0.6363636363636364,-0.04700628567700017
NQ,dn>=2,dn50,1805,2.0,1,115,0.7652173913043478,0.6799560029579482,0.14431358093189497,74,0.6756756756756757,0.012775841065722266
NQ,dn>=2,dn50,1805,2.0,-1,187,0.5882352941176471,0.516610151639168,-0.12114853900625319,134,0.6194029850746269,-0.07274378394911242
NQ,dn>=2,dn50,1805,3.0,1,77,0.7792207792207793,0.6745672277887955,0.16398435137034456,50,0.7,0.04947369731469422
NQ,dn>=2,dn50,1805,3.0,-1,109,0.5871559633027523,0.49329742159467677,-0.12166866886574933,86,0.6162790697674418,-0.07614497325078175
NQ,dn>=3,none,0930,0.5,1,174,0.7011494252873564,0.6293863893994311,0.03775713726651407,149,0.6442953020134228,-0.041750950456094615
NQ,dn>=3,none,0930,0.5,-1,349,0.6160458452722063,0.5640194233422889,-0.08999751949310687,243,0.6131687242798354,-0.08426514845765866
NQ,dn>=3,none,0930,1.0,1,156,0.7371794871794872,0.6630033116659751,0.09934130118422634,129,0.6511627906976745,-0.024390766652162225
NQ,dn>=3,none,0930,1.0,-1,231,0.6103896103896104,0.5461860213112858,-0.09208519555632678,171,0.6374269005847953,-0.04541083706345415
NQ,dn>=3,none,0930,1.5,1,132,0.7575757575757576,0.6778566120606642,0.1325060650115808,104,0.6923076923076923,0.03684828222190139
NQ,dn>=3,none,0930,1.5,-1,191,0.5916230366492147,0.5207739554808248,-0.11814559984959934,144,0.6458333333333334,-0.03208188956795663
NQ,dn>=3,none,0930,2.0,1,122,0.7786885245901639,0.6971519890996948,0.16331268320463138,95,0.6947368421052632,0.04023963898317714
NQ,dn>=3,none,0930,2.0,-1,156,0.5769230769230769,0.49846065340845086,-0.13790442978848547,120,0.6416666666666667,-0.038574493489968616
NQ,dn>=3,none,0930,3.0,1,100,0.78,0.6892946528499969,0.16801422275817937,75,0.7333333333333333,0.09963676160580177
NQ,dn>=3,none,0930,3.0,-1,110,0.5818181818181818,0.4884039805903501,-0.12990279877505911,86,0.5930232558139535,-0.11145120793635784
NQ,dn>=3,none,1805,0.5,1,176,0.7159090909090909,0.6452232690501954,0.061908775759003935,149,0.7114093959731543,0.06446077774573059
NQ,dn>=3,none,1805,0.5,-1,336,0.5922619047619048,0.5389610799567572,-0.1252832220984629,235,0.6212765957446809,-0.07369388586568641
NQ,dn>=3,none,1805,1.0,1,146,0.7534246575342466,0.6776086697612577,0.12344944352587496,124,0.7016129032258065,0.0513484876471375
NQ,dn>=3,none,1805,1.0,-1,226,0.5663716814159292,0.5011832336365061,-0.15722862480201075,165,0.6424242424242425,-0.03759583849899006
NQ,dn>=3,none,1805,1.5,1,131,0.7862595419847328,0.708430809185298,0.17575202158258718,99,0.7373737373737373,0.10476099936654489
NQ,dn>=3,none,1805,1.5,-1,182,0.5604395604395604,0.4878186886066103,-0.16756158677201152,138,0.6159420289855072,-0.07693423858448947
NQ,dn>=3,none,1805,2.0,1,114,0.8070175438596491,0.7250557059201088,0.20774901349319141,91,0.7362637362637363,0.10386551814743872
NQ,dn>=3,none,1805,2.0,-1,154,0.5974025974025974,0.5184859386543994,-0.10741776529281642,124,0.6370967741935484,-0.04497568277811657
NQ,dn>=3,none,1805,3.0,1,98,0.7755102040816326,0.6834165090713726,0.16127344862433501,70,0.7285714285714285,0.09249518434942748
NQ,dn>=3,none,1805,3.0,-1,111,0.5765765765765766,0.4836090869599066,-0.13852006284175525,84,0.6071428571428571,-0.0898231204060282
NQ,dn>=3,up200,0930,0.5,1,113,0.6371681415929203,0.5453576101068519,-0.06002126281387779,102,0.6176470588235294,-0.0846623063100634
NQ,dn>=3,up200,0930,0.5,-1,56,0.6071428571428571,0.476331653784818,-0.10739920448186406,31,0.6451612903225806,-0.034081771051463094
NQ,dn>=3,up200,0930,1.0,1,106,0.7547169811320755,0.6648534502859221,0.12543125740979907,91,0.6263736263736264,-0.06167505534219044
NQ,dn>=3,up200,0930,1.0,-1,36,0.6666666666666666,0.5033369709296683,-0.006784378023001349,25,0.76,0.13919716333034937
NQ,dn>=3,up200,0930,1.5,1,92,0.7608695652173914,0.6643766513146702,0.13742966340249718,73,0.6986301369863014,0.04589508487247894
NQ,dn>=3,up200,0930,1.5,-1,33,0.5757575757575758,0.4080697369146003,-0.14813721101533792,23,0.6086956521739131,-0.0875478413144417
NQ,dn>=3,up200,0930,2.0,1,83,0.7831325301204819,0.6830297632703793,0.169671144346584,66,0.7121212121212122,0.06759432689211861
NQ,dn>=3,up200,0930,2.0,-1,28,0.5357142857142857,0.3581239514210167,-0.19995584658596546,21,0.6190476190476191,-0.07187532779965669
NQ,dn>=3,up200,0930,3.0,1,67,0.746268656716418,0.6307057838517774,0.11739636118518493,54,0.7592592592592593,0.1385009173586346
NQ,dn>=3,up200,0930,3.0,-1,24,0.5833333333333334,0.3883433764938864,-0.12741542300711006,17,0.7058823529411765,0.0585563460122333
NQ,dn>=3,up200,1805,0.5,1,116,0.7241379310344828,0.6366092289455849,0.07403660130605072,100,0.71,0.061928432849957346
NQ,dn>=3,up200,1805,0.5,-1,55,0.6,0.4681256091064502,-0.11539142214615675,32,0.84375,0.26415149428481
NQ,dn>=3,up200,1805,1.0,1,99,0.7575757575757576,0.6645700099444053,0.12918956163602363,86,0.6511627906976745,-0.024441100645332954
NQ,dn>=3,up200,1805,1.0,-1,38,0.5526315789473685,0.3970602917908942,-0.1779186023909341,24,0.75,0.12422827181385032
NQ,dn>=3,up200,1805,1.5,1,88,0.7954545454545454,0.69967842462109,0.18950793511238284,69,0.6956521739130435,0.04183552417587463
NQ,dn>=3,up200,1805,1.5,-1,32,0.5,0.33630614316859386,-0.26561345582067813,21,0.6666666666666666,-0.0005603450414828454
NQ,dn>=3,up200,1805,2.0,1,78,0.8333333333333334,0.7354422072155546,0.2472603284084883,64,0.703125,0.05409839100219438
NQ,dn>=3,up200,1805,2.0,-1,29,0.5862068965517241,0.40737528478515245,-0.12417232184581271,20,0.65,-0.025423351864841737
NQ,dn>=3,up200,1805,3.0,1,66,0.7727272727272727,0.6583031596442961,0.15706591219782565,52,0.75,0.12461181871354048
NQ,dn>=3,up200,1805,3.0,-1,25,0.6,0.40739127785127344,-0.10305765394757582,16,0.6875,0.030983480082113775
NQ,dn>=3,up50,0930,0.5,1,73,0.7397260273972602,0.6289029493194099,0.09270733685748175,67,0.6119402985074627,-0.08475092282120918
NQ,dn>=3,up50,0930,0.5,-1,56,0.6428571428571429,0.5119364571733127,-0.047758341483002904,37,0.5135135135135135,-0.23175372078013803
NQ,dn>=3,up50,0930,1.0,1,66,0.7575757575757576,0.6419064250894373,0.13001281836520537,58,0.603448275862069,-0.09615296625678123
NQ,dn>=3,up50,0930,1.0,-1,45,0.6222222222222222,0.4762967000646754,-0.07231218487856497,32,0.625,-0.06494633959198814
NQ,dn>=3,up50,0930,1.5,1,61,0.7704918032786885,0.6508635609254849,0.15152966170787602,50,0.7,0.04919826243727522
NQ,dn>=3,up50,0930,1.5,-1,40,0.55,0.39828829888440775,-0.18459890732685702,32,0.5625,-0.1568770346869855
NQ,dn>=3,up50,0930,2.0,1,59,0.7627118644067796,0.6402486613269721,0.13786408219887447,45,0.7111111111111111,0.06607942586966335
NQ,dn>=3,up50,0930,2.0,-1,34,0.4411764705882353,0.28883240215296746,-0.34146395018076414,28,0.5714285714285714,-0.14334309293710332
NQ,dn>=3,up50,0930,3.0,1,51,0.6666666666666666,0.5296812196648056,-0.0022733013443222766,37,0.7297297297297297,0.09419468568910302
NQ,dn>=3,up50,0930,3.0,-1,31,0.3870967741935484,0.23732875351271562,-0.4215459574180272,24,0.5416666666666666,-0.18782937909149974
NQ,dn>=3,up50,1805,0.5,1,74,0.7432432432432432,0.6334534054035083,0.10241644766322613,66,0.6666666666666666,-0.0036929349418951354
NQ,dn>=3,up50,1805,0.5,-1,57,0.5964912280701754,0.46697058444753836,-0.11745287523508474,37,0.6756756756756757,0.011750255709235173
NQ,dn>=3,up50,1805,1.0,1,67,0.7611940298507462,0.6467400924582429,0.13557726715458138,57,0.6140350877192983,-0.08021610502315718
NQ,dn>=3,up50,1805,1.0,-1,44,0.5227272727272727,0.379352201361717,-0.221890466961933,33,0.6060606060606061,-0.09183000594800679
NQ,dn>=3,up50,1805,1.5,1,59,0.7966101694915254,0.6773174503671768,0.1909827651461519,42,0.6428571428571429,-0.03655151289299364
NQ,dn>=3,up50,1805,1.5,-1,38,0.47368421052631576,0.3247877880894159,-0.30560305888331113,31,0.5806451612903226,-0.1296597075822177
NQ,dn>=3,up50,1805,2.0,1,55,0.8,0.6763486849309407,0.1969676163270666,41,0.6829268292682927,0.023788845945242817
NQ,dn>=3,up50,1805,2.0,-1,33,0.45454545454545453,0.298426891258915,-0.321349308926309,29,0.5517241379310345,-0.17289532683547845
NQ,dn>=3,up50,1805,3.0,1,50,0.68,0.5418944286372394,0.017711643853784,37,0.7027027027027027,0.05365158544472302
NQ,dn>=3,up50,1805,3.0,-1,31,0.3870967741935484,0.23732875351271562,-0.42210836360715964,24,0.625,-0.06280769101463543
NQ,dn>=3,dn200,0930,0.5,1,61,0.819672131147541,0.7052560663212193,0.21888761610396132,47,0.7021276595744681,0.05137582182273129
NQ,dn>=3,dn200,0930,0.5,-1,293,0.6177474402730375,0.5609217972793649,-0.08667160017784951,212,0.6084905660377359,-0.09160328383309291
NQ,dn>=3,dn200,0930,1.0,1,50,0.7,0.562493877226366,0.044030593986012195,38,0.7105263157894737,0.06489529310553697
NQ,dn>=3,dn200,0930,1.0,-1,197,0.6040609137055838,0.5344042914435674,-0.1016990606876626,146,0.6164383561643836,-0.07702179603499584
NQ,dn>=3,dn200,0930,1.5,1,40,0.75,0.598057409330299,0.12118178871247318,31,0.6774193548387096,0.015544521141509116
NQ,dn>=3,dn200,0930,1.5,-1,160,0.6,0.5226034047446808,-0.10426192032672063,122,0.6475409836065574,-0.029563771481922782
NQ,dn>=3,dn200,0930,2.0,1,39,0.7692307692307693,0.6166343954261704,0.14978057359483482,29,0.6206896551724138,-0.07375271593408116
NQ,dn>=3,dn200,0930,2.0,-1,129,0.5813953488372093,0.4951152776854113,-0.13221297785030386,99,0.6464646464646465,-0.03151031493223625
NQ,dn>=3,dn200,0930,3.0,1,34,0.8235294117647058,0.6648593225994784,0.23334491840917637,22,0.6363636363636364,-0.04575618022881279
NQ,dn>=3,dn200,0930,3.0,-1,90,0.5777777777777777,0.4746099802268749,-0.13598065669398018,70,0.5571428571428572,-0.16543671873462532
NQ,dn>=3,dn200,1805,0.5,1,60,0.7,0.5749105303360957,0.038461646368046845,49,0.7142857142857143,0.069628828553431
NQ,dn>=3,dn200,1805,0.5,-1,281,0.5907473309608541,0.5324083668873003,-0.12721933952685022,203,0.5862068965517241,-0.12695030047069078
NQ,dn>=3,dn200,1805,1.0,1,47,0.7446808510638298,0.604915508600796,0.1113585564427959,38,0.8157894736842105,0.22287229273009693
NQ,dn>=3,dn200,1805,1.0,-1,189,0.5714285714285714,0.5001440635770695,-0.1496091185802269,141,0.624113475177305,-0.06514036791394162
NQ,dn>=3,dn200,1805,1.5,1,43,0.7674418604651163,0.622551917005606,0.14760038459137748,30,0.8333333333333334,0.24948959230508647
NQ,dn>=3,dn200,1805,1.5,-1,152,0.5789473684210527,0.499458918610539,-0.1381658148075814,117,0.6068376068376068,-0.09064237332297782
NQ,dn>=3,dn200,1805,2.0,1,37,0.7297297297297297,0.5702152452607867,0.091726314773349,27,0.8148148148148148,0.22183148147365342
NQ,dn>=3,dn200,1805,2.0,-1,127,0.5905511811023622,0.5035924878388688,-0.11772038517142674,104,0.6346153846153846,-0.04873574641528484
NQ,dn>=3,dn200,1805,3.0,1,32,0.78125,0.6124466920955516,0.1699514925040106,18,0.6666666666666666,-0.000286483952229392
NQ,dn>=3,dn200,1805,3.0,-1,90,0.5666666666666667,0.4636391101764269,-0.15338512233797466,69,0.5797101449275363,-0.1310317353090781
NQ,dn>=3,dn50,0930,0.5,1,101,0.6732673267326733,0.5769143347471855,-0.0019593436259675297,82,0.6707317073170732,-0.0066168266943546815
NQ,dn>=3,dn50,0930,0.5,-1,294,0.6122448979591837,0.5554425980105224,-0.09607789007805292,207,0.6280193236714976,-0.06233693410971698
NQ,dn>=3,dn50,0930,1.0,1,91,0.7252747252747253,0.6258502470283998,0.08145733668399537,72,0.6944444444444444,0.04069442377684315
NQ,dn>=3,dn50,0930,1.0,-1,192,0.6145833333333334,0.5441339832149131,-0.08620457114436371,145,0.6275862068965518,-0.05995390579028325
NQ,dn>=3,dn50,0930,1.5,1,76,0.75,0.6422303597102302,0.12143301953435422,57,0.7017543859649122,0.05036921043817611
NQ,dn>=3,dn50,0930,1.5,-1,161,0.5962732919254659,0.5190948141374606,-0.11006545049118473,123,0.6422764227642277,-0.03745706117044791
NQ,dn>=3,dn50,0930,2.0,1,69,0.7971014492753623,0.6877573759423549,0.19237377085761603,53,0.6792452830188679,0.01599615402334655
NQ,dn>=3,dn50,0930,2.0,-1,134,0.5970149253731343,0.5123817815704829,-0.10883036377639384,100,0.64,-0.04119335366446892
NQ,dn>=3,dn50,0930,3.0,1,61,0.8360655737704918,0.7238692567544832,0.24852943813109735,39,0.717948717948718,0.07659225558920896
NQ,dn>=3,dn50,0930,3.0,-1,90,0.5777777777777777,0.4746099802268749,-0.13614923947666846,72,0.6111111111111112,-0.08438700815839566
NQ,dn>=3,dn50,1805,0.5,1,102,0.696078431372549,0.6010461339670155,0.03252085692652904,83,0.7469879518072289,0.11865529626842088
NQ,dn>=3,dn50,1805,0.5,-1,280,0.5928571428571429,0.5344299573122131,-0.12468779014137543,198,0.6111111111111112,-0.08966072040241418
NQ,dn>=3,dn50,1805,1.0,1,81,0.7407407407407407,0.63595445945254,0.10401468181624948,69,0.7681159420289855,0.1512700672984147
NQ,dn>=3,dn50,1805,1.0,-1,186,0.5806451612903226,0.5087992030012505,-0.13601366543765125,138,0.6376811594202898,-0.04478034666215856
NQ,dn>=3,dn50,1805,1.5,1,73,0.7808219178082192,0.6732251787519996,0.1678263257293525,60,0.8166666666666667,0.22342319258410104
NQ,dn>=3,dn50,1805,1.5,-1,150,0.5866666666666667,0.5066570942317348,-0.12642309733754686,117,0.6153846153846154,-0.07781271456259765
NQ,dn>=3,dn50,1805,2.0,1,68,0.8088235294117647,0.6998913522432758,0.21064598400451967,54,0.7777777777777778,0.16620419070400083
NQ,dn>=3,dn50,1805,2.0,-1,131,0.6030534351145038,0.5174827945835824,-0.0990509033462753,103,0.6310679611650486,-0.05405742800638105
NQ,dn>=3,dn50,1805,3.0,1,58,0.8103448275862069,0.6914738161458368,0.20965877240910266,41,0.8048780487804879,0.2070095702197487
NQ,dn>=3,dn50,1805,3.0,-1,94,0.5851063829787234,0.48407836075523214,-0.12576187192993238,69,0.5942028985507246,-0.10928024652339971
NQ,bbz<-2,none,0930,0.5,1,106,0.6320754716981132,0.5371525943196658,-0.06347754273172852,78,0.6666666666666666,-0.0020394203205532334
NQ,bbz<-2,none,0930,0.5,-1,96,0.5520833333333334,0.45251459064008087,-0.18917181591968102,86,0.627906976744186,-0.06095849784519444
NQ,bbz<-2,none,0930,1.0,1,97,0.7319587628865979,0.6362187242783012,0.0915717467489152,69,0.5942028985507246,-0.10987640151652955
NQ,bbz<-2,none,0930,1.0,-1,67,0.5970149253731343,0.4774111146058888,-0.11623227003011993,63,0.6507936507936508,-0.025229994732977358
NQ,bbz<-2,none,0930,1.5,1,78,0.7692307692307693,0.6644403349060594,0.14893807436058962,54,0.6666666666666666,-0.01719864103136248
NQ,bbz<-2,none,0930,1.5,-1,55,0.5636363636363636,0.43269584078681317,-0.1598211521714326,51,0.6078431372549019,-0.08921661254835453
NQ,bbz<-2,none,0930,2.0,1,71,0.8028169014084507,0.6958010004492512,0.2009907886306031,51,0.6666666666666666,-0.01077844978981674
NQ,bbz<-2,none,0930,2.0,-1,52,0.5961538461538461,0.4606733176249609,-0.10956494698472616,44,0.6363636363636364,-0.0461567577853057
NQ,bbz<-2,none,0930,3.0,1,56,0.8571428571428571,0.7426383257914846,0.2798744203141997,38,0.7368421052631579,0.10438310593329876
NQ,bbz<-2,none,0930,3.0,-1,41,0.5365853658536586,0.38746215345974366,-0.19765123788556588,36,0.5555555555555556,-0.16826656402106602
NQ,bbz<-2,none,1805,0.5,1,107,0.719626168224299,0.6280453141284887,0.06859214316529871,78,0.6923076923076923,0.0364362550352891
NQ,bbz<-2,none,1805,0.5,-1,96,0.53125,0.4321542477927087,-0.21886648643180764,86,0.627906976744186,-0.061471679279710624
NQ,bbz<-2,none,1805,1.0,1,92,0.7717391304347826,0.6761149136755746,0.15093085382827617,72,0.7222222222222222,0.0823556502948701
NQ,bbz<-2,none,1805,1.0,-1,69,0.5652173913043478,0.4478819321166955,-0.1612246864568127,59,0.6440677966101694,-0.03529420831445427
NQ,bbz<-2,none,1805,1.5,1,82,0.8170731707317073,0.7198761179729022,0.2211289692184311,59,0.7627118644067796,0.14344557960815954
NQ,bbz<-2,none,1805,1.5,-1,56,0.5714285714285714,0.4413738892040555,-0.14901927020424433,51,0.6470588235294118,-0.030362132913041975
NQ,bbz<-2,none,1805,2.0,1,70,0.8,0.6918313531091291,0.1965989781380911,48,0.8125,0.21831446031982008
NQ,bbz<-2,none,1805,2.0,-1,52,0.5576923076923077,0.42339524991516386,-0.16735288845903723,43,0.6511627906976745,-0.023974354781533445
NQ,bbz<-2,none,1805,3.0,1,59,0.8305084745762712,0.7153653834518579,0.2400788364520145,36,0.7777777777777778,0.15876663549300588
NQ,bbz<-2,none,1805,3.0,-1,43,0.5348837209302325,0.38915389728872773,-0.20030287811593178,37,0.6216216216216216,-0.06801548465454925
NQ,bbz<-2,up200,0930,0.5,1,62,0.6129032258064516,0.48847616205780997,-0.09316578970833828,48,0.7083333333333334,0.06029642041278596
NQ,bbz<-2,up200,0930,1.0,1,59,0.7627118644067796,0.6402486613269721,0.13701139315316557,41,0.6829268292682927,0.023051566754231326
NQ,bbz<-2,up200,0930,1.5,1,49,0.8367346938775511,0.7096339333048477,0.24937215839191254,32,0.84375,0.26494132394978637
NQ,bbz<-2,up200,0930,2.0,1,44,0.8863636363636364,0.7602056485186641,0.32697873610411327,31,0.7741935483870968,0.16074498073572044
NQ,bbz<-2,up200,0930,3.0,1,35,0.8571428571428571,0.7062411969132573,0.2772808141850746,22,0.8181818181818182,0.22596008980681992
NQ,bbz<-2,up200,1805,0.5,1,62,0.7580645161290323,0.6384725574675495,0.12587888472818468,48,0.7083333333333334,0.060240613671282195
NQ,bbz<-2,up200,1805,1.0,1,55,0.8181818181818182,0.6966928866143076,0.21948618101861983,44,0.7045454545454546,0.05570633887470423
NQ,bbz<-2,up200,1805,1.5,1,50,0.88,0.7619492111337642,0.3148386215267674,37,0.8108108108108109,0.2155389108929365
NQ,bbz<-2,up200,1805,2.0,1,46,0.8913043478260869,0.7696189698736853,0.3344608682513491,27,0.8148148148148148,0.2217233038308938
NQ,bbz<-2,up200,1805,3.0,1,37,0.8378378378378378,0.6886320070454415,0.24859976689723076,21,0.8095238095238095,0.21387218110785086
NQ,bbz<-2,dn200,0930,0.5,1,44,0.6590909090909091,0.5113886797193951,-0.021644103810141983,30,0.6,-0.10177676549389594
NQ,bbz<-2,dn200,0930,0.5,-1,81,0.5432098765432098,0.43523822983845284,-0.20037404539480083,80,0.65,-0.02784072232201772
NQ,bbz<-2,dn200,0930,1.0,1,38,0.6842105263157895,0.5254394356005149,0.02102071680547384,28,0.4642857142857143,-0.30452092648442936
NQ,bbz<-2,dn200,0930,1.0,-1,56,0.5892857142857143,0.45877362113703657,-0.12835004766967892,59,0.6440677966101694,-0.03535107457135638
NQ,bbz<-2,dn200,0930,1.5,1,30,0.6666666666666666,0.48779725813830266,-0.0034820131317493935,22,0.4090909090909091,-0.4275840446403063
NQ,bbz<-2,dn200,0930,1.5,-1,47,0.574468085106383,0.43281668771211546,-0.14321074155696148,47,0.5957446808510638,-0.10739424952456128
NQ,bbz<-2,dn200,0930,2.0,1,27,0.6666666666666666,0.47824419872105484,-0.004322903548450603,20,0.5,-0.27663976710439947
NQ,bbz<-2,dn200,0930,2.0,-1,44,0.6136363636363636,0.46623309846201666,-0.08299778425633657,40,0.65,-0.02571336853843431
NQ,bbz<-2,dn200,0930,3.0,1,22,0.8636363636363636,0.6666458812053,0.293951901121827,16,0.625,-0.0627852468927928
NQ,bbz<-2,dn200,0930,3.0,-1,36,0.5555555555555556,0.3958078731600341,-0.1689936410313629,33,0.5757575757575758,-0.13806843707864316
NQ,bbz<-2,dn200,1805,0.5,1,45,0.6666666666666666,0.520702168092554,-0.010336256321344208,30,0.6666666666666666,-0.0016507187822998536
NQ,bbz<-2,dn200,1805,0.5,-1,82,0.5,0.39422642728441165,-0.2651420363619936,80,0.625,-0.06593421376107919
NQ,bbz<-2,dn200,1805,1.0,1,37,0.7027027027027027,0.5421656082795643,0.049024286383170745,28,0.75,0.12423313966941653
NQ,bbz<-2,dn200,1805,1.0,-1,59,0.559322033898305,0.4328913027042265,-0.16993884352676245,55,0.6363636363636364,-0.046883309492459196
NQ,bbz<-2,dn200,1805,1.5,1,32,0.71875,0.546251630618882,0.07470763748665554,22,0.6818181818181818,0.022197704265580126
NQ,bbz<-2,dn200,1805,1.5,-1,48,0.5625,0.4227477150100165,-0.16114827705962984,47,0.6382978723404256,-0.04353087800539249
NQ,bbz<-2,dn200,1805,2.0,1,24,0.625,0.42709619037907065,-0.0676363112456535,21,0.8095238095238095,0.2139316615198682
NQ,bbz<-2,dn200,1805,2.0,-1,45,0.5555555555555556,0.4117588341636533,-0.17037647428363714,39,0.6410256410256411,-0.039205362086465766
NQ,bbz<-2,dn200,1805,3.0,1,23,0.8260869565217391,0.6286194521470433,0.23762011995799742,16,0.6875,0.013996768685133526
NQ,bbz<-2,dn200,1805,3.0,-1,38,0.5526315789473685,0.3970602917908942,-0.17348897373252123,34,0.6470588235294118,-0.029860202662562417
NQ,bbz<-2,dn50,0930,0.5,1,96,0.6145833333333334,0.5146051824336462,-0.08963121418223317,72,0.6666666666666666,-0.0019800351452576304
NQ,bbz<-2,dn50,0930,0.5,-1,91,0.5384615384615384,0.4365598988443711,-0.20917869679152779,86,0.627906976744186,-0.06095849784519444
NQ,bbz<-2,dn50,0930,1.0,1,87,0.7126436781609196,0.6101583136540148,0.06250319762238488,64,0.578125,-0.13398730305764955
NQ,bbz<-2,dn50,0930,1.0,-1,64,0.578125,0.4560981205252726,-0.14463933798098763,63,0.6507936507936508,-0.025229994732977358
NQ,bbz<-2,dn50,0930,1.5,1,68,0.7647058823529411,0.6514460690450258,0.14205610603311228,50,0.64,-0.05851715403703208
NQ,bbz<-2,dn50,0930,1.5,-1,52,0.5576923076923077,0.42339524991516386,-0.16851837594114605,51,0.6078431372549019,-0.08921661254835453
NQ,bbz<-2,dn50,0930,2.0,1,62,0.8064516129032258,0.6914796824829172,0.2064206870025105,47,0.6382978723404256,-0.054199891635951215
NQ,bbz<-2,dn50,0930,2.0,-1,49,0.6122448979591837,0.4724574648805242,-0.08513657664683169,44,0.6363636363636364,-0.0461567577853057
NQ,bbz<-2,dn50,0930,3.0,1,51,0.8431372549019608,0.7198929160164018,0.2585121040076617,35,0.7428571428571429,0.11337329736891999
NQ,bbz<-2,dn50,0930,3.0,-1,40,0.55,0.39828829888440775,-0.1773643135811987,36,0.5555555555555556,-0.16826656402106602
NQ,bbz<-2,dn50,1805,0.5,1,97,0.7216494845360825,0.6253217812082499,0.07186353737554552,72,0.6805555555555556,0.01885473034784109
NQ,bbz<-2,dn50,1805,0.5,-1,91,0.5054945054945055,0.40464797119502816,-0.2572231217427932,86,0.627906976744186,-0.061471679279710624
NQ,bbz<-2,dn50,1805,1.0,1,82,0.7682926829268293,0.6662254441389153,0.14567841718968016,66,0.6818181818181818,0.0217430473291227
NQ,bbz<-2,dn50,1805,1.0,-1,66,0.5454545454545454,0.4261479973870641,-0.19081604400432195,59,0.6440677966101694,-0.03529420831445427
NQ,bbz<-2,dn50,1805,1.5,1,73,0.8082191780821918,0.7034428294648694,0.20776117471098574,55,0.7454545454545455,0.11756651110406145
NQ,bbz<-2,dn50,1805,1.5,-1,53,0.5660377358490566,0.4326511497976876,-0.15694096813110345,51,0.6470588235294118,-0.030362132913041975
NQ,bbz<-2,dn50,1805,2.0,1,62,0.8064516129032258,0.6914796824829172,0.2063116550298874,45,0.8,0.19957413078555766
NQ,bbz<-2,dn50,1805,2.0,-1,50,0.56,0.4230578680014353,-0.16373462182359227,43,0.6511627906976745,-0.023974354781533445
NQ,bbz<-2,dn50,1805,3.0,1,53,0.8301886792452831,0.7077446317626587,0.23919015166209523,34,0.7647058823529411,0.13842116030478915
NQ,bbz<-2,dn50,1805,3.0,-1,41,0.5365853658536586,0.38746215345974366,-0.19762253808599617,37,0.6216216216216216,-0.06801548465454925
NQ,bbz<-1.5,none,0930,0.5,1,240,0.65,0.5877224624898678,-0.0367879017279738,189,0.6878306878306878,0.02980939303700677
NQ,bbz<-1.5,none,0930,0.5,-1,347,0.6311239193083573,0.5791785908075445,-0.0686293477683741,314,0.6242038216560509,-0.06761080054111963
NQ,bbz<-1.5,none,0930,1.0,1,193,0.694300518134715,0.6260364993274972,0.029215195549415634,152,0.6842105263157895,0.025357096501532596
NQ,bbz<-1.5,none,0930,1.0,-1,210,0.6142857142857143,0.5469581922797303,-0.08866520880256734,193,0.6062176165803109,-0.09271344943170798
NQ,bbz<-1.5,none,0930,1.5,1,140,0.75,0.6722445842413881,0.12075308968806782,108,0.7407407407407407,0.10137586489780777
NQ,bbz<-1.5,none,0930,1.5,-1,148,0.6013513513513513,0.5208660244180735,-0.10283347601288786,124,0.6048387096774194,-0.09407118935796173
NQ,bbz<-1.5,none,0930,2.0,1,112,0.7678571428571429,0.6815778816133659,0.14874015828808082,83,0.6987951807228916,0.04134574626318025
NQ,bbz<-1.5,none,0930,2.0,-1,121,0.5950413223140496,0.5059567358197812,-0.11262154055724691,99,0.5959595959595959,-0.10736485386493852
NQ,bbz<-1.5,none,0930,3.0,1,80,0.7875,0.6857763938182242,0.17638200828996037,57,0.7543859649122807,0.12910614645252094
NQ,bbz<-1.5,none,0930,3.0,-1,79,0.569620253164557,0.4597200056030372,-0.14783847443080517,65,0.5538461538461539,-0.17024297804420715
NQ,bbz<-1.5,none,1805,0.5,1,240,0.725,0.6652981678559164,0.0763054154743784,190,0.7,0.04808007515892487
NQ,bbz<-1.5,none,1805,0.5,-1,350,0.6142857142857143,0.5623108733609994,-0.09452766423567219,298,0.587248322147651,-0.1251718407680428
NQ,bbz<-1.5,none,1805,1.0,1,186,0.7150537634408602,0.6463434171395682,0.06357200910282786,153,0.6993464052287581,0.048060021786292574
NQ,bbz<-1.5,none,1805,1.0,-1,204,0.5980392156862745,0.5295453862557397,-0.1119992180773996,182,0.5824175824175825,-0.12781662839818628
NQ,bbz<-1.5,none,1805,1.5,1,139,0.7482014388489209,0.6700328883002307,0.11810087901971415,105,0.7428571428571429,0.1136654715843763
NQ,bbz<-1.5,none,1805,1.5,-1,144,0.6111111111111112,0.5295875556674611,-0.08854504306560562,121,0.5950413223140496,-0.11020533260189948
NQ,bbz<-1.5,none,1805,2.0,1,112,0.7946428571428571,0.7106617796256579,0.1882916756961584,74,0.7297297297297297,0.09370166818239944
NQ,bbz<-1.5,none,1805,2.0,-1,121,0.6033057851239669,0.5142510708691974,-0.09874291025423083,97,0.5979381443298969,-0.10596231482613498
NQ,bbz<-1.5,none,1805,3.0,1,78,0.7948717948717948,0.692458195735871,0.18748534790164287,55,0.7636363636363637,0.14017374974426647
NQ,bbz<-1.5,none,1805,3.0,-1,84,0.5833333333333334,0.4765244867612664,-0.12788098593918093,65,0.5538461538461539,-0.17223600676793926
NQ,bbz<-1.5,up200,0930,0.5,1,145,0.6344827586206897,0.5535665825588361,-0.06033302483041781,107,0.7009345794392523,0.049304108945779586
NQ,bbz<-1.5,up200,0930,0.5,-1,37,0.5675675675675675,0.40913906334200717,-0.17293339452067433,30,0.5333333333333333,-0.20213297172407368
NQ,bbz<-1.5,up200,0930,1.0,1,121,0.7024793388429752,0.6158111880232415,0.03751771064525625,84,0.7023809523809523,0.052525511856912364
NQ,bbz<-1.5,up200,0930,1.0,-1,26,0.6153846153846154,0.42534520039420076,-0.08680964620716312,20,0.55,-0.17602973383683201
NQ,bbz<-1.5,up200,0930,1.5,1,92,0.75,0.6527099456658312,0.12023537391716217,61,0.7540983606557377,0.12896374342904027
NQ,bbz<-1.5,up200,0930,1.5,-1,19,0.5789473684210527,0.36275551465160105,-0.13829754997380467,13,0.46153846153846156,-0.30837879746774394
NQ,bbz<-1.5,up200,0930,2.0,1,75,0.7866666666666666,0.6811982171013853,0.17731381692256093,52,0.75,0.12449667218634976
NQ,bbz<-1.5,up200,0930,2.0,-1,13,0.5384615384615384,0.2914343243183205,-0.19691567013263472,10,0.5,-0.250493600420483
NQ,bbz<-1.5,up200,0930,3.0,1,57,0.7894736842105263,0.6671363132153347,0.178082079832134,37,0.7837837837837838,0.1720214698957237
NQ,bbz<-1.5,up200,0930,3.0,-1,8,0.625,0.30573785458380187,-0.06521711257625509,9,0.5555555555555556,-0.1669762798507389
NQ,bbz<-1.5,up200,1805,0.5,1,144,0.7361111111111112,0.6586653933179522,0.09296846356219864,108,0.7222222222222222,0.08124361073069944
NQ,bbz<-1.5,up200,1805,0.5,-1,39,0.6410256410256411,0.484178631846895,-0.057016867012094324,28,0.6428571428571429,-0.03767508076292261
NQ,bbz<-1.5,up200,1805,1.0,1,116,0.7327586206896551,0.6457177692022618,0.08803108883123077,92,0.6847826086956522,0.02610636705677506
NQ,bbz<-1.5,up200,1805,1.0,-1,22,0.5909090909090909,0.38734477382893806,-0.1235325648605992,17,0.5882352941176471,-0.11863853141503956
NQ,bbz<-1.5,up200,1805,1.5,1,90,0.7777777777777778,0.6815249725824009,0.16217229321304114,60,0.75,0.12430331517314355
NQ,bbz<-1.5,up200,1805,1.5,-1,16,0.625,0.3864064709793481,-0.07202365251185248,11,0.36363636363636365,-0.4684045028896771
NQ,bbz<-1.5,up200,1805,2.0,1,79,0.8227848101265823,0.7242360050880349,0.23081260448140142,43,0.6976744186046512,0.04598853088310557
NQ,bbz<-1.5,up200,1805,2.0,-1,15,0.6,0.357464427565077,-0.10437204134412312,11,0.5454545454545454,-0.1880692137731461
NQ,bbz<-1.5,up200,1805,3.0,1,58,0.7931034482758621,0.6723053695067633,0.1837728894061959,34,0.7941176470588235,0.1907957810073591
NQ,bbz<-1.5,up200,1805,3.0,-1,8,0.625,0.30573785458380187,-0.06520624278471349,9,0.5555555555555556,-0.1669773133270819
NQ,bbz<-1.5,up50,0930,0.5,1,33,0.696969696969697,0.5266154602526555,0.031982187074842336,16,0.75,0.122668196546118
NQ,bbz<-1.5,up50,0930,1.0,1,31,0.6774193548387096,0.5014068555995079,0.009446343844550188,14,0.7142857142857143,0.0702035776840613
NQ,bbz<-1.5,up50,0930,1.5,1,27,0.7037037037037037,0.515189666191624,0.051192724010878626,13,0.7692307692307693,0.15307469858972833
NQ,bbz<-1.5,up50,0930,2.0,1,23,0.7391304347826086,0.5352960945624944,0.10554603811533961,12,0.8333333333333334,0.24945473111837055
NQ,bbz<-1.5,up50,0930,3.0,1,19,0.6842105263157895,0.4601001017506463,0.02330802707118901,10,0.7,0.04959218037662367
NQ,bbz<-1.5,up50,1805,0.5,1,33,0.7575757575757576,0.5897505131450971,0.12358077229532152,17,0.8823529411764706,0.3214393069128514
NQ,bbz<-1.5,up50,1805,1.0,1,27,0.7777777777777778,0.5924270453692919,0.16050543097682426,16,0.9375,0.40524491654539946
NQ,bbz<-1.5,up50,1805,1.5,1,24,0.7916666666666666,0.5952915551476452,0.18340009131252855,11,0.8181818181818182,0.22654866541172167
NQ,bbz<-1.5,up50,1805,2.0,1,22,0.7727272727272727,0.5655964393704065,0.15590904545606574,10,0.9,0.34948544460717257
NQ,bbz<-1.5,up50,1805,3.0,1,20,0.7,0.4810232237710206,0.04780830315180601,10,0.8,0.19962971662435128
NQ,bbz<-1.5,dn200,0930,0.5,1,95,0.6736842105263158,0.5742532416248356,-0.0008506085716118913,82,0.6707317073170732,0.004371166180437371
NQ,bbz<-1.5,dn200,0930,0.5,-1,310,0.6387096774193548,0.5838374361928388,-0.056180155091486654,284,0.6338028169014085,-0.05340071203587801
NQ,bbz<-1.5,dn200,0930,1.0,1,74,0.6756756756756757,0.5626508503567352,-0.0007846461129432126,69,0.6666666666666666,-0.0008459722631577662
NQ,bbz<-1.5,dn200,0930,1.0,-1,186,0.6182795698924731,0.5467370951886769,-0.08263493554093354,176,0.6079545454545454,-0.09020518875572675
NQ,bbz<-1.5,dn200,0930,1.5,1,52,0.7307692307692307,0.59747521247539,0.09098581950321975,49,0.6938775510204082,0.022049006775368578
NQ,bbz<-1.5,dn200,0930,1.5,-1,131,0.6106870229007634,0.5251726059475305,-0.08852392088974909,113,0.6194690265486725,-0.0734991947167781
NQ,bbz<-1.5,dn200,0930,2.0,1,39,0.6923076923076923,0.535784513844354,0.03460498828620338,32,0.5625,-0.1735710433629986
NQ,bbz<-1.5,dn200,0930,2.0,-1,109,0.5963302752293578,0.5024644394796234,-0.11074281221447017,91,0.6043956043956044,-0.09478069660465767
NQ,bbz<-1.5,dn200,0930,3.0,1,30,0.8,0.6269395261897256,0.1983740761415292,22,0.6363636363636364,-0.04575480055609479
NQ,bbz<-1.5,dn200,0930,3.0,-1,76,0.5921052631578947,0.47978347984220315,-0.11398668322778978,61,0.5409836065573771,-0.18958831703737616
NQ,bbz<-1.5,dn200,1805,0.5,1,96,0.7083333333333334,0.610799219414304,0.051310843342648044,82,0.6707317073170732,0.004401272210733993
NQ,bbz<-1.5,dn200,1805,0.5,-1,311,0.6109324758842444,0.555707762410793,-0.09923159057560638,272,0.5808823529411765,-0.13510998508648672
NQ,bbz<-1.5,dn200,1805,1.0,1,72,0.6666666666666666,0.5517938807199863,-0.009657573704236942,61,0.7213114754098361,0.08117045187015504
NQ,bbz<-1.5,dn200,1805,1.0,-1,184,0.5978260869565217,0.5256748408061128,-0.11218065761053442,167,0.5808383233532934,-0.130224937227973
NQ,bbz<-1.5,dn200,1805,1.5,1,50,0.68,0.5418944286372394,0.016295534717347106,46,0.7391304347826086,0.10818108961534956
NQ,bbz<-1.5,dn200,1805,1.5,-1,129,0.6046511627906976,0.5184255811914527,-0.09769734483030794,111,0.6036036036036037,-0.09724037268099166
NQ,bbz<-1.5,dn200,1805,2.0,1,37,0.7027027027027027,0.5421656082795643,0.04978517366210856,34,0.7352941176470589,0.10162089758365368
NQ,bbz<-1.5,dn200,1805,2.0,-1,107,0.5981308411214953,0.5033928464055272,-0.1064102060387967,88,0.5909090909090909,-0.11654403600356313
NQ,bbz<-1.5,dn200,1805,3.0,1,27,0.7407407407407407,0.553210695973843,0.10944704477169084,21,0.6190476190476191,-0.0846598073276048
NQ,bbz<-1.5,dn200,1805,3.0,-1,81,0.6049382716049383,0.4960527758726388,-0.09538071879632026,59,0.5254237288135594,-0.21514919444488087
NQ,bbz<-1.5,dn50,0930,0.5,1,208,0.6394230769230769,0.5721841536397051,-0.05247637362155016,173,0.6820809248554913,0.021221295602638107
NQ,bbz<-1.5,dn50,0930,0.5,-1,335,0.6298507462686567,0.5769454402668998,-0.07014496420593815,309,0.627831715210356,-0.062200118909524676
NQ,bbz<-1.5,dn50,0930,1.0,1,164,0.6890243902439024,0.614534018795319,0.0202496521918509,139,0.6834532374100719,0.024246914267303625
NQ,bbz<-1.5,dn50,0930,1.0,-1,201,0.6169154228855721,0.5481123118672987,-0.0844789201480312,192,0.6041666666666666,-0.09579796643227052
NQ,bbz<-1.5,dn50,0930,1.5,1,116,0.7586206896551724,0.67326806580433,0.13367882728211775,98,0.7244897959183674,0.07607631052868447
NQ,bbz<-1.5,dn50,0930,1.5,-1,141,0.6028368794326241,0.5203745403938856,-0.10037370500086981,122,0.5983606557377049,-0.10380388742635956
NQ,bbz<-1.5,dn50,0930,2.0,1,91,0.7692307692307693,0.672831372058367,0.15078329172998325,74,0.6621621621621622,-0.014380024923779112
NQ,bbz<-1.5,dn50,0930,2.0,-1,118,0.6016949152542372,0.5115024783603882,-0.10257745185367799,97,0.5876288659793815,-0.11988094968263524
NQ,bbz<-1.5,dn50,0930,3.0,1,70,0.7857142857142857,0.6760859281841939,0.17354763238270351,50,0.74,0.1072292969292203
NQ,bbz<-1.5,dn50,0930,3.0,-1,77,0.5714285714285714,0.46010331091803647,-0.14506675970125701,67,0.5671641791044776,-0.15025007980940872
NQ,bbz<-1.5,dn50,1805,0.5,1,207,0.7198067632850241,0.6550498337646079,0.06876876438698169,173,0.6820809248554913,0.0212181853333945
NQ,bbz<-1.5,dn50,1805,0.5,-1,338,0.6094674556213018,0.5565039497715502,-0.10148260991530009,295,0.5864406779661017,-0.12642826601411217
NQ,bbz<-1.5,dn50,1805,1.0,1,159,0.6981132075471698,0.6227735472378393,0.03761244279420969,138,0.6594202898550725,-0.011839106851240316
NQ,bbz<-1.5,dn50,1805,1.0,-1,196,0.5918367346938775,0.5219039364923447,-0.12116367589338109,180,0.5833333333333334,-0.1264495622687698
NQ,bbz<-1.5,dn50,1805,1.5,1,117,0.7350427350427351,0.6485316330077374,0.09832250168901994,97,0.7216494845360825,0.08185101509093182
NQ,bbz<-1.5,dn50,1805,1.5,-1,139,0.6115107913669064,0.5285236431426338,-0.0878124316565928,119,0.5966386554621849,-0.10663250225298304
NQ,bbz<-1.5,dn50,1805,2.0,1,92,0.8043478260869565,0.7117948361760426,0.20274942670557095,67,0.7014925373134329,0.051226403542698064
NQ,bbz<-1.5,dn50,1805,2.0,-1,118,0.6101694915254238,0.5200255656951949,-0.08834440254799597,96,0.6041666666666666,-0.09598301626437271
NQ,bbz<-1.5,dn50,1805,3.0,1,67,0.7910447761194029,0.679279673204875,0.18130880454178405,47,0.7446808510638298,0.11068641720446791
NQ,bbz<-1.5,dn50,1805,3.0,-1,82,0.5853658536585366,0.477254991169574,-0.12479257066081356,64,0.5625,-0.1592960341438855
NQ,lo5,none,0930,0.5,1,466,0.6523605150214592,0.6080352857370351,-0.03542186398096501,367,0.6920980926430518,0.032282325046933506
NQ,lo5,none,0930,0.5,-1,727,0.6134800550206327,0.5775739739290733,-0.09430810393981093,531,0.6214689265536724,-0.07153679538076024
NQ,lo5,none,0930,1.0,1,405,0.6666666666666666,0.619378410315147,-0.009865304742191877,307,0.6938110749185668,0.03848023787358335
NQ,lo5,none,0930,1.0,-1,469,0.5970149253731343,0.5520081966995968,-0.11216711693009346,334,0.6047904191616766,-0.09555268180597776
NQ,lo5,none,0930,1.5,1,296,0.7094594594594594,0.6553159789564841,0.05942741926823539,233,0.7081545064377682,0.055624558443549105
NQ,lo5,none,0930,1.5,-1,320,0.6125,0.5580872851533889,-0.08571958277446726,234,0.594017094017094,-0.1098819749854304
NQ,lo5,none,0930,2.0,1,240,0.7333333333333333,0.6740300322180951,0.09669959817353388,185,0.7135135135135136,0.06648413241055472
NQ,lo5,none,0930,2.0,-1,239,0.606694560669456,0.543544481803482,-0.09411554029353777,157,0.5987261146496815,-0.10307521689257004
NQ,lo5,none,0930,3.0,1,153,0.7516339869281046,0.6775703492623709,0.12392567639927007,127,0.7244094488188977,0.08623625203792137
NQ,lo5,none,0930,3.0,-1,131,0.5648854961832062,0.47933565452086124,-0.15486326196845143,101,0.5643564356435643,-0.15439714900813697
NQ,lo5,none,1805,0.5,1,467,0.7173447537473233,0.6748593347377322,0.06363015586237465,366,0.6885245901639344,0.026051737647339673
NQ,lo5,none,1805,0.5,-1,710,0.6098591549295774,0.5734797349854583,-0.09978671606387148,501,0.6307385229540918,-0.05862518181425466
NQ,lo5,none,1805,1.0,1,384,0.6901041666666666,0.6421576389483497,0.026664841351516533,292,0.684931506849315,0.02528251773504546
NQ,lo5,none,1805,1.0,-1,437,0.5789473684210527,0.5321647120659799,-0.13899688483968667,316,0.6044303797468354,-0.09667073112161806
NQ,lo5,none,1805,1.5,1,300,0.7233333333333334,0.6701290366526463,0.08073910472026076,210,0.7,0.049248770300201763
NQ,lo5,none,1805,1.5,-1,305,0.5868852459016394,0.5308777144753577,-0.12548655957011756,214,0.5934579439252337,-0.11214002932481618
NQ,lo5,none,1805,2.0,1,230,0.7391304347826086,0.678783280885197,0.10506751367826093,176,0.7329545454545454,0.09718653222956988
NQ,lo5,none,1805,2.0,-1,230,0.6,0.5355441991473282,-0.10476809775042574,161,0.6149068322981367,-0.07917842032452206
NQ,lo5,none,1805,3.0,1,161,0.7515527950310559,0.6794645295475432,0.12390954113972322,123,0.7398373983739838,0.10717834979175472
NQ,lo5,none,1805,3.0,-1,128,0.546875,0.46052480149159786,-0.18213335921927104,99,0.5959595959595959,-0.10762673034165095
NQ,lo5,up200,0930,0.5,1,325,0.6461538461538462,0.5927364167057169,-0.04401334815559368,262,0.7022900763358778,0.046289323870859385
NQ,lo5,up200,0930,0.5,-1,122,0.6311475409836066,0.5427473656846497,-0.0686769473917298,80,0.6,-0.10186802705709455
NQ,lo5,up200,0930,1.0,1,291,0.6769759450171822,0.6212418541389885,0.004274401858788016,230,0.7043478260869566,0.05383170905750768
NQ,lo5,up200,0930,1.0,-1,83,0.6265060240963856,0.5190148638142846,-0.06795083822810184,56,0.6428571428571429,-0.03660409132871813
NQ,lo5,up200,0930,1.5,1,216,0.7083333333333334,0.6444980189232303,0.05738634813554952,176,0.7215909090909091,0.07912307864598347
NQ,lo5,up200,0930,1.5,-1,60,0.65,0.5236238380947751,-0.02954524221586993,36,0.5833333333333334,-0.12560242739596741
NQ,lo5,up200,0930,2.0,1,176,0.7443181818181818,0.6751272467638896,0.11329615124464737,142,0.7394366197183099,0.10804841295383134
NQ,lo5,up200,0930,2.0,-1,48,0.5625,0.4227477150100165,-0.16383572845620809,27,0.6296296296296297,-0.056331075114489586
NQ,lo5,up200,0930,3.0,1,116,0.75,0.6640460052056096,0.12102386722020084,99,0.7474747474747475,0.12081210408327392
NQ,lo5,up200,0930,3.0,-1,26,0.5384615384615384,0.3545763620443012,-0.19455100455976662,18,0.6666666666666666,-0.00026390186705534574
NQ,lo5,up200,1805,0.5,1,325,0.7169230769230769,0.6656317515927626,0.06283349966241389,259,0.6756756756756757,0.004694803121236353
NQ,lo5,up200,1805,0.5,-1,118,0.6016949152542372,0.5115024783603882,-0.11212674738824699,79,0.6582278481012658,-0.014428575182583765
NQ,lo5,up200,1805,1.0,1,273,0.6923076923076923,0.6352050604853245,0.028958524502025622,219,0.6666666666666666,-0.0025473368789843743
NQ,lo5,up200,1805,1.0,-1,75,0.5333333333333333,0.4215733915278032,-0.20727571594473196,54,0.6111111111111112,-0.0848609744644996
NQ,lo5,up200,1805,1.5,1,220,0.740909090909091,0.67922819434077,0.1069976170527913,158,0.7025316455696202,0.05298283340494856
NQ,lo5,up200,1805,1.5,-1,55,0.5818181818181818,0.4503286833116465,-0.13282690756854862,32,0.59375,-0.1099666448567012
NQ,lo5,up200,1805,2.0,1,169,0.7514792899408284,0.6812203109178723,0.1233361444050954,134,0.7238805970149254,0.0842764159848093
NQ,lo5,up200,1805,2.0,-1,46,0.5869565217391305,0.4433924238701789,-0.12700014196900913,24,0.625,-0.06292584537226815
NQ,lo5,up200,1805,3.0,1,118,0.7542372881355932,0.6693534897050439,0.12743557364309227,97,0.7422680412371134,0.11300525982620654
NQ,lo5,up200,1805,3.0,-1,25,0.52,0.334982179531473,-0.22249468724948904,16,0.6875,0.029672019090378116
NQ,lo5,up50,0930,0.5,1,235,0.6808510638297872,0.6187521207280515,0.007292465985603521,162,0.6666666666666666,-0.00489760292864639
NQ,lo5,up50,0930,0.5,-1,126,0.6428571428571429,0.5561031427473888,-0.04732706195136512,84,0.5595238095238095,-0.1625991189764748
NQ,lo5,up50,0930,1.0,1,208,0.6826923076923077,0.6166155244113574,0.014922661969867215,138,0.6739130434782609,0.007040471840150931
NQ,lo5,up50,0930,1.0,-1,94,0.5851063829787234,0.48407836075523214,-0.12883035660084372,58,0.5517241379310345,-0.1733245181288596
NQ,lo5,up50,0930,1.5,1,166,0.6987951807228916,0.625153782581412,0.04368510637865316,119,0.7058823529411765,0.0547627909306885
NQ,lo5,up50,0930,1.5,-1,72,0.625,0.5095268590406966,-0.06620380944261167,45,0.5777777777777777,-0.13395874519488402
NQ,lo5,up50,0930,2.0,1,133,0.6917293233082706,0.6087883143608854,0.03400906556166967,101,0.7128712871287128,0.06867153744703794
NQ,lo5,up50,0930,2.0,-1,58,0.5344827586206896,0.40799953310272974,-0.20466520728033138,39,0.5897435897435898,-0.11608706847969391
NQ,lo5,up50,0930,3.0,1,94,0.723404255319149,0.6255641807495841,0.082888933872849,76,0.6973684210526315,0.04561558248821879
NQ,lo5,up50,0930,3.0,-1,39,0.4358974358974359,0.2930452416170466,-0.34824155712326116,28,0.5714285714285714,-0.14318287635631863
NQ,lo5,up50,1805,0.5,1,232,0.7112068965517241,0.6498231511382737,0.05329262737782604,160,0.66875,8.937441138803793e-06
NQ,lo5,up50,1805,0.5,-1,122,0.6557377049180327,0.5678329687980992,-0.02807044116454843,83,0.6506024096385542,-0.025860857955258904
NQ,lo5,up50,1805,1.0,1,198,0.6868686868686869,0.619232311638123,0.022685869088474888,137,0.6861313868613139,0.027890930649206495
NQ,lo5,up50,1805,1.0,-1,84,0.5476190476190477,0.44142846686988807,-0.18469556397400344,59,0.5932203389830508,-0.11165426159615122
NQ,lo5,up50,1805,1.5,1,165,0.7333333333333333,0.6611095069640882,0.0956803709619356,104,0.6923076923076923,0.037598285298645576
NQ,lo5,up50,1805,1.5,-1,66,0.5606060606060606,0.4408242143005392,-0.16470673854641557,43,0.5813953488372093,-0.13109163337118518
NQ,lo5,up50,1805,2.0,1,129,0.6976744186046512,0.6136486840568097,0.043121247100796734,96,0.7291666666666666,0.09099185134806609
NQ,lo5,up50,1805,2.0,-1,51,0.5294117647058824,0.3952307134472659,-0.2125507567757618,37,0.5945945945945946,-0.10856827493249395
NQ,lo5,up50,1805,3.0,1,99,0.7272727272727273,0.632288909736815,0.08875165350145196,74,0.7432432432432432,0.11445465803597472
NQ,lo5,up50,1805,3.0,-1,39,0.41025641025641024,0.27079089435400483,-0.3868538445967502,28,0.6428571428571429,-0.036780273235066274
NQ,lo5,dn200,0930,0.5,1,141,0.6666666666666666,0.585346994293644,-0.015618797621005327,105,0.6666666666666666,-0.0026684720184815503
NQ,lo5,dn200,0930,0.5,-1,608,0.6085526315789473,0.5691907630221258,-0.10151511001063321,451,0.6252771618625277,-0.06615653255568986
NQ,lo5,dn200,0930,1.0,1,115,0.6347826086956522,0.5437476062484989,-0.059951784271414364,78,0.6666666666666666,-0.0008765104416266532
NQ,lo5,dn200,0930,1.0,-1,393,0.5903307888040712,0.5410633226056396,-0.12215823249915196,282,0.5957446808510638,-0.10946221283787408
NQ,lo5,dn200,0930,1.5,1,83,0.6867469879518072,0.5805842734789477,0.025068485319570406,60,0.65,-0.04112041839300354
NQ,lo5,dn200,0930,1.5,-1,274,0.6094890510948905,0.5505888994050998,-0.09017609808550334,201,0.5970149253731343,-0.10617090787929782
NQ,lo5,dn200,0930,2.0,1,69,0.6956521739130435,0.5791620736176137,0.0398802205588239,44,0.5909090909090909,-0.12626030721048082
NQ,lo5,dn200,0930,2.0,-1,200,0.61,0.5409361758928832,-0.08846992016608617,136,0.5882352941176471,-0.1188621714752287
NQ,lo5,dn200,0930,3.0,1,43,0.7906976744186046,0.6479406820576336,0.18407410697353113,30,0.6,-0.10030852897713684
NQ,lo5,dn200,0930,3.0,-1,114,0.5789473684210527,0.4871920773140631,-0.13373958076878043,88,0.5568181818181818,-0.16580207822053505
NQ,lo5,dn200,1805,0.5,1,142,0.7183098591549296,0.6393274989840095,0.06545348871439749,107,0.719626168224299,0.07774749505164583
NQ,lo5,dn200,1805,0.5,-1,594,0.6111111111111112,0.5713122954955756,-0.09786678727878914,424,0.625,-0.06777115166397858
NQ,lo5,dn200,1805,1.0,1,112,0.6785714285714286,0.5873956839410913,0.009228758525424003,73,0.7397260273972602,0.10877208157713496
NQ,lo5,dn200,1805,1.0,-1,367,0.5858310626702997,0.534799529045166,-0.12866979284717317,264,0.6022727272727273,-0.10025456221617605
NQ,lo5,dn200,1805,1.5,1,81,0.6790123456790124,0.5712341939491306,0.014570829504136643,55,0.6909090909090909,0.03580674248265333
NQ,lo5,dn200,1805,1.5,-1,261,0.6015325670498084,0.5410771452053085,-0.10317910628485805,184,0.5978260869565217,-0.10586858021454304
NQ,lo5,dn200,1805,2.0,1,67,0.6865671641791045,0.5679519232318382,0.02688678819842698,46,0.7608695652173914,0.13718111974475078
NQ,lo5,dn200,1805,2.0,-1,186,0.5967741935483871,0.5250070353791424,-0.10891847894699613,140,0.6071428571428571,-0.09131616478864472
NQ,lo5,dn200,1805,3.0,1,47,0.7446808510638298,0.604915508600796,0.11501318986747103,27,0.6666666666666666,-0.010340246773691534
NQ,lo5,dn200,1805,3.0,-1,115,0.5739130434782609,0.4825830328016102,-0.1414487829924426,89,0.5730337078651685,-0.14198195716110543
NQ,lo5,dn50,0930,0.5,1,231,0.6233766233766234,0.5593532654692871,-0.07887583602487672,205,0.7121951219512195,0.061663536422757605
NQ,lo5,dn50,0930,0.5,-1,602,0.6079734219269103,0.5684071885909336,-0.1031744422944717,449,0.6325167037861915,-0.055304049733611686
NQ,lo5,dn50,0930,1.0,1,202,0.6534653465346535,0.5855290836377073,-0.030357422131497284,171,0.7017543859649122,0.051687154703181186
NQ,lo5,dn50,0930,1.0,-1,382,0.6020942408376964,0.5522273689825726,-0.10479109184766885,282,0.6099290780141844,-0.08818766909424458
NQ,lo5,dn50,0930,1.5,1,145,0.7172413793103448,0.6390681107189424,0.07083719446283233,124,0.7016129032258065,0.043839205856086624
NQ,lo5,dn50,0930,1.5,-1,263,0.6083650190114068,0.5482172717770228,-0.09204560813715502,197,0.5888324873096447,-0.1177128313546625
NQ,lo5,dn50,0930,2.0,1,119,0.7647058823529411,0.6809594823373151,0.1440219271009459,99,0.6868686868686869,0.023773227459512197
NQ,lo5,dn50,0930,2.0,-1,200,0.63,0.5612250134987606,-0.05890726753695068,130,0.5846153846153846,-0.12404605556081788
NQ,lo5,dn50,0930,3.0,1,84,0.8333333333333334,0.7394676499262363,0.24554633768055,57,0.7368421052631579,0.10427907261392962
NQ,lo5,dn50,0930,3.0,-1,113,0.5929203539823009,0.5007298070856252,-0.11283306678057703,87,0.5747126436781609,-0.138955843583258
NQ,lo5,dn50,1805,0.5,1,235,0.723404255319149,0.6629670617536594,0.07383571589818431,206,0.7038834951456311,0.04627915528322384
NQ,lo5,dn50,1805,0.5,-1,589,0.601018675721562,0.5609395150846306,-0.113643815086885,418,0.6267942583732058,-0.06513101645611266
NQ,lo5,dn50,1805,1.0,1,190,0.6947368421052632,0.6259321440195607,0.03274484319589359,160,0.68125,0.019096613732973024
NQ,lo5,dn50,1805,1.0,-1,359,0.5793871866295265,0.5277444534024036,-0.13859803150072994,260,0.5961538461538461,-0.10948183011976373
NQ,lo5,dn50,1805,1.5,1,146,0.7191780821917808,0.6413826880111584,0.07457852970662915,117,0.717948717948718,0.07628251846237039
NQ,lo5,dn50,1805,1.5,-1,254,0.6023622047244095,0.5410794205428807,-0.10196992864913523,175,0.5771428571428572,-0.13666761391983948
NQ,lo5,dn50,1805,2.0,1,118,0.7627118644067796,0.6784359988333908,0.13971487669199342,96,0.7291666666666666,0.09229775122580218
NQ,lo5,dn50,1805,2.0,-1,199,0.6130653266331658,0.5438627991458483,-0.08447759428948087,133,0.5939849624060151,-0.11079945796380204
NQ,lo5,dn50,1805,3.0,1,86,0.7906976744186046,0.6932321275872693,0.1815126411276613,59,0.7457627118644068,0.11355015377343484
NQ,lo5,dn50,1805,3.0,-1,120,0.5916666666666667,0.5022061864748179,-0.1148519293248998,83,0.5662650602409639,-0.15203132522948457
NQ,up>=2,none,0930,0.5,1,664,0.6882530120481928,0.6520221209942704,0.015527653984791086,479,0.6471816283924844,-0.03267583246490338
NQ,up>=2,none,0930,0.5,-1,433,0.6212471131639723,0.574679591907512,-0.0812611032393471,322,0.6739130434782609,0.00640251400721216
NQ,up>=2,none,0930,1.0,1,511,0.700587084148728,0.6594993901670319,0.04350058868710763,382,0.662303664921466,-0.007874473416513223
NQ,up>=2,none,0930,1.0,-1,398,0.6306532663316583,0.5821986621723332,-0.061315818710838264,279,0.6200716845878136,-0.07190161956495791
NQ,up>=2,none,0930,1.5,1,380,0.6973684210526315,0.6493919083524009,0.040790053756573116,299,0.6889632107023411,0.03255658067913363
NQ,up>=2,none,0930,1.5,-1,330,0.6212121212121212,0.5677626195174463,-0.07265461623446387,231,0.6406926406926406,-0.04222153998556021
NQ,up>=2,none,0930,2.0,1,297,0.6936026936026936,0.6389781795499357,0.03699276813034202,229,0.6812227074235808,0.019246756974499256
NQ,up>=2,none,0930,2.0,-1,276,0.6304347826086957,0.5720615746471533,-0.059355320981730644,186,0.6236559139784946,-0.06606485944023005
NQ,up>=2,none,0930,3.0,1,178,0.7752808988764045,0.7085192859083902,0.1608376536931927,130,0.7153846153846154,0.07226390705013772
NQ,up>=2,none,0930,3.0,-1,162,0.6111111111111112,0.5342963849698963,-0.08555643128956668,127,0.5590551181102362,-0.16219459775622205
NQ,up>=2,none,1805,0.5,1,659,0.7389984825493171,0.70415017688639,0.09213293325664433,469,0.6950959488272921,0.03981509153693862
NQ,up>=2,none,1805,0.5,-1,426,0.596244131455399,0.548991450963251,-0.11924776117732218,322,0.6894409937888198,0.029846647676892938
NQ,up>=2,none,1805,1.0,1,511,0.726027397260274,0.6857783543909889,0.0815240752477357,379,0.6649076517150396,-0.004658273466500059
NQ,up>=2,none,1805,1.0,-1,393,0.6055979643765903,0.5564799061098501,-0.0985957115322636,288,0.6527777777777778,-0.024410378531886635
NQ,up>=2,none,1805,1.5,1,395,0.7088607594936709,0.6622188860145028,0.05720087079140206,301,0.6677740863787376,0.00026096960503523155
NQ,up>=2,none,1805,1.5,-1,337,0.6083086053412463,0.5552515389636307,-0.0931177926206036,235,0.625531914893617,-0.06407759390406045
NQ,up>=2,none,1805,2.0,1,301,0.7275747508305648,0.6746463525155497,0.08743969265984819,220,0.7090909090909091,0.061150125186482045
NQ,up>=2,none,1805,2.0,-1,265,0.6113207547169811,0.5514392637459767,-0.08752552037989673,182,0.6483516483516484,-0.02857649403461066
NQ,up>=2,none,1805,3.0,1,181,0.7458563535911602,0.6777731758797979,0.11673077218327171,124,0.7258064516129032,0.08583568123455142
NQ,up>=2,none,1805,3.0,-1,152,0.5855263157894737,0.5060436263488485,-0.12403799035813706,116,0.5948275862068966,-0.1083356494152956
NQ,up>=2,up200,0930,0.5,1,552,0.6847826086956522,0.644859987255866,0.00949295160536654,407,0.6412776412776413,-0.04160432631983549
NQ,up>=2,up200,0930,0.5,-1,119,0.6302521008403361,0.5407139742525193,-0.06678063444261241,91,0.7032967032967034,0.04862676923001415
NQ,up>=2,up200,0930,1.0,1,422,0.7014218009478673,0.6561006686420784,0.04462696167851558,323,0.6625386996904025,-0.007602063412894882
NQ,up>=2,up200,0930,1.0,-1,107,0.6355140186915887,0.5410943693834448,-0.053845446560230686,77,0.6623376623376623,-0.008036476681752506
NQ,up>=2,up200,0930,1.5,1,319,0.6927899686520376,0.6401190948727578,0.03377727874885507,257,0.7003891050583657,0.0497274371905238
NQ,up>=2,up200,0930,1.5,-1,87,0.6436781609195402,0.5389300856293024,-0.03907698075916062,64,0.671875,0.007025134176751963
NQ,up>=2,up200,0930,2.0,1,249,0.6827309236947792,0.6225193221663018,0.0207218709775381,193,0.694300518134715,0.03948385126752741
NQ,up>=2,up200,0930,2.0,-1,74,0.5945945945945946,0.4807563154549811,-0.11349152441574759,53,0.6792452830188679,0.01825682057732124
NQ,up>=2,up200,0930,3.0,1,152,0.756578947368421,0.6825795168754425,0.13291346020117487,115,0.7304347826086957,0.09477383472158404
NQ,up>=2,up200,0930,3.0,-1,44,0.5681818181818182,0.42223890740554393,-0.14987160378908293,33,0.6363636363636364,-0.04668970878433783
NQ,up>=2,up200,1805,0.5,1,547,0.7422303473491774,0.7039738037511856,0.09646822079301881,397,0.7027707808564232,0.05112411759127678
NQ,up>=2,up200,1805,0.5,-1,115,0.6782608695652174,0.588312128684693,0.005159863672483002,91,0.6703296703296703,0.003599077587032987
NQ,up>=2,up200,1805,1.0,1,425,0.7270588235294118,0.6828132218623336,0.08287475816262947,323,0.6749226006191951,0.010171903653879917
NQ,up>=2,up200,1805,1.0,-1,106,0.6415094339622641,0.5467402280775484,-0.04458255162326443,78,0.6794871794871795,0.009337085035194299
NQ,up>=2,up200,1805,1.5,1,331,0.7099697885196374,0.6588965072734966,0.05855782996149637,255,0.6705882352941176,0.004347741588390328
NQ,up>=2,up200,1805,1.5,-1,88,0.6477272727272727,0.543657919937886,-0.03437520728227659,58,0.603448275862069,-0.09615668679161372
NQ,up>=2,up200,1805,2.0,1,252,0.7142857142857143,0.6556176777638222,0.06737105030785667,188,0.7180851063829787,0.07554157304026343
NQ,up>=2,up200,1805,2.0,-1,70,0.6428571428571429,0.5258817704420135,-0.03863165646260248,42,0.6904761904761905,0.03499101157475484
NQ,up>=2,up200,1805,3.0,1,155,0.7419354838709677,0.6677842436427924,0.11090118563262193,111,0.7297297297297297,0.09136066347735329
NQ,up>=2,up200,1805,3.0,-1,42,0.5952380952380952,0.44494045528177417,-0.10960320993850525,28,0.6785714285714286,0.017566824978308138
NQ,up>=2,up50,0930,0.5,1,536,0.6828358208955224,0.6422556343424214,0.009305624238954976,384,0.6458333333333334,-0.03510944035870093
NQ,up>=2,up50,0930,0.5,-1,199,0.628140703517588,0.5591583108022891,-0.06959940694126326,154,0.6558441558441559,-0.020892221306185146
NQ,up>=2,up50,0930,1.0,1,407,0.7027027027027027,0.6565689464269586,0.04723889222070759,306,0.673202614379085,0.00837791427206178
NQ,up>=2,up50,0930,1.0,-1,185,0.6108108108108108,0.5389790554054597,-0.09096572993023305,140,0.65,-0.026340262168504446
NQ,up>=2,up50,0930,1.5,1,305,0.6852459016393443,0.6310943441048488,0.022127309008040833,242,0.6942148760330579,0.040446769659148556
NQ,up>=2,up50,0930,1.5,-1,161,0.577639751552795,0.5004049570728792,-0.1378896394296926,117,0.6752136752136753,0.012059557150571613
NQ,up>=2,up50,0930,2.0,1,239,0.6736401673640168,0.6118558574612113,0.006900926831284779,180,0.6833333333333333,0.022059617587363998
NQ,up>=2,up50,0930,2.0,-1,137,0.5693430656934306,0.4856505024920497,-0.15024187971656386,95,0.6631578947368421,-0.005855995479087914
NQ,up>=2,up50,0930,3.0,1,146,0.7465753424657534,0.6703206049578961,0.11758236984163345,110,0.7272727272727273,0.09041666972141045
NQ,up>=2,up50,0930,3.0,-1,87,0.5517241379310345,0.447243599475858,-0.17450646571123835,65,0.6,-0.10103003218096257
NQ,up>=2,up50,1805,0.5,1,526,0.7414448669201521,0.7023712136890947,0.09765774274194369,375,0.7066666666666667,0.05691675760022171
NQ,up>=2,up50,1805,0.5,-1,197,0.6243654822335025,0.5549665660758544,-0.07508166315817312,153,0.6928104575163399,0.037250692322464835
NQ,up>=2,up50,1805,1.0,1,412,0.7257281553398058,0.6807107008666907,0.08107188653800576,304,0.6842105263157895,0.02403464055311743
NQ,up>=2,up50,1805,1.0,-1,182,0.5934065934065934,0.5208272083292351,-0.11574412905266936,137,0.6861313868613139,0.02311708885944578
NQ,up>=2,up50,1805,1.5,1,312,0.7019230769230769,0.6489609052489118,0.04609590940050063,240,0.6791666666666667,0.01716632409381992
NQ,up>=2,up50,1805,1.5,-1,161,0.5652173913043478,0.4880048005266072,-0.15732873360444513,116,0.646551724137931,-0.031328863336682514
NQ,up>=2,up50,1805,2.0,1,239,0.702928870292887,0.6421538895156307,0.05008862472947275,180,0.7111111111111111,0.06415114806045
NQ,up>=2,up50,1805,2.0,-1,132,0.5681818181818182,0.48293347016433685,-0.15106673552564415,86,0.6744186046511628,0.010990175089575997
NQ,up>=2,up50,1805,3.0,1,147,0.7619047619047619,0.6869375199260563,0.14075430787415025,104,0.7403846153846154,0.10993667160686699
NQ,up>=2,up50,1805,3.0,-1,85,0.5294117647058824,0.424339860632142,-0.2081800400970775,54,0.6111111111111112,-0.08368950903084364
NQ,up>=2,dn200,0930,0.5,1,114,0.7105263157894737,0.6214916727333843,0.05314261777464227,72,0.6805555555555556,0.017794959187282206
NQ,up>=2,dn200,0930,0.5,-1,314,0.6178343949044586,0.5629701403160522,-0.08674892421645355,231,0.6623376623376623,-0.01023128350480074
NQ,up>=2,dn200,0930,1.0,1,91,0.7032967032967034,0.6027577176380822,0.04824423872597317,61,0.6721311475409836,0.007320010167846079
NQ,up>=2,dn200,0930,1.0,-1,291,0.6288659793814433,0.5720163833532005,-0.06406265658064929,202,0.6039603960396039,-0.096246253238259
NQ,up>=2,dn200,0930,1.5,1,66,0.7424242424242424,0.6256667257006108,0.10931152023589262,44,0.6136363636363636,-0.0806041271275857
NQ,up>=2,dn200,0930,1.5,-1,245,0.6122448979591837,0.5499481788362868,-0.08606252686714558,168,0.6309523809523809,-0.05775668350942459
NQ,up>=2,dn200,0930,2.0,1,51,0.7450980392156863,0.6113145589385128,0.1141271497852031,39,0.6153846153846154,-0.08240814534873094
NQ,up>=2,dn200,0930,2.0,-1,204,0.6421568627450981,0.5743050341352317,-0.04161980672811648,136,0.6102941176470589,-0.08644540360936925
NQ,up>=2,dn200,0930,3.0,1,34,0.7647058823529411,0.6000353719173557,0.14449273696006404,17,0.6470588235294118,-0.029688607807309034
NQ,up>=2,dn200,0930,3.0,-1,122,0.6229508196721312,0.534436471496458,-0.06782764640489626,96,0.5416666666666666,-0.1881081436575184
NQ,up>=2,dn200,1805,0.5,1,113,0.7256637168141593,0.6370013046529361,0.07471635952072393,72,0.6527777777777778,-0.022541621568231546
NQ,up>=2,dn200,1805,0.5,-1,311,0.5659163987138264,0.5103576215208392,-0.165250580655546,231,0.696969696969697,0.040186599530474126
NQ,up>=2,dn200,1805,1.0,1,88,0.7272727272727273,0.6261859859635164,0.08444147875796033,56,0.6071428571428571,-0.09019661650012022
NQ,up>=2,dn200,1805,1.0,-1,287,0.5923344947735192,0.5346258027970945,-0.11854482285753856,211,0.6398104265402843,-0.04151420458174835
NQ,up>=2,dn200,1805,1.5,1,66,0.7121212121212122,0.5936252235584776,0.06375413162612797,47,0.6382978723404256,-0.04321012608539461
NQ,up>=2,dn200,1805,1.5,-1,251,0.5936254980079682,0.5318944234826084,-0.11499868893795868,177,0.632768361581921,-0.05356577615001309
NQ,up>=2,dn200,1805,2.0,1,54,0.7777777777777778,0.6506107316841219,0.16350427618558203,33,0.6363636363636364,-0.05301071044274813
NQ,up>=2,dn200,1805,2.0,-1,199,0.6030150753768844,0.533702715973842,-0.10050663163457804,141,0.6382978723404256,-0.0437645268059854
NQ,up>=2,dn200,1805,3.0,1,31,0.7419354838709677,0.5675352757228489,0.1106887084112039,16,0.625,-0.06277821258358612
NQ,up>=2,dn200,1805,3.0,-1,115,0.591304347826087,0.4999188778213167,-0.1152905549727491,90,0.5777777777777777,-0.1339914966392404
NQ,up>=2,dn50,0930,0.5,1,129,0.7054263565891473,0.6217387574005973,0.03333067092606245,95,0.6526315789473685,-0.02283893318892179
NQ,up>=2,dn50,0930,0.5,-1,234,0.6153846153846154,0.5516629130264419,-0.091178528723615,168,0.6904761904761905,0.03142268804449302
NQ,up>=2,dn50,0930,1.0,1,107,0.6915887850467289,0.5987133170070399,0.02789676762259389,80,0.625,-0.06342431789163598
NQ,up>=2,dn50,0930,1.0,-1,215,0.641860465116279,0.575797456767642,-0.04465086994804575,143,0.5944055944055944,-0.11103320531706541
NQ,up>=2,dn50,0930,1.5,1,86,0.7558139534883721,0.6553692879036903,0.13036830673904096,60,0.6666666666666666,-0.0009242421957149887
NQ,up>=2,dn50,0930,1.5,-1,176,0.6534090909090909,0.5805025547149417,-0.02450453012768298,122,0.6311475409836066,-0.05875729002588533
NQ,up>=2,dn50,0930,2.0,1,72,0.7638888888888888,0.6540101280256627,0.14305990240951416,56,0.6964285714285714,0.04346302626928026
NQ,up>=2,dn50,0930,2.0,-1,151,0.6688741721854304,0.5904383378404611,-0.0022881741377332575,99,0.6161616161616161,-0.07813433373341279
NQ,up>=2,dn50,0930,3.0,1,53,0.7924528301886793,0.6654199754433079,0.18695607260787106,32,0.71875,0.07641351835150306
NQ,up>=2,dn50,0930,3.0,-1,94,0.6276595744680851,0.5267247800539883,-0.06092465830514494,73,0.5616438356164384,-0.1580164405546853
NQ,up>=2,dn50,1805,0.5,1,133,0.7293233082706767,0.6481631113881594,0.07028293484109946,95,0.6526315789473685,-0.022859022594122827
NQ,up>=2,dn50,1805,0.5,-1,229,0.5720524017467249,0.5072990796741207,-0.15724217737720148,169,0.6863905325443787,0.023143577672321933
NQ,up>=2,dn50,1805,1.0,1,100,0.73,0.6356769977376873,0.08751172220332236,79,0.5822784810126582,-0.12754555117782967
NQ,up>=2,dn50,1805,1.0,-1,212,0.6179245283018868,0.5509684615774733,-0.08107926063864668,151,0.6225165562913907,-0.06753132576773128
NQ,up>=2,dn50,1805,1.5,1,87,0.735632183908046,0.6344340373111473,0.09996037135320496,66,0.6212121212121212,-0.06885418955056845
NQ,up>=2,dn50,1805,1.5,-1,179,0.6480446927374302,0.5756390545762656,-0.03388724422813722,120,0.6083333333333333,-0.09103644451380886
NQ,up>=2,dn50,1805,2.0,1,73,0.7945205479452054,0.6882613165474036,0.1893143305979589,49,0.6938775510204082,0.038805385720924575
NQ,up>=2,dn50,1805,2.0,-1,146,0.6438356164383562,0.5633845775588833,-0.03972730581594379,100,0.64,-0.04147267284850793
NQ,up>=2,dn50,1805,3.0,1,52,0.75,0.6179328224079477,0.12327243291056461,32,0.6875,0.022093797462017943
NQ,up>=2,dn50,1805,3.0,-1,90,0.5888888888888889,0.48563048727714275,-0.11910233657689183,65,0.6,-0.10074296261023852
NQ,ibs>0.8,none,0930,0.5,1,729,0.6735253772290809,0.6386525523412957,-0.0030353673096898885,572,0.6573426573426573,-0.01735150401377219
NQ,ibs>0.8,none,0930,0.5,-1,401,0.6433915211970075,0.5953507796597232,-0.04822541848377257,316,0.6455696202531646,-0.0353345585549775
NQ,ibs>0.8,none,0930,1.0,1,612,0.7009803921568627,0.6635452962719118,0.04472211386688988,474,0.6582278481012658,-0.014637087249903518
NQ,ibs>0.8,none,0930,1.0,-1,368,0.6222826086956522,0.5717249301369294,-0.07757264288317046,302,0.6059602649006622,-0.0939553371801025
NQ,ibs>0.8,none,0930,1.5,1,450,0.6977777777777778,0.6538206079742146,0.041460619576966604,363,0.6859504132231405,0.02786733730396722
NQ,ibs>0.8,none,0930,1.5,-1,321,0.6074766355140186,0.5530875542609732,-0.09346217078927947,250,0.608,-0.09005472306969123
NQ,ibs>0.8,none,0930,2.0,1,341,0.7126099706744868,0.6624179594935924,0.06542890909987614,269,0.6914498141263941,0.03503138713489633
NQ,ibs>0.8,none,0930,2.0,-1,256,0.61328125,0.5523681228806132,-0.0846195623800841,197,0.6243654822335025,-0.06465375763671082
NQ,ibs>0.8,none,0930,3.0,1,206,0.7233009708737864,0.6585446705266074,0.08049707066094272,147,0.7210884353741497,0.08063378084652063
NQ,ibs>0.8,none,0930,3.0,-1,153,0.6013071895424836,0.5221567130978318,-0.10043533315892815,129,0.5271317829457365,-0.2120520040764164
NQ,ibs>0.8,none,1805,0.5,1,713,0.7152875175315568,0.6810775927434299,0.05940001173111055,559,0.6923076923076923,0.03247257757133818
NQ,ibs>0.8,none,1805,0.5,-1,396,0.6313131313131313,0.5827453255465953,-0.06605626862744897,310,0.6580645161290323,-0.01776953257174433
NQ,ibs>0.8,none,1805,1.0,1,593,0.7032040472175379,0.665220909954518,0.047886139353367156,461,0.6767895878524945,0.012385898468436454
NQ,ibs>0.8,none,1805,1.0,-1,366,0.6229508196721312,0.5722632178574156,-0.07452637157712644,288,0.6076388888888888,-0.09185926341391962
NQ,ibs>0.8,none,1805,1.5,1,445,0.701123595505618,0.6570173007313389,0.044974834010577044,344,0.6744186046511628,0.01026764014419508
NQ,ibs>0.8,none,1805,1.5,-1,318,0.60062893081761,0.5459053663341673,-0.10399244407665667,247,0.5870445344129555,-0.1213753161773825
NQ,ibs>0.8,none,1805,2.0,1,334,0.6946107784431138,0.643234953894434,0.03769359422340819,251,0.6932270916334662,0.03610970879544847
NQ,ibs>0.8,none,1805,2.0,-1,247,0.6072874493927125,0.545186706062188,-0.0936586436735999,192,0.5729166666666666,-0.14202760282687177
NQ,ibs>0.8,none,1805,3.0,1,195,0.7282051282051282,0.661802035068919,0.08841045935413383,147,0.7006802721088435,0.048682449131580666
NQ,ibs>0.8,none,1805,3.0,-1,147,0.564625850340136,0.4838390449716157,-0.15528936228863907,117,0.5384615384615384,-0.19386643405716014
NQ,ibs>0.8,up200,0930,0.5,1,600,0.6616666666666666,0.6228854724352652,-0.020995646211336545,463,0.6457883369330454,-0.03486592183518177
NQ,ibs>0.8,up200,0930,0.5,-1,113,0.6548672566371682,0.5634212472892778,-0.03087693866169046,84,0.6428571428571429,-0.03754663500803336
NQ,ibs>0.8,up200,0930,1.0,1,499,0.6913827655310621,0.6495194283245668,0.03027917332129345,383,0.660574412532637,-0.011373612617137674
NQ,ibs>0.8,up200,0930,1.0,-1,105,0.6,0.5043654380846405,-0.10760443011003176,81,0.6296296296296297,-0.056446162785161264
NQ,ibs>0.8,up200,0930,1.5,1,369,0.6829268292682927,0.6337697875833863,0.018948584448860863,300,0.69,0.03390746072456214
NQ,ibs>0.8,up200,0930,1.5,-1,91,0.6043956043956044,0.5016642594838487,-0.09853854339239805,66,0.6666666666666666,-0.0007717431826991048
NQ,ibs>0.8,up200,0930,2.0,1,283,0.6925795053003534,0.6365387026167951,0.03555673092643246,223,0.695067264573991,0.04098754831196323
NQ,ibs>0.8,up200,0930,2.0,-1,73,0.589041095890411,0.47449015192198346,-0.11972206008492572,52,0.6730769230769231,0.009095014568074536
NQ,ibs>0.8,up200,0930,3.0,1,169,0.6982248520710059,0.6252435010523353,0.04243698900851381,132,0.7196969696969697,0.07846110186346371
NQ,ibs>0.8,up200,0930,3.0,-1,50,0.62,0.4815019502239357,-0.07276933580953229,32,0.65625,-0.015911270318385518
NQ,ibs>0.8,up200,1805,0.5,1,589,0.7147707979626485,0.6770055744119897,0.058639945269599765,449,0.7037861915367484,0.05214015796402799
NQ,ibs>0.8,up200,1805,0.5,-1,112,0.6428571428571429,0.5507337762258679,-0.04856740135487408,83,0.6867469879518072,0.01906354085643076
NQ,ibs>0.8,up200,1805,1.0,1,491,0.7026476578411406,0.6607694804823503,0.04696877217111452,375,0.68,0.01751323373500224
NQ,ibs>0.8,up200,1805,1.0,-1,108,0.6111111111111112,0.516864220923738,-0.09041567924680818,79,0.6329113924050633,-0.05443499016367366
NQ,ibs>0.8,up200,1805,1.5,1,369,0.6883468834688347,0.639351542257567,0.025284117803710034,281,0.6903914590747331,0.03406579818791275
NQ,ibs>0.8,up200,1805,1.5,-1,92,0.5760869565217391,0.47405256502938276,-0.1423390038354126,61,0.6229508196721312,-0.06685322044275575
NQ,ibs>0.8,up200,1805,2.0,1,276,0.6702898550724637,0.6128221289052829,0.0009495903986381798,206,0.7087378640776699,0.06078973210869807
NQ,ibs>0.8,up200,1805,2.0,-1,71,0.6056338028169014,0.48935555888360793,-0.09477310405144419,47,0.6595744680851063,-0.011084764992758803
NQ,ibs>0.8,up200,1805,3.0,1,161,0.7142857142857143,0.6401469098599128,0.06709746263787222,132,0.7121212121212122,0.06561030761197259
NQ,ibs>0.8,up200,1805,3.0,-1,45,0.6,0.4545159420914473,-0.1022398641566933,26,0.6538461538461539,-0.019509458655079616
NQ,ibs>0.8,up50,0930,0.5,1,568,0.6654929577464789,0.6256935697989816,-0.015944364751096632,428,0.6495327102803738,-0.02959994046957158
NQ,ibs>0.8,up50,0930,0.5,-1,192,0.6875,0.6187999478210462,0.020019430447918846,150,0.6266666666666667,-0.06206976020837229
NQ,ibs>0.8,up50,0930,1.0,1,469,0.6993603411513859,0.6563782986948491,0.04181748408085166,355,0.6647887323943662,-0.004921953404021013
NQ,ibs>0.8,up50,0930,1.0,-1,177,0.6271186440677966,0.5538863694811078,-0.0697335827516176,144,0.625,-0.0639242049815384
NQ,ibs>0.8,up50,0930,1.5,1,347,0.6743515850144092,0.6233689862378448,0.005866580550279958,272,0.6801470588235294,0.0190764384740708
NQ,ibs>0.8,up50,0930,1.5,-1,159,0.5660377358490566,0.4883398166689109,-0.1549969180422251,120,0.65,-0.025773346609828038
NQ,ibs>0.8,up50,0930,2.0,1,264,0.678030303030303,0.6194623032772171,0.013568132424716557,205,0.6829268292682927,0.02192077225950579
NQ,ibs>0.8,up50,0930,2.0,-1,128,0.5625,0.47597943503754575,-0.15924231536434424,100,0.67,0.0044600362653284984
NQ,ibs>0.8,up50,0930,3.0,1,155,0.7032258064516129,0.6270958111315506,0.05139966341255318,125,0.72,0.07948089529642278
NQ,ibs>0.8,up50,0930,3.0,-1,83,0.5662650602409639,0.45905732827608065,-0.1530808532061047,65,0.6461538461538462,-0.03130710408233866
NQ,ibs>0.8,up50,1805,0.5,1,552,0.7119565217391305,0.6728156181994142,0.053590681624653545,415,0.708433734939759,0.05898263128481162
NQ,ibs>0.8,up50,1805,0.5,-1,190,0.6157894736842106,0.5449810851565035,-0.08792854406941009,149,0.6845637583892618,0.019708164860564998
NQ,ibs>0.8,up50,1805,1.0,1,458,0.7052401746724891,0.6619153014631743,0.05042568552217971,343,0.6822157434402333,0.020701424715053766
NQ,ibs>0.8,up50,1805,1.0,-1,179,0.6201117318435754,0.5471900575135635,-0.07735090449812212,138,0.6376811594202898,-0.04614524436735284
NQ,ibs>0.8,up50,1805,1.5,1,335,0.6865671641791045,0.6350130093264887,0.023612922683362347,254,0.6968503937007874,0.04367047479931558
NQ,ibs>0.8,up50,1805,1.5,-1,158,0.5822784810126582,0.5043167728851662,-0.13163512977092584,118,0.5932203389830508,-0.11257638197925403
NQ,ibs>0.8,up50,1805,2.0,1,258,0.6744186046511628,0.6150434190009278,0.0074074419402731986,194,0.7061855670103093,0.05603200532670655
NQ,ibs>0.8,up50,1805,2.0,-1,123,0.5772357723577236,0.48889394915995515,-0.1374286934242347,96,0.6145833333333334,-0.0786463916353284
NQ,ibs>0.8,up50,1805,3.0,1,145,0.7241379310344828,0.6463159570542303,0.08357249738880546,122,0.7213114754098361,0.08153900021995245
NQ,ibs>0.8,up50,1805,3.0,-1,80,0.525,0.41695451180328746,-0.21469766926306783,58,0.6206896551724138,-0.06931766499429072
NQ,ibs>0.8,dn200,0930,0.5,1,129,0.7286821705426356,0.6461672067459713,0.08050081362820152,109,0.7064220183486238,0.057044601044141933
NQ,ibs>0.8,dn200,0930,0.5,-1,288,0.6388888888888888,0.5819222178689526,-0.0550322873028534,232,0.646551724137931,-0.03453363432197453
NQ,ibs>0.8,dn200,0930,1.0,1,116,0.75,0.6640460052056096,0.11854072366874616,94,0.648936170212766,-0.027491207827355927
NQ,ibs>0.8,dn200,0930,1.0,-1,263,0.6311787072243346,0.5713680684601632,-0.06558276585343494,221,0.5972850678733032,-0.10770304363254703
NQ,ibs>0.8,dn200,0930,1.5,1,86,0.7674418604651163,0.6679021685151015,0.14709012486935277,65,0.6461538461538462,-0.031660828008505705
NQ,ibs>0.8,dn200,0930,1.5,-1,232,0.6077586206896551,0.5436642760130113,-0.09285275948136108,185,0.5891891891891892,-0.11871937417822413
NQ,ibs>0.8,dn200,0930,2.0,1,65,0.7692307692307693,0.6535506019179673,0.14960225529013713,50,0.66,-0.014369955551502812
NQ,ibs>0.8,dn200,0930,2.0,-1,186,0.6236559139784946,0.5521913684349933,-0.06952126936686491,147,0.6054421768707483,-0.09327017870800548
NQ,ibs>0.8,dn200,0930,3.0,1,44,0.7954545454545454,0.6549913631816677,0.19081341096720397,18,0.6666666666666666,-0.0002659195223457564
NQ,ibs>0.8,dn200,0930,3.0,-1,110,0.6090909090909091,0.5156976365529584,-0.0885321280914752,99,0.494949494949495,-0.26106865337598306
NQ,ibs>0.8,dn200,1805,0.5,1,124,0.717741935483871,0.6329011494920659,0.0630103274232868,110,0.6454545454545455,-0.04780690966791385
NQ,ibs>0.8,dn200,1805,0.5,-1,284,0.6267605633802817,0.5691673655633246,-0.07295328670677426,227,0.6475770925110133,-0.03123713210715638
NQ,ibs>0.8,dn200,1805,1.0,1,106,0.7169811320754716,0.6248082524055175,0.06903335974030908,87,0.6666666666666666,-0.004116904382359391
NQ,ibs>0.8,dn200,1805,1.0,-1,258,0.627906976744186,0.5674525832591767,-0.06787503348284103,211,0.5971563981042654,-0.10737737601959661
NQ,ibs>0.8,dn200,1805,1.5,1,81,0.7654320987654321,0.6624506582197044,0.14406632926526822,67,0.5970149253731343,-0.10512072826344782
NQ,ibs>0.8,dn200,1805,1.5,-1,228,0.6096491228070176,0.5450105489556651,-0.08983889594287678,187,0.5775401069518716,-0.13583954628027894
NQ,ibs>0.8,dn200,1805,2.0,1,65,0.7846153846153846,0.6703320947133157,0.17393427487522195,48,0.6041666666666666,-0.10334856259716907
NQ,ibs>0.8,dn200,1805,2.0,-1,181,0.6022099447513812,0.5294939598808769,-0.10176350020765369,146,0.547945205479452,-0.17978472374866314
NQ,ibs>0.8,dn200,1805,3.0,1,38,0.8157894736842105,0.6658083165848865,0.2218053368674245,20,0.6,-0.10068734251590858
NQ,ibs>0.8,dn200,1805,3.0,-1,107,0.5700934579439252,0.4754673892922151,-0.14704560655848647,92,0.5108695652173914,-0.23560074855670923
NQ,ibs>0.8,dn50,0930,0.5,1,161,0.7018633540372671,0.6271683443522424,0.04250693422272646,144,0.6805555555555556,0.019053571007631567
NQ,ibs>0.8,dn50,0930,0.5,-1,209,0.6028708133971292,0.5352514816788229,-0.11091925099518288,166,0.6626506024096386,-0.011176243807934005
NQ,ibs>0.8,dn50,0930,1.0,1,143,0.7062937062937062,0.6270309941888291,0.05424848708123901,124,0.6370967741935484,-0.04592095529347169
NQ,ibs>0.8,dn50,0930,1.0,-1,191,0.6178010471204188,0.5472074973374735,-0.08483711221974038,158,0.5886075949367089,-0.12132548298132549
NQ,ibs>0.8,dn50,0930,1.5,1,111,0.7747747747747747,0.688630644979295,0.15850185241969578,96,0.6875,0.030453703320999243
NQ,ibs>0.8,dn50,0930,1.5,-1,166,0.6566265060240963,0.5815831021620439,-0.02029991571353798,136,0.5882352941176471,-0.12076093348231065
NQ,ibs>0.8,dn50,0930,2.0,1,91,0.8131868131868132,0.7210386540209152,0.21727186057388695,71,0.704225352112676,0.055294624936000195
NQ,ibs>0.8,dn50,0930,2.0,-1,141,0.6595744680851063,0.5780554468943208,-0.01651738666846213,105,0.580952380952381,-0.1303502289637306
NQ,ibs>0.8,dn50,0930,3.0,1,68,0.8088235294117647,0.6998913522432758,0.20718855595343189,44,0.7045454545454546,0.05469570867832359
NQ,ibs>0.8,dn50,0930,3.0,-1,90,0.6111111111111112,0.5078226845453937,-0.08566250846385308,75,0.49333333333333335,-0.26429576760311313
NQ,ibs>0.8,dn50,1805,0.5,1,161,0.7267080745341615,0.6531874029593924,0.07931771495324888,144,0.6458333333333334,-0.04392792445013041
NQ,ibs>0.8,dn50,1805,0.5,-1,206,0.6456310679611651,0.5781913100584654,-0.04588281069554305,161,0.6335403726708074,-0.05245386125133496
NQ,ibs>0.8,dn50,1805,1.0,1,138,0.7028985507246377,0.6219967180154122,0.04920977382522461,123,0.6422764227642277,-0.039805692171305154
NQ,ibs>0.8,dn50,1805,1.0,-1,187,0.6256684491978609,0.5544296427944329,-0.07182267428911451,151,0.5827814569536424,-0.1297221408309035
NQ,ibs>0.8,dn50,1805,1.5,1,114,0.7543859649122807,0.6679323474733541,0.12364284818160363,100,0.6,-0.10066234523648859
NQ,ibs>0.8,dn50,1805,1.5,-1,165,0.6303030303030303,0.5544641055856944,-0.05934495430585976,132,0.5833333333333334,-0.1264957059479674
NQ,ibs>0.8,dn50,1805,2.0,1,88,0.7840909090909091,0.6872227423488249,0.17216676934092343,69,0.6521739130434783,-0.026278459927385953
NQ,ibs>0.8,dn50,1805,2.0,-1,137,0.635036496350365,0.5517592674020664,-0.05313250522142835,101,0.5643564356435643,-0.15565234799992766
NQ,ibs>0.8,dn50,1805,3.0,1,67,0.7910447761194029,0.679279673204875,0.18129063122677969,46,0.6521739130434783,-0.02822470399186008
NQ,ibs>0.8,dn50,1805,3.0,-1,89,0.5955056179775281,0.491640345784806,-0.10908739115884102,68,0.5147058823529411,-0.2303603559588551
NQ,hi5,none,0930,0.5,1,783,0.6628352490421456,0.6289985637062416,-0.020622232914208338,553,0.674502712477396,0.00833179614903476
NQ,hi5,none,0930,0.5,-1,473,0.6173361522198731,0.5727552963617792,-0.08757916700460916,368,0.654891304347826,-0.021868546107789454
NQ,hi5,none,0930,1.0,1,586,0.6928327645051194,0.6543259380136649,0.03256944430064635,411,0.6958637469586375,0.04201526737144714
NQ,hi5,none,0930,1.0,-1,425,0.6470588235294118,0.6004918529014797,-0.03664625571761832,330,0.5969696969696969,-0.10657432701223471
NQ,hi5,none,0930,1.5,1,409,0.6919315403422983,0.645572918305576,0.03244877388123524,311,0.7106109324758842,0.0648828005182878
NQ,hi5,none,0930,1.5,-1,352,0.6193181818181818,0.5675630771652406,-0.07556110647980442,273,0.63003663003663,-0.05685209888249881
NQ,hi5,none,0930,2.0,1,308,0.7012987012987013,0.6479589338429772,0.04855781720912433,228,0.6885964912280702,0.0303043015784566
NQ,hi5,none,0930,2.0,-1,292,0.6232876712328768,0.5664461777051429,-0.06936079712180188,215,0.6139534883720931,-0.08029063919445628
NQ,hi5,none,0930,3.0,1,186,0.7419354838709677,0.6746020384274594,0.10998094938408187,141,0.723404255319149,0.08408635690250288
NQ,hi5,none,0930,3.0,-1,165,0.6,0.5237935361880482,-0.10247655169989206,133,0.6015037593984962,-0.09888468591568009
NQ,hi5,none,1805,0.5,1,774,0.7286821705426356,0.6962846039593529,0.07850474075758787,542,0.7158671586715867,0.0710451410252202
NQ,hi5,none,1805,0.5,-1,468,0.6217948717948718,0.577035250414641,-0.08090314804827281,365,0.6958904109589041,0.04164196062031361
NQ,hi5,none,1805,1.0,1,563,0.7158081705150977,0.677186425683308,0.06657921067628547,403,0.7121588089330024,0.0653441877846458
NQ,hi5,none,1805,1.0,-1,421,0.6484560570071259,0.6016920576283412,-0.035011981038777146,333,0.6276276276276276,-0.06172949773000946
NQ,hi5,none,1805,1.5,1,412,0.6966019417475728,0.6505617693430162,0.03905479297378856,300,0.7,0.048242792719084285
NQ,hi5,none,1805,1.5,-1,350,0.6114285714285714,0.5594165425603896,-0.08770152916573556,270,0.6148148148148148,-0.07998865186384971
NQ,hi5,none,1805,2.0,1,308,0.7142857142857143,0.6614356998964366,0.06759357482392249,219,0.7168949771689498,0.07369653723402823
NQ,hi5,none,1805,2.0,-1,278,0.60431654676259,0.545787015550892,-0.09689756817785779,208,0.6105769230769231,-0.0850711268120691
NQ,hi5,none,1805,3.0,1,180,0.7388888888888889,0.6702065350320432,0.10581018968422486,136,0.7279411764705882,0.08904165648212112
NQ,hi5,none,1805,3.0,-1,157,0.5923566878980892,0.5141756128359456,-0.11371614547190231,129,0.5813953488372093,-0.1288067759608169
NQ,hi5,up200,0930,0.5,1,651,0.663594470046083,0.6264335014106485,-0.01963699276219157,470,0.6638297872340425,-0.00778489401574664
NQ,hi5,up200,0930,0.5,-1,143,0.6433566433566433,0.5620381944153455,-0.04793080066480395,106,0.6698113207547169,-0.0009726317377206178
NQ,hi5,up200,0930,1.0,1,485,0.688659793814433,0.6461024338763255,0.02639680274529772,348,0.6896551724137931,0.032533208891318305
NQ,hi5,up200,0930,1.0,-1,127,0.6614173228346457,0.5754522310020593,-0.014018981815687311,89,0.6067415730337079,-0.0907937988013927
NQ,hi5,up200,0930,1.5,1,345,0.6840579710144927,0.6332033036995679,0.020470735148232014,269,0.7174721189591078,0.07510498690758163
NQ,hi5,up200,0930,1.5,-1,108,0.6388888888888888,0.5449705366692225,-0.046212097719171,73,0.6301369863013698,-0.055560687797837634
NQ,hi5,up200,0930,2.0,1,260,0.6884615384615385,0.6297671092051381,0.029570399762861264,196,0.6887755102040817,0.030220363454885865
NQ,hi5,up200,0930,2.0,-1,90,0.6333333333333333,0.530221128924694,-0.05319774228757793,58,0.6551724137931034,-0.018089983691911657
NQ,hi5,up200,0930,3.0,1,161,0.7329192546583851,0.6597316433901631,0.09647029756038993,122,0.7295081967213115,0.093131447814631
NQ,hi5,up200,0930,3.0,-1,51,0.6078431372549019,0.4708491122516505,-0.09118313137476332,39,0.6666666666666666,-0.0002872900023913377
NQ,hi5,up200,1805,0.5,1,644,0.7282608695652174,0.692624225917252,0.07774777921335452,456,0.7192982456140351,0.07598487358721824
NQ,hi5,up200,1805,0.5,-1,139,0.6474820143884892,0.565066323853749,-0.04150840401912904,106,0.6698113207547169,0.002856556935500704
NQ,hi5,up200,1805,1.0,1,471,0.721868365180467,0.6797305745751124,0.07562205416363392,345,0.7101449275362319,0.06197616159357151
NQ,hi5,up200,1805,1.0,-1,126,0.6746031746031746,0.588682034860208,0.005096537758082028,91,0.6263736263736264,-0.06877568241103905
NQ,hi5,up200,1805,1.5,1,349,0.6905444126074498,0.6401903730274358,0.029778636694187715,257,0.7003891050583657,0.04862492341152351
NQ,hi5,up200,1805,1.5,-1,104,0.6442307692307693,0.5485886820119005,-0.03935237574674859,67,0.5970149253731343,-0.10570180667100904
NQ,hi5,up200,1805,2.0,1,263,0.6996197718631179,0.6416666901224692,0.045537342589263306,187,0.7219251336898396,0.0820812044363073
NQ,hi5,up200,1805,2.0,-1,81,0.6419753086419753,0.53332859558884,-0.03996299452114234,50,0.64,-0.04067068427185121
NQ,hi5,up200,1805,3.0,1,158,0.7278481012658228,0.6536563028039972,0.08924497411591074,116,0.7413793103448276,0.10875743015827603
NQ,hi5,up200,1805,3.0,-1,47,0.574468085106383,0.43281668771211546,-0.14074931915238284,31,0.7096774193548387,0.06424613192379498
NQ,hi5,up50,0930,0.5,1,651,0.6682027649769585,0.6311381351572195,-0.013158059714264383,467,0.6659528907922913,-0.004825378851337827
NQ,hi5,up50,0930,0.5,-1,236,0.6610169491525424,0.5984738235573888,-0.020336706331803074,206,0.6456310679611651,-0.03554435646218703
NQ,hi5,up50,0930,1.0,1,482,0.6950207468879668,0.6525101452687107,0.035670367459391415,344,0.6947674418604651,0.04042227468408038
NQ,hi5,up50,0930,1.0,-1,214,0.6542056074766355,0.588266300722427,-0.025169112989625403,185,0.6054054054054054,-0.09340879930454793
NQ,hi5,up50,0930,1.5,1,342,0.6754385964912281,0.6241045831013265,0.007290161292508495,262,0.7022900763358778,0.052309892859653144
NQ,hi5,up50,0930,1.5,-1,186,0.5913978494623656,0.5195959708502648,-0.1172726973229831,151,0.6357615894039735,-0.047109736657130585
NQ,hi5,up50,0930,2.0,1,256,0.6796875,0.6202347782890922,0.01603850197185655,189,0.6984126984126984,0.0445855621037048
NQ,hi5,up50,0930,2.0,-1,160,0.5875,0.5100398177030784,-0.12183035969984113,120,0.6416666666666667,-0.03820028695170743
NQ,hi5,up50,0930,3.0,1,156,0.717948717948718,0.6427517261098763,0.07373646742922917,123,0.7317073170731707,0.09708999760399535
NQ,hi5,up50,0930,3.0,-1,92,0.5652173913043478,0.46332061916830214,-0.15475002118435072,71,0.6338028169014085,-0.04982123114469862
NQ,hi5,up50,1805,0.5,1,640,0.734375,0.6988317622937247,0.08650588040442339,454,0.7290748898678414,0.09065630166645061
NQ,hi5,up50,1805,0.5,-1,232,0.6336206896551724,0.5699126021717003,-0.061533728100074,205,0.7121951219512195,0.06637751735743455
NQ,hi5,up50,1805,1.0,1,469,0.7164179104477612,0.6739940238139832,0.06717276421868697,342,0.7192982456140351,0.07569528161904124
NQ,hi5,up50,1805,1.0,-1,209,0.6507177033492823,0.5838906320322103,-0.029759902610706334,183,0.6338797814207651,-0.053856960950338234
NQ,hi5,up50,1805,1.5,1,343,0.6909620991253644,0.6401688905257663,0.030189737023157234,251,0.7131474103585658,0.06818749624896546
NQ,hi5,up50,1805,1.5,-1,184,0.5869565217391305,0.5147413695564272,-0.12458368785488187,146,0.6164383561643836,-0.07694809106216756
NQ,hi5,up50,1805,2.0,1,262,0.6946564885496184,0.6364085917109247,0.03791300436293072,184,0.7228260869565217,0.08342810002520022
NQ,hi5,up50,1805,2.0,-1,154,0.5584415584415584,0.4795370706772326,-0.16567716257343656,109,0.6238532110091743,-0.0647261523439204
NQ,hi5,up50,1805,3.0,1,151,0.7483443708609272,0.6735514749871414,0.11989110888078011,117,0.7435897435897436,0.11397471103981077
NQ,hi5,up50,1805,3.0,-1,87,0.5172413793103449,0.4137493791703159,-0.22645515343523753,65,0.6461538461538462,-0.03111057345950995
NQ,hi5,dn200,0930,0.5,1,134,0.664179104477612,0.5806279644040448,-0.017727765799016082,84,0.7380952380952381,0.10434765119240721
NQ,hi5,dn200,0930,0.5,-1,330,0.6060606060606061,0.5524105719823336,-0.10476012575185806,262,0.648854961832061,-0.030322618333847848
NQ,hi5,dn200,0930,1.0,1,104,0.7211538461538461,0.6282731149255669,0.07475153695267577,68,0.7352941176470589,0.10210880478010105
NQ,hi5,dn200,0930,1.0,-1,298,0.6409395973154363,0.5849959816389668,-0.046289422783206385,241,0.5933609958506224,-0.11240199095731745
NQ,hi5,dn200,0930,1.5,1,69,0.7391304347826086,0.6248920202857632,0.10426054465523887,46,0.6521739130434783,-0.022324968004713223
NQ,hi5,dn200,0930,1.5,-1,247,0.6072874493927125,0.545186706062188,-0.09361172853737251,201,0.6318407960199005,-0.054552394484014055
NQ,hi5,dn200,0930,2.0,1,52,0.75,0.6179328224079477,0.12031535868764033,38,0.6842105263157895,0.02589294321147322
NQ,hi5,dn200,0930,2.0,-1,207,0.6231884057971014,0.5554945352842848,-0.06994236198653114,160,0.60625,-0.0919636455646483
NQ,hi5,dn200,0930,3.0,1,34,0.7647058823529411,0.6000353719173557,0.14446251361076998,21,0.6666666666666666,-0.00028596853875887236
NQ,hi5,dn200,0930,3.0,-1,120,0.6083333333333333,0.5189361630897077,-0.0897441944501414,98,0.5816326530612245,-0.12899745421671965
NQ,hi5,dn200,1805,0.5,1,132,0.7348484848484849,0.6536793963784505,0.0884968306870627,86,0.6976744186046512,0.04485307069648637
NQ,hi5,dn200,1805,0.5,-1,329,0.6109422492401215,0.5572686691502649,-0.09754712804842776,259,0.7065637065637066,0.057515523518345144
NQ,hi5,dn200,1805,1.0,1,95,0.6947368421052632,0.5960641518612951,0.035329089996835844,59,0.7288135593220338,0.09239561946784106
NQ,hi5,dn200,1805,1.0,-1,295,0.6372881355932203,0.5809837149519811,-0.05214307720285938,243,0.6255144032921811,-0.06295617761937854
NQ,hi5,dn200,1805,1.5,1,67,0.7164179104477612,0.5990653510922904,0.06993181798260646,46,0.6956521739130435,0.04292291796089016
NQ,hi5,dn200,1805,1.5,-1,248,0.5967741935483871,0.5346941225063646,-0.10932210153818614,204,0.6225490196078431,-0.06870222285239516
NQ,hi5,dn200,1805,2.0,1,52,0.7692307692307693,0.6386595708887027,0.15047705293618632,35,0.6857142857142857,0.022543506288303466
NQ,hi5,dn200,1805,2.0,-1,201,0.5920398009950248,0.5229890326209544,-0.11547639198887759,159,0.6037735849056604,-0.09535543422970386
NQ,hi5,dn200,1805,3.0,1,32,0.75,0.5789310822975338,0.12273765917898165,21,0.6190476190476191,-0.07172277271248688
NQ,hi5,dn200,1805,3.0,-1,115,0.591304347826087,0.4999188778213167,-0.11520680558339137,101,0.5544554455445545,-0.16938924884845571
NQ,hi5,dn50,0930,0.5,1,133,0.631578947368421,0.5469780790840367,-0.06469325264810812,86,0.7209302325581395,0.07977831620919758
NQ,hi5,dn50,0930,0.5,-1,237,0.5738396624472574,0.5101950562682747,-0.15453790421466082,162,0.6666666666666666,-0.004478318126271574
NQ,hi5,dn50,0930,1.0,1,106,0.6886792452830188,0.595235830212175,0.02718293854425239,69,0.7101449275362319,0.06322468545630915
NQ,hi5,dn50,0930,1.0,-1,213,0.6338028169014085,0.5672647303832122,-0.05733976398693559,150,0.5933333333333334,-0.11263046246725561
NQ,hi5,dn50,0930,1.5,1,76,0.7631578947368421,0.6563840337948657,0.14130045198695848,55,0.7090909090909091,0.0630669681444066
NQ,hi5,dn50,0930,1.5,-1,174,0.6436781609195402,0.5701187295463592,-0.03924829953322668,135,0.6518518518518519,-0.025294399174856774
NQ,hi5,dn50,0930,2.0,1,63,0.8095238095238095,0.6959297958482789,0.21012068609693832,43,0.6976744186046512,0.046090991453665395
NQ,hi5,dn50,0930,2.0,-1,143,0.6643356643356644,0.5835357979025154,-0.009087345982498395,107,0.616822429906542,-0.07649014789737421
NQ,hi5,dn50,0930,3.0,1,48,0.8333333333333334,0.7042189996260375,0.24826115550619976,29,0.6896551724137931,0.03140222861313882
NQ,hi5,dn50,0930,3.0,-1,94,0.648936170212766,0.5483301998756748,-0.028928911147540374,77,0.6233766233766234,-0.06648421102129629
NQ,hi5,dn50,1805,0.5,1,134,0.7014925373134329,0.6192776310875563,0.040290342444343694,89,0.651685393258427,-0.024186466270583965
NQ,hi5,dn50,1805,0.5,-1,236,0.6101694915254238,0.5466552484145776,-0.09994427274311234,160,0.675,0.009949528550877409
NQ,hi5,dn50,1805,1.0,1,96,0.71875,0.6217391618504083,0.0726254948084606,65,0.6615384615384615,-0.008589951869440386
NQ,hi5,dn50,1805,1.0,-1,213,0.647887323943662,0.5816399781559426,-0.03767606820017088,152,0.625,-0.06382601406064507
NQ,hi5,dn50,1805,1.5,1,75,0.72,0.6095909606557163,0.07613839637594452,54,0.6481481481481481,-0.028373674889619473
NQ,hi5,dn50,1805,1.5,-1,170,0.6411764705882353,0.5666853881579395,-0.04288881011658324,130,0.6230769230769231,-0.06819526183210528
NQ,hi5,dn50,1805,2.0,1,60,0.8,0.6821795390818299,0.19593229000809495,42,0.6666666666666666,-0.0051160918467724244
NQ,hi5,dn50,1805,2.0,-1,136,0.6544117647058824,0.5712346739279279,-0.021861362181384555,109,0.6238532110091743,-0.06554182787816706
NQ,hi5,dn50,1805,3.0,1,45,0.8222222222222222,0.6866989315634587,0.23158801513770147,30,0.6666666666666666,-0.007863706855573149
NQ,hi5,dn50,1805,3.0,-1,91,0.6263736263736264,0.5237577479753555,-0.06269379169843842,74,0.5675675675675675,-0.1499540248312276
GC,any,none,0930,0.5,1,2554,0.6527016444792483,0.6340195356925584,-0.03317907723449718,1533,0.6673189823874756,-0.006196522750108959
GC,any,none,0930,0.5,-1,2527,0.6418678274633953,0.6229716220137697,-0.04857026105898225,1532,0.6507832898172323,-0.03169410493852167
GC,any,none,0930,1.0,1,1456,0.6565934065934066,0.6318190491570745,-0.021982121180579357,875,0.6982857142857143,0.0447821174067432
GC,any,none,0930,1.0,-1,1402,0.6419400855920114,0.6164873778902927,-0.04389506949052873,857,0.6149358226371062,-0.08195290336365933
GC,any,none,0930,1.5,1,794,0.6838790931989924,0.650717883386581,0.021532543893985998,522,0.7222222222222222,0.08132598958900995
GC,any,none,0930,1.5,-1,807,0.6381660470879802,0.6044292281803236,-0.04733338938611776,506,0.5909090909090909,-0.11692554856232093
GC,any,none,0930,2.0,1,525,0.6838095238095238,0.6428207938463096,0.02267597927867039,323,0.7430340557275542,0.11316497967126478
GC,any,none,0930,2.0,-1,486,0.6316872427983539,0.5879262836789753,-0.05516838973625376,314,0.5732484076433121,-0.1425624366885137
GC,any,none,0930,3.0,1,243,0.7160493827160493,0.6563343657852573,0.07253438653515028,190,0.7578947368421053,0.13578080758704786
GC,any,none,0930,3.0,-1,238,0.6134453781512605,0.5502429407868402,-0.08181668429503008,159,0.5408805031446541,-0.19072778628087458
GC,any,none,1805,0.5,1,2485,0.6551307847082495,0.636215314552619,-0.029121669403713756,1551,0.6911669890393295,0.03033435586064497
GC,any,none,1805,0.5,-1,2491,0.6716178241670012,0.6529233608013151,-0.0032502311222816493,1515,0.6237623762376238,-0.07138130837075651
GC,any,none,1805,1.0,1,1369,0.6661796932067202,0.6407645132656911,-0.00673859039619727,895,0.7094972067039106,0.061609303425296344
GC,any,none,1805,1.0,-1,1387,0.6524873828406633,0.6270368229136635,-0.02805404987676365,827,0.6118500604594922,-0.08630171481760088
GC,any,none,1805,1.5,1,762,0.6797900262467191,0.6458319532107375,0.016088152118016813,520,0.7269230769230769,0.08829287309791722
GC,any,none,1805,1.5,-1,745,0.6416107382550336,0.6065307248662756,-0.041800313811265505,473,0.5856236786469344,-0.1241269630620329
GC,any,none,1805,2.0,1,501,0.6866267465069861,0.6447175997976089,0.0270514649705826,341,0.7419354838709677,0.11166890711102627
GC,any,none,1805,2.0,-1,483,0.6418219461697723,0.5980970350062877,-0.040320792310325405,295,0.5728813559322034,-0.14297791941390503
GC,any,none,1805,3.0,1,233,0.7167381974248928,0.6557297017236746,0.0733252655322143,180,0.7611111111111111,0.14056245264752001
GC,any,none,1805,3.0,-1,220,0.6181818181818182,0.5524751135979776,-0.07455401004585503,145,0.5448275862068965,-0.1843748531519621
GC,any,up200,0930,0.5,1,1365,0.6571428571428571,0.6315521451489787,-0.026902056980684198,1151,0.6602953953084274,-0.016987592765737178
GC,any,up200,0930,0.5,-1,1182,0.637901861252115,0.6100967189097383,-0.05514353940535157,390,0.6666666666666666,-0.006785742841447662
GC,any,up200,0930,1.0,1,820,0.6646341463414634,0.6316180608839992,-0.008864629005867087,662,0.6993957703927492,0.046559467288500314
GC,any,up200,0930,1.0,-1,658,0.6474164133738601,0.6101506457296368,-0.03587768072495222,224,0.625,-0.0690721823798424
GC,any,up200,0930,1.5,1,441,0.6870748299319728,0.6423390829779254,0.02706305697585513,415,0.7349397590361446,0.10042507340521173
GC,any,up200,0930,1.5,-1,399,0.6516290726817042,0.6036330955828966,-0.02788888135102488,134,0.6044776119402985,-0.09691454866236672
GC,any,up200,0930,2.0,1,289,0.698961937716263,0.6437486543842246,0.04594010219366,267,0.7490636704119851,0.12223066755044379
GC,any,up200,0930,2.0,-1,229,0.6375545851528385,0.5734978440014864,-0.046486696377359506,88,0.6136363636363636,-0.0812452147874731
GC,any,up200,0930,3.0,1,158,0.7151898734177216,0.640360250984037,0.07127261067403734,160,0.75,0.12390670411610434
GC,any,up200,0930,3.0,-1,117,0.6410256410256411,0.5508952027712691,-0.04023640325499219,40,0.575,-0.13866199701878063
GC,any,up200,1805,0.5,1,1333,0.6639159789947486,0.6381186455280352,-0.015366966750415401,1160,0.6948275862068966,0.036076323336184705
GC,any,up200,1805,0.5,-1,1169,0.6783575705731394,0.6510336951562088,0.0063232620090778865,391,0.639386189258312,-0.04731141547709298
GC,any,up200,1805,1.0,1,761,0.6767411300919842,0.642693558688039,0.010009065914932903,689,0.7097242380261248,0.062047997951172246
GC,any,up200,1805,1.0,-1,650,0.6615384615384615,0.6243065660574119,-0.014801498020439934,207,0.6376811594202898,-0.04706321364900929
GC,any,up200,1805,1.5,1,432,0.6875,0.6422995509040743,0.02801066539226915,413,0.7312348668280871,0.09471166826937956
GC,any,up200,1805,1.5,-1,355,0.6563380281690141,0.6054959553723792,-0.0199229052589687,119,0.5966386554621849,-0.10728604465493444
GC,any,up200,1805,2.0,1,275,0.6909090909090909,0.6339738105516299,0.03383097258028003,270,0.7444444444444445,0.11548959983723311
GC,any,up200,1805,2.0,-1,228,0.6491228070175439,0.58516922552535,-0.029736363491895512,80,0.6125,-0.08294695738438171
GC,any,up200,1805,3.0,1,143,0.7132867132867133,0.6343488049956663,0.06836230008789296,152,0.756578947368421,0.13371959618198928
GC,any,up200,1805,3.0,-1,110,0.6545454545454545,0.5618231409752017,-0.01988222136946719,39,0.5384615384615384,-0.19351272306255263
GC,any,up50,0930,0.5,1,1341,0.6524981357196122,0.6266087359585498,-0.03397652282753272,962,0.6777546777546778,0.010611367945369894
GC,any,up50,0930,0.5,-1,1229,0.6427990235964198,0.6156020429919237,-0.047685299421489205,582,0.6683848797250859,-0.003567509798575178
GC,any,up50,0930,1.0,1,832,0.6478365384615384,0.6147682931317668,-0.03426688364226348,582,0.7096219931271478,0.06193159942802243
GC,any,up50,0930,1.0,-1,669,0.6382660687593423,0.6011606545310905,-0.05022657719770067,331,0.6374622356495468,-0.048997104642667655
GC,any,up50,0930,1.5,1,487,0.6796714579055442,0.6369619660434003,0.014942864284013148,361,0.7340720221606648,0.09915049219850261
GC,any,up50,0930,1.5,-1,404,0.6485148514851485,0.6007582699255242,-0.03150029260755162,192,0.6197916666666666,-0.07328978498114198
GC,any,up50,0930,2.0,1,327,0.6850152905198776,0.6327666440234836,0.02480991287791776,242,0.7520661157024794,0.12671170945134191
GC,any,up50,0930,2.0,-1,256,0.66796875,0.6081692468079775,-0.0007576784905462975,124,0.6290322580645161,-0.05877647091865499
GC,any,up50,0930,3.0,1,172,0.7383720930232558,0.6679916719641028,0.10608276834358828,147,0.7551020408163265,0.1315242387248297
GC,any,up50,0930,3.0,-1,121,0.628099173553719,0.5392836613748759,-0.05957683983080083,59,0.559322033898305,-0.1621730969181169
GC,any,up50,1805,0.5,1,1293,0.6581593194122196,0.6318704953103566,-0.024278289785153666,957,0.7042842215256009,0.05102979974729979
GC,any,up50,1805,0.5,-1,1193,0.6672254819782062,0.6399871519745067,-0.010043130163254765,582,0.6529209621993127,-0.029407290706316338
GC,any,up50,1805,1.0,1,771,0.6640726329442282,0.6299924555778064,-0.009296595492664617,575,0.72,0.07751448130073936
GC,any,up50,1805,1.0,-1,655,0.667175572519084,0.6302049404596948,-0.0056505968735184355,308,0.6461038961038961,-0.034260471495320494
GC,any,up50,1805,1.5,1,456,0.6710526315789473,0.626656752240542,0.0030870993744261943,362,0.7569060773480663,0.13320031294706855
GC,any,up50,1805,1.5,-1,374,0.6524064171122995,0.6028147437800041,-0.02582531199360605,182,0.6263736263736264,-0.06352182118954981
GC,any,up50,1805,2.0,1,312,0.6762820512820513,0.6224911356457488,0.011512353481080448,240,0.7541666666666667,0.1300867027729629
GC,any,up50,1805,2.0,-1,239,0.6569037656903766,0.5946592130524762,-0.017947008472309647,120,0.6583333333333333,-0.01400437042624544
GC,any,up50,1805,3.0,1,162,0.7283950617283951,0.6552022438472501,0.0906974590812819,141,0.7730496453900709,0.1584037751772544
GC,any,up50,1805,3.0,-1,119,0.6218487394957983,0.5321987579981867,-0.06917513326126143,59,0.5932203389830508,-0.1136804876120533
GC,any,dn200,0930,0.5,1,1190,0.6470588235294118,0.6194729634905809,-0.04125620803875289,384,0.6822916666666666,0.01698560254766379
GC,any,dn200,0930,0.5,-1,1349,0.6456634544106745,0.619758000281053,-0.04232215193319743,1150,0.6478260869565218,-0.03647642938189055
GC,any,dn200,0930,1.0,1,651,0.6466973886328725,0.6092156538414482,-0.03811521958116501,234,0.688034188034188,0.028976930379110998
GC,any,dn200,0930,1.0,-1,764,0.637434554973822,0.6027359047401276,-0.05043980335736088,658,0.6094224924012158,-0.0894664064685625
GC,any,dn200,0930,1.5,1,376,0.6702127659574468,0.6211798913193574,-7.43980459368138e-05,135,0.7037037037037037,0.05350481344239861
GC,any,dn200,0930,1.5,-1,433,0.6351039260969977,0.5887560784102911,-0.05110190587956216,394,0.583756345177665,-0.12752965339391906
GC,any,dn200,0930,2.0,1,259,0.6640926640926641,0.6045443929901597,-0.007445703525364825,82,0.7439024390243902,0.11435410184726474
GC,any,dn200,0930,2.0,-1,285,0.6280701754385964,0.5706016116940154,-0.06132828785592357,242,0.5661157024793388,-0.15345554639330636
GC,any,dn200,0930,3.0,1,103,0.7087378640776699,0.6147531128118702,0.06081210474103375,47,0.7659574468085106,0.14791158607797247
GC,any,dn200,0930,3.0,-1,141,0.6099290780141844,0.5275233244219533,-0.08719796078192864,130,0.5384615384615384,-0.19452784178035562
GC,any,dn200,1805,0.5,1,1154,0.6447140381282496,0.616661785403606,-0.04540723755326367,392,0.6785714285714286,0.010677714177153389
GC,any,dn200,1805,0.5,-1,1324,0.6646525679758308,0.6387779368639106,-0.013224921863311003,1125,0.6177777777777778,-0.08058616732114021
GC,any,dn200,1805,1.0,1,619,0.6575121163166397,0.6192594569521817,-0.02080323336116105,214,0.7149532710280374,0.0694846885402075
GC,any,dn200,1805,1.0,-1,750,0.6426666666666667,0.6077224910977246,-0.04247796715360225,629,0.604133545310016,-0.09803171572390694
GC,any,dn200,1805,1.5,1,345,0.6695652173913044,0.6183018871260294,0.00031645563724507284,127,0.7322834645669292,0.0965380553584611
GC,any,dn200,1805,1.5,-1,403,0.6253101736972705,0.5770764085768817,-0.06606690176035847,369,0.5826558265582655,-0.1286917008215894
GC,any,dn200,1805,2.0,1,244,0.6844262295081968,0.6236364335821772,0.0233905951466606,89,0.7415730337078652,0.11091632023091248
GC,any,dn200,1805,2.0,-1,259,0.6216216216216216,0.5611850326029552,-0.07087021328026173,228,0.5614035087719298,-0.16038750388597808
GC,any,dn200,1805,3.0,1,104,0.7019230769230769,0.6080989025690174,0.05084222532013879,42,0.7619047619047619,0.14186217720697542
GC,any,dn200,1805,3.0,-1,126,0.5952380952380952,0.507943775465677,-0.10908477458351293,120,0.55,-0.17670180837512575
GC,any,dn50,0930,0.5,1,1231,0.6539398862713242,0.6269231206003782,-0.03072490202951342,580,0.65,-0.034072980451273986
GC,any,dn50,0930,0.5,-1,1319,0.6421531463229719,0.6159043126115505,-0.04762986829430978,957,0.6405433646812957,-0.048084382186129954
GC,any,dn50,0930,1.0,1,691,0.6642547033285094,0.6282204242882858,-0.010437807041718742,324,0.6851851851851852,0.02485612309398095
GC,any,dn50,0930,1.0,-1,796,0.6469849246231156,0.6131508717398043,-0.03633330802841625,561,0.6060606060606061,-0.09469683419614802
GC,any,dn50,0930,1.5,1,389,0.6760925449871465,0.6280619669627563,0.010384081781666287,193,0.7046632124352331,0.05489703054633255
GC,any,dn50,0930,1.5,-1,482,0.6473029045643154,0.6036344818782257,-0.03343466443420472,347,0.579250720461095,-0.1344819072238616
GC,any,dn50,0930,2.0,1,252,0.6706349206349206,0.610425079610189,0.0023897059441067288,108,0.7222222222222222,0.08193010092329343
GC,any,dn50,0930,2.0,-1,310,0.635483870967742,0.5805506524696656,-0.04951089947180012,215,0.5534883720930233,-0.17303103897512864
GC,any,dn50,0930,3.0,1,116,0.6896551724137931,0.6005222969408555,0.03290134734707889,59,0.7288135593220338,0.09233133168384597
GC,any,dn50,0930,3.0,-1,160,0.60625,0.5289037564294747,-0.09311028404318775,122,0.5409836065573771,-0.19080844133905647
GC,any,dn50,1805,0.5,1,1197,0.6524644945697577,0.6250389272143941,-0.03343232778664778,597,0.6716917922948074,-0.0005078301649826925
GC,any,dn50,1805,0.5,-1,1301,0.676402767102229,0.6504928077766028,0.004125012437001629,936,0.6057692307692307,-0.09726623874375474
GC,any,dn50,1805,1.0,1,638,0.664576802507837,0.6270517145145572,-0.009925561403165844,335,0.6925373134328359,0.03590198113150347
GC,any,dn50,1805,1.0,-1,760,0.6381578947368421,0.6033776627751204,-0.0497758921589834,530,0.5886792452830188,-0.12151062843771548
GC,any,dn50,1805,1.5,1,359,0.6852367688022284,0.6354483292957055,0.02452732168073693,191,0.675392670157068,0.011146151215935013
GC,any,dn50,1805,1.5,-1,422,0.6232227488151659,0.5760724753317759,-0.06985618469320914,312,0.5576923076923077,-0.1658122708994356
GC,any,dn50,1805,2.0,1,224,0.6741071428571429,0.6102394630617798,0.00813347880885848,117,0.7008547008547008,0.049868622567916784
GC,any,dn50,1805,2.0,-1,279,0.6164874551971327,0.5582154234718668,-0.07801851070125734,189,0.5291005291005291,-0.20906349173016303
GC,any,dn50,1805,3.0,1,111,0.7117117117117117,0.6214814425962109,0.06607409712564055,52,0.7115384615384616,0.06645466530577857
GC,any,dn50,1805,3.0,-1,150,0.62,0.5402429290748867,-0.07178153054130462,108,0.5092592592592593,-0.23920640652358996
GC,rsi2<10,none,0930,0.5,1,319,0.6833855799373041,0.6304154475446163,0.012141962241235425,156,0.6923076923076923,0.03289553963836548
GC,rsi2<10,none,0930,0.5,-1,402,0.664179104477612,0.6166499422914133,-0.014186745621225481,276,0.6956521739130435,0.03790293091613081
GC,rsi2<10,none,0930,1.0,1,244,0.6598360655737705,0.5983229828061097,-0.015229252234189621,128,0.703125,0.05205814169407841
GC,rsi2<10,none,0930,1.0,-1,293,0.6860068259385665,0.6307466898917901,0.021297791584649967,223,0.6412556053811659,-0.043689900915892865
GC,rsi2<10,none,0930,1.5,1,191,0.6596858638743456,0.5899319941410581,-0.014362297257692934,101,0.7623762376237624,0.14199942895933568
GC,rsi2<10,none,0930,1.5,-1,227,0.6784140969162996,0.6151166119758943,0.01420068254784811,180,0.5944444444444444,-0.11042320423987027
GC,rsi2<10,none,0930,2.0,1,164,0.6829268292682927,0.6082154909542252,0.021914830233054527,78,0.7051282051282052,0.056412639913448664
GC,rsi2<10,none,0930,2.0,-1,187,0.6577540106951871,0.5871872590542391,-0.01598058776219904,145,0.5379310344827586,-0.19477400500194472
GC,rsi2<10,none,0930,3.0,1,103,0.6893203883495146,0.5944983926937447,0.03165725397708819,58,0.7586206896551724,0.1371642452470245
GC,rsi2<10,none,0930,3.0,-1,127,0.6299212598425197,0.5432868207623575,-0.057607238527947434,99,0.5656565656565656,-0.15277633080027472
GC,rsi2<10,none,1805,0.5,1,308,0.6623376623376623,0.6078105133460445,-0.020208857880283457,154,0.6883116883116883,0.026678983839828085
GC,rsi2<10,none,1805,0.5,-1,391,0.649616368286445,0.6010789207312525,-0.036382473961724525,272,0.6213235294117647,-0.07396154157927425
GC,rsi2<10,none,1805,1.0,1,224,0.6919642857142857,0.6286912967300203,0.02999193426289352,122,0.7049180327868853,0.054719019294084105
GC,rsi2<10,none,1805,1.0,-1,275,0.64,0.58169799628176,-0.04688671627539824,201,0.5771144278606966,-0.13799855312994141
GC,rsi2<10,none,1805,1.5,1,180,0.6777777777777778,0.6064061215775904,0.012814189704525105,100,0.7,0.04821076252170532
GC,rsi2<10,none,1805,1.5,-1,226,0.6371681415929203,0.5726717324092044,-0.04828593088484153,162,0.5740740740740741,-0.14107919412345835
GC,rsi2<10,none,1805,2.0,1,158,0.6835443037974683,0.6073995190387373,0.022905725254551493,75,0.6933333333333334,0.038688062470934
GC,rsi2<10,none,1805,2.0,-1,183,0.6065573770491803,0.5342841946240957,-0.09290249953396224,127,0.5354330708661418,-0.1990914924636897
GC,rsi2<10,none,1805,3.0,1,101,0.6633663366336634,0.5667248954458904,-0.006597258546841515,55,0.7454545454545455,0.1174180662638487
GC,rsi2<10,none,1805,3.0,-1,125,0.616,0.5284885300554436,-0.07885203269134114,95,0.5578947368421052,-0.16718234831712805
GC,rsi2<10,up200,0930,0.5,1,114,0.7280701754385965,0.6399537039713868,0.08293390565166006,80,0.725,0.08310343200991968
GC,rsi2<10,up200,0930,0.5,-1,141,0.6737588652482269,0.5926574798579399,0.0005377213634288111,34,0.7058823529411765,0.05300291002321284
GC,rsi2<10,up200,0930,1.0,1,92,0.7282608695652174,0.6295795515958801,0.0879127995917659,70,0.7714285714285715,0.15514076600002882
GC,rsi2<10,up200,0930,1.0,-1,106,0.6792452830188679,0.5854599372180149,0.012404744568605516,24,0.5833333333333334,-0.13203765010717464
GC,rsi2<10,up200,0930,1.5,1,73,0.726027397260274,0.6143679489221651,0.08600912344106795,62,0.8064516129032258,0.20841277797715246
GC,rsi2<10,up200,0930,1.5,-1,83,0.6144578313253012,0.5068990970600649,-0.08198042469797649,21,0.5238095238095238,-0.21667067048813632
GC,rsi2<10,up200,0930,2.0,1,67,0.746268656716418,0.6307057838517774,0.11717557921051394,48,0.7291666666666666,0.0926748720752734
GC,rsi2<10,up200,0930,2.0,-1,69,0.5942028985507246,0.47635673681697405,-0.11143414854056372,17,0.5294117647058824,-0.2075884133419952
GC,rsi2<10,up200,0930,3.0,1,44,0.7272727272727273,0.581508453144907,0.08948115664612483,39,0.7435897435897436,0.11473784271072543
GC,rsi2<10,up200,0930,3.0,-1,46,0.5434782608695652,0.4017993496608042,-0.18668716630155788,13,0.5384615384615384,-0.19476875696245508
GC,rsi2<10,up200,1805,0.5,1,110,0.7181818181818181,0.627848700681053,0.06798579174615195,78,0.7307692307692307,0.0916450535143417
GC,rsi2<10,up200,1805,0.5,-1,138,0.6811594202898551,0.5994014484303916,0.011790115660582355,34,0.6176470588235294,-0.08014816921812459
GC,rsi2<10,up200,1805,1.0,1,81,0.7901234567901234,0.6893441473231284,0.18116063138331165,64,0.6875,0.028969121971027446
GC,rsi2<10,up200,1805,1.0,-1,97,0.6494845360824743,0.5504892147387033,-0.031138895798472618,22,0.5454545454545454,-0.1883124302943754
GC,rsi2<10,up200,1805,1.5,1,68,0.75,0.6356122186609706,0.12210982459227054,55,0.7272727272727273,0.08937230057655367
GC,rsi2<10,up200,1805,1.5,-1,79,0.6329113924050633,0.5227671409211199,-0.05419610023624656,17,0.6470588235294118,-0.03140196562924532
GC,rsi2<10,up200,1805,2.0,1,64,0.734375,0.615168937427648,0.09938612859110434,46,0.7391304347826086,0.10762140950489686
GC,rsi2<10,up200,1805,2.0,-1,60,0.5666666666666667,0.44103214654694856,-0.15284574172961493,15,0.6666666666666666,-0.0014618455350799457
GC,rsi2<10,up200,1805,3.0,1,49,0.6938775510204082,0.5547184259930626,0.03923502582166323,39,0.717948717948718,0.07625102085072791
GC,rsi2<10,up200,1805,3.0,-1,46,0.5434782608695652,0.4017993496608042,-0.18668912704259782,12,0.5833333333333334,-0.12610824425034559
GC,rsi2<10,up50,0930,0.5,1,55,0.8363636363636363,0.717360036126882,0.24676618747602477,38,0.7368421052631579,0.10142269797315609
GC,rsi2<10,up50,0930,0.5,-1,81,0.654320987654321,0.5458917196718802,-0.02903125353819198,38,0.7105263157894737,0.059789458840928546
GC,rsi2<10,up50,0930,1.0,1,44,0.7272727272727273,0.581508453144907,0.08646643096552747,34,0.8823529411764706,0.32201485353252957
GC,rsi2<10,up50,0930,1.0,-1,62,0.7096774193548387,0.5871211868886292,0.05831597533672081,28,0.75,0.12234599560153456
GC,rsi2<10,up50,0930,1.5,1,41,0.6341463414634146,0.4812042325216125,-0.05227230646707935,32,0.84375,0.26451576972151253
GC,rsi2<10,up50,0930,1.5,-1,54,0.7407407407407407,0.610688551197827,0.10806204869910602,24,0.5833333333333334,-0.1271495459297957
GC,rsi2<10,up50,0930,2.0,1,39,0.6666666666666666,0.5097710432024052,-0.0025160928750333346,26,0.7307692307692307,0.09509073717572487
GC,rsi2<10,up50,0930,2.0,-1,46,0.6956521739130435,0.5519408125976183,0.04099970514898393,20,0.6,-0.10164792639792201
GC,rsi2<10,up50,0930,3.0,1,35,0.6571428571428571,0.4915164687273671,-0.015894557392584028,24,0.875,0.31193468258082313
GC,rsi2<10,up50,0930,3.0,-1,40,0.625,0.47032160054531913,-0.0642917678839621,18,0.6666666666666666,-0.0020116133140620405
GC,rsi2<10,up50,1805,0.5,1,53,0.7358490566037735,0.6041907894277545,0.09455407278531726,38,0.7368421052631579,0.10127525382949328
GC,rsi2<10,up50,1805,0.5,-1,77,0.6363636363636364,0.5248199544762014,-0.05599579905865379,36,0.6944444444444444,0.03557845056093034
GC,rsi2<10,up50,1805,1.0,1,42,0.7619047619047619,0.6147216491768113,0.13856946037236767,31,0.7419354838709677,0.11097665299263679
GC,rsi2<10,up50,1805,1.0,-1,58,0.6896551724137931,0.5619669315326005,0.02956943026274847,24,0.625,-0.06577956179760679
GC,rsi2<10,up50,1805,1.5,1,39,0.6666666666666666,0.5097710432024052,-0.0033368143113980528,26,0.8461538461538461,0.268067382686308
GC,rsi2<10,up50,1805,1.5,-1,49,0.6326530612244898,0.49266811386889864,-0.054585023965903895,22,0.6818181818181818,0.020146627485164433
GC,rsi2<10,up50,1805,2.0,1,38,0.6842105263157895,0.5254394356005149,0.0238943314204737,25,0.76,0.13898296477489525
GC,rsi2<10,up50,1805,2.0,-1,46,0.6086956521739131,0.4645658371764493,-0.0896339900255777,19,0.631578947368421,-0.05433129598361209
GC,rsi2<10,up50,1805,3.0,1,34,0.6470588235294118,0.4791365883001342,-0.031040070124060515,24,0.875,0.3119346825808231
GC,rsi2<10,up50,1805,3.0,-1,41,0.6341463414634146,0.4812042325216125,-0.05051456599833431,18,0.6666666666666666,-0.008891238329607316
GC,rsi2<10,dn200,0930,0.5,1,205,0.6585365853658537,0.5912396483668975,-0.027225264826025105,76,0.6578947368421053,-0.01995487338432318
GC,rsi2<10,dn200,0930,0.5,-1,261,0.6590038314176245,0.5995580246782152,-0.02214134272787782,242,0.6942148760330579,0.035781446248193675
GC,rsi2<10,dn200,0930,1.0,1,155,0.6258064516129033,0.5474461576544356,-0.06653028662415723,61,0.6229508196721312,-0.06900090054137888
GC,rsi2<10,dn200,0930,1.0,-1,191,0.6963350785340314,0.6277794513631783,0.036192086910464404,200,0.65,-0.030381103321268022
GC,rsi2<10,dn200,0930,1.5,1,122,0.6311475409836066,0.5427473656846497,-0.05761592356539058,43,0.7209302325581395,0.07940759232597346
GC,rsi2<10,dn200,0930,1.5,-1,148,0.722972972972973,0.6459245008913733,0.08121209078758068,162,0.6111111111111112,-0.08537507451844924
GC,rsi2<10,dn200,0930,2.0,1,103,0.6601941747572816,0.5644371441570133,-0.012286480975535216,35,0.7142857142857143,0.06988554982926407
GC,rsi2<10,dn200,0930,2.0,-1,124,0.6935483870967742,0.6076039366067905,0.037798745605678315,131,0.549618320610687,-0.17722694458217791
GC,rsi2<10,dn200,0930,3.0,1,65,0.6615384615384615,0.5403814981313132,-0.010522366506505614,24,0.7916666666666666,0.1864812348122096
GC,rsi2<10,dn200,0930,3.0,-1,88,0.6477272727272727,0.543657919937886,-0.03120650398069358,89,0.5842696629213483,-0.12466421003293067
GC,rsi2<10,dn200,1805,0.5,1,198,0.6313131313131313,0.5622087124329527,-0.06920588545052535,76,0.6447368421052632,-0.03999671924717278
GC,rsi2<10,dn200,1805,0.5,-1,253,0.6324110671936759,0.5714309731859485,-0.06265843193752826,238,0.6218487394957983,-0.07307773763086704
GC,rsi2<10,dn200,1805,1.0,1,144,0.6388888888888888,0.5577691416156233,-0.05179604081503191,58,0.7241379310344828,0.08315488948303441
GC,rsi2<10,dn200,1805,1.0,-1,180,0.6333333333333333,0.560831054545563,-0.05769035826788403,180,0.5833333333333334,-0.1283172893067981
GC,rsi2<10,dn200,1805,1.5,1,114,0.6403508771929824,0.5490074186735066,-0.04386755708564431,50,0.7,0.0479575955898234
GC,rsi2<10,dn200,1805,1.5,-1,148,0.6216216216216216,0.5413419541320851,-0.07190987212628831,146,0.5684931506849316,-0.1494692712832709
GC,rsi2<10,dn200,1805,2.0,1,99,0.6666666666666666,0.5691185836060462,-0.0025094470785813955,36,0.6944444444444444,0.04009269328227158
GC,rsi2<10,dn200,1805,2.0,-1,127,0.6141732283464567,0.5273424130852696,-0.08146660109777434,115,0.5304347826086957,-0.20666255566660555
GC,rsi2<10,dn200,1805,3.0,1,61,0.639344262295082,0.5139167326739971,-0.04268027447714509,21,0.7619047619047619,0.1417959373293091
GC,rsi2<10,dn200,1805,3.0,-1,85,0.6352941176470588,0.5291793557946364,-0.050391193893223246,86,0.5697674418604651,-0.14966708960617742
GC,rsi2<10,dn50,0930,0.5,1,265,0.6528301886792452,0.5936957070423378,-0.034739047454705525,118,0.6779661016949152,0.01082747170004306
GC,rsi2<10,dn50,0930,0.5,-1,322,0.6677018633540373,0.614540920014588,-0.008870350993254957,238,0.6932773109243697,0.03440844326427235
GC,rsi2<10,dn50,0930,1.0,1,204,0.6372549019607843,0.5693034737784803,-0.04928129769663083,95,0.6421052631578947,-0.03986466493663123
GC,rsi2<10,dn50,0930,1.0,-1,236,0.6864406779661016,0.6246626955561317,0.021670252358026314,197,0.6294416243654822,-0.06178883676238806
GC,rsi2<10,dn50,0930,1.5,1,156,0.6602564102564102,0.5828790340640086,-0.012990662919171898,71,0.7323943661971831,0.09683746721072854
GC,rsi2<10,dn50,0930,1.5,-1,184,0.6739130434782609,0.6032228150065151,0.007407016436839893,160,0.6,-0.10208464894305924
GC,rsi2<10,dn50,0930,2.0,1,131,0.6793893129770993,0.5953372121469508,0.015646378497182957,54,0.7037037037037037,0.05419254753932753
GC,rsi2<10,dn50,0930,2.0,-1,154,0.6623376623376623,0.5845030029992225,-0.00907921799034282,131,0.5343511450381679,-0.20095734613212116
GC,rsi2<10,dn50,0930,3.0,1,84,0.6904761904761905,0.5851099007733379,0.03319746249659551,38,0.7105263157894737,0.06491294345925906
GC,rsi2<10,dn50,0930,3.0,-1,107,0.6355140186915887,0.5410943693834448,-0.04853086496067669,92,0.5652173913043478,-0.1532923899147265
GC,rsi2<10,dn50,1805,0.5,1,255,0.6470588235294118,0.5866167082239683,-0.044061545430388704,116,0.6724137931034483,0.002242274705282594
GC,rsi2<10,dn50,1805,0.5,-1,315,0.653968253968254,0.5998640517202252,-0.02990672008331344,237,0.6118143459915611,-0.08820064821673841
GC,rsi2<10,dn50,1805,1.0,1,185,0.6702702702702703,0.5996651308872397,-0.0033780661239217183,92,0.6956521739130435,0.04058004158033171
GC,rsi2<10,dn50,1805,1.0,-1,219,0.6301369863013698,0.5644674769334836,-0.06217543471353225,178,0.5730337078651685,-0.14416329186103366
GC,rsi2<10,dn50,1805,1.5,1,148,0.6756756756756757,0.5966391278235424,0.010236509374990939,77,0.6493506493506493,-0.027939488658400236
GC,rsi2<10,dn50,1805,1.5,-1,183,0.639344262295082,0.5675650408887386,-0.04511524142762697,145,0.5655172413793104,-0.15385617376875324
GC,rsi2<10,dn50,1805,2.0,1,129,0.6744186046511628,0.5895288926878659,0.009186970991087085,55,0.6727272727272727,0.007690854110695278
GC,rsi2<10,dn50,1805,2.0,-1,150,0.6066666666666667,0.5267647239233271,-0.0927480841470829,114,0.5350877192982456,-0.19966534823582724
GC,rsi2<10,dn50,1805,3.0,1,83,0.6746987951807228,0.5681331989652646,0.01039258829979447,34,0.6764705882352942,0.013827680049801495
GC,rsi2<10,dn50,1805,3.0,-1,105,0.6190476190476191,0.5235152399012015,-0.0732393409129124,88,0.5681818181818182,-0.15035272358810137
GC,rsi2<5,none,0930,0.5,1,161,0.6645962732919255,0.5885832390092015,-0.01908052370005654,75,0.72,0.0743887645451381
GC,rsi2<5,none,0930,0.5,-1,235,0.6510638297872341,0.588136714148664,-0.03425792590728488,163,0.6871165644171779,0.02513088776986058
GC,rsi2<5,none,0930,1.0,1,127,0.6377952755905512,0.5512931338949045,-0.053461951592016776,63,0.746031746031746,0.11645657087072311
GC,rsi2<5,none,0930,1.0,-1,177,0.6836158192090396,0.6118202231848903,0.019494825218362308,136,0.6323529411764706,-0.058716606647666376
GC,rsi2<5,none,0930,1.5,1,96,0.6458333333333334,0.546241158747365,-0.03463977676741434,50,0.84,0.25862642943757946
GC,rsi2<5,none,0930,1.5,-1,135,0.6518518518518519,0.5682974473948316,-0.025839371559684122,114,0.5964912280701754,-0.1073585075406433
GC,rsi2<5,none,0930,2.0,1,83,0.6746987951807228,0.5681331989652646,0.009600572363449841,44,0.7727272727272727,0.15794557505398604
GC,rsi2<5,none,0930,2.0,-1,118,0.652542372881356,0.5630461198830585,-0.02391610515151298,98,0.5612244897959183,-0.1609075237670169
GC,rsi2<5,none,0930,3.0,1,67,0.6865671641791045,0.5679519232318382,0.028264690346655994,34,0.7352941176470589,0.10212970675705826
GC,rsi2<5,none,0930,3.0,-1,93,0.6129032258064516,0.5113079516226957,-0.08258146958696963,77,0.5064935064935064,-0.24142955534617552
GC,rsi2<5,none,1805,0.5,1,157,0.6305732484076433,0.552798011217552,-0.07101859293934643,72,0.7361111111111112,0.09856256215866915
GC,rsi2<5,none,1805,0.5,-1,227,0.6519823788546255,0.5879517113100438,-0.03328016765989945,156,0.6346153846153846,-0.05391970211663097
GC,rsi2<5,none,1805,1.0,1,120,0.6333333333333333,0.5442225769899933,-0.06091124186642406,57,0.6491228070175439,-0.029144812253872866
GC,rsi2<5,none,1805,1.0,-1,164,0.6280487804878049,0.5519376124293204,-0.06347635227770403,122,0.6147540983606558,-0.08138908895074787
GC,rsi2<5,none,1805,1.5,1,96,0.6145833333333334,0.5146051824336462,-0.08265518189212585,51,0.7254901960784313,0.08653450526662455
GC,rsi2<5,none,1805,1.5,-1,135,0.6518518518518519,0.5682974473948316,-0.025951285636424116,103,0.6019417475728155,-0.09908925235283958
GC,rsi2<5,none,1805,2.0,1,86,0.6627906976744186,0.5578236301352326,-0.008251302015093939,44,0.6590909090909091,-0.012730120265469535
GC,rsi2<5,none,1805,2.0,-1,121,0.6363636363636364,0.5476787056920082,-0.04857946127440269,82,0.573170731707317,-0.1427609051814753
GC,rsi2<5,none,1805,3.0,1,65,0.676923076923077,0.5561376050627119,0.0127561659145429,34,0.7058823529411765,0.057996289344634314
GC,rsi2<5,none,1805,3.0,-1,91,0.6043956043956044,0.5016642594838487,-0.09534458119362589,68,0.5147058823529411,-0.22902798328541257
GC,rsi2<5,up200,0930,0.5,1,47,0.723404255319149,0.5824116429931004,0.07634786191858806,37,0.7567567567567568,0.13137602938944198
GC,rsi2<5,up200,0930,0.5,-1,75,0.64,0.5270045111400723,-0.05065961177783273,18,0.6666666666666666,-0.005480732585648472
GC,rsi2<5,up200,0930,1.0,1,41,0.7073170731707317,0.5552024292386027,0.05630385218092748,36,0.8333333333333334,0.24837305305350052
GC,rsi2<5,up200,0930,1.0,-1,56,0.6785714285714286,0.548223941560039,0.01279552560615767,13,0.6153846153846154,-0.08677483158126521
GC,rsi2<5,up200,0930,1.5,1,32,0.78125,0.6124466920955516,0.16892651714192164,30,0.8333333333333334,0.24891822860181173
GC,rsi2<5,up200,0930,1.5,-1,44,0.5681818181818182,0.42223890740554393,-0.1517129199430174,12,0.5833333333333334,-0.12731358069569063
GC,rsi2<5,up200,0930,2.0,1,28,0.8214285714285714,0.644082084514089,0.23019464479649823,28,0.7857142857142857,0.17767082872973589
GC,rsi2<5,up200,0930,2.0,-1,37,0.6216216216216216,0.4610014255281996,-0.07039343141143095,10,0.6,-0.10173338530140556
GC,rsi2<5,up200,0930,3.0,1,24,0.7916666666666666,0.5952915551476452,0.1860983459676634,24,0.75,0.12435738287160591
GC,rsi2<5,up200,0930,3.0,-1,30,0.5,0.33153851227173764,-0.25217199041299543,9,0.4444444444444444,-0.33462662683786537
GC,rsi2<5,up200,1805,0.5,1,44,0.6363636363636364,0.48866107278891047,-0.055680785666789086,35,0.8285714285714286,0.23939978247421193
GC,rsi2<5,up200,1805,0.5,-1,73,0.6575342465753424,0.5432641175004692,-0.02409881962175723,18,0.6666666666666666,-0.005735054140194574
GC,rsi2<5,up200,1805,1.0,1,35,0.6571428571428571,0.4915164687273671,-0.018900019661530366,31,0.6774193548387096,0.01417306899215237
GC,rsi2<5,up200,1805,1.0,-1,50,0.62,0.4815019502239357,-0.07552372721642847,12,0.5833333333333334,-0.13390740569590462
GC,rsi2<5,up200,1805,1.5,1,30,0.6666666666666666,0.48779725813830266,-0.0030983584996280883,29,0.7586206896551724,0.13670743694987236
GC,rsi2<5,up200,1805,1.5,-1,41,0.6341463414634146,0.4812042325216125,-0.052430255380799706,11,0.7272727272727273,0.08905616768809053
GC,rsi2<5,up200,1805,2.0,1,29,0.7931034482758621,0.6160955339174228,0.1877247590858734,26,0.6923076923076923,0.037441035237451376
GC,rsi2<5,up200,1805,2.0,-1,37,0.5945945945945946,0.4348568313132931,-0.11101965542188044,9,0.7777777777777778,0.16535045445339447
GC,rsi2<5,up200,1805,3.0,1,24,0.75,0.5510017468789357,0.12352349633570148,23,0.7391304347826086,0.10805414307400572
GC,rsi2<5,up200,1805,3.0,-1,29,0.4827586206896552,0.3138581933079522,-0.27803013020546213,9,0.4444444444444444,-0.33465479519136354
GC,rsi2<5,up50,0930,0.5,-1,33,0.6060606060606061,0.4368314280651038,-0.10207597897024911,16,0.6875,0.024516905397444666
GC,rsi2<5,up50,0930,1.0,-1,27,0.7037037037037037,0.515189666191624,0.05066673823716828,13,0.7692307692307693,0.15098577362092772
GC,rsi2<5,up50,0930,1.5,-1,24,0.6666666666666666,0.4670595949408046,-0.0036262615229616193,11,0.6363636363636364,-0.04776142415129407
GC,rsi2<5,up50,0930,2.0,-1,20,0.75,0.5312949900419365,0.12242952039988438,11,0.8181818181818182,0.2257491354973894
GC,rsi2<5,up50,0930,3.0,-1,17,0.5294117647058824,0.30962897311549487,-0.20813220668898175,10,0.7,0.048924165105309815
GC,rsi2<5,up50,1805,0.5,-1,31,0.6774193548387096,0.5014068555995079,0.005464242627124998,16,0.8125,0.21272989197409548
GC,rsi2<5,up50,1805,1.0,-1,25,0.72,0.5242302810344169,0.07492925393571431,12,0.75,0.12182658012293458
GC,rsi2<5,up50,1805,1.5,-1,23,0.6521739130434783,0.4488997690689164,-0.026452468738086213,10,0.8,0.19802661129889612
GC,rsi2<5,up50,1805,2.0,-1,20,0.65,0.43285051021946463,-0.02789692932524047,10,0.8,0.19844042202802056
GC,rsi2<5,up50,1805,3.0,-1,17,0.5882352941176471,0.36005074385515545,-0.11971569302600908,10,0.9,0.34915451285222626
GC,rsi2<5,dn200,0930,0.5,1,114,0.6403508771929824,0.5490074186735066,-0.05842380549019947,38,0.6842105263157895,0.01890116456515799
GC,rsi2<5,dn200,0930,0.5,-1,160,0.65625,0.5797664602225835,-0.02656963565546559,145,0.6896551724137931,0.028930950986406526
GC,rsi2<5,dn200,0930,1.0,1,87,0.6091954022988506,0.5041319615871446,-0.09885855685291221,29,0.6551724137931034,-0.020992633551814348
GC,rsi2<5,dn200,0930,1.0,-1,124,0.6935483870967742,0.6076039366067905,0.03406755579650246,123,0.6341463414634146,-0.05575110319939984
GC,rsi2<5,dn200,0930,1.5,1,67,0.5970149253731343,0.4774111146058888,-0.10800701988513345,21,0.8571428571428571,0.2839245009054219
GC,rsi2<5,dn200,0930,1.5,-1,93,0.6989247311827957,0.5993288866220661,0.044973094488047066,104,0.6057692307692307,-0.093406333704746
GC,rsi2<5,dn200,0930,2.0,1,59,0.6271186440677966,0.49953356682142136,-0.06193117433903773,19,0.7894736842105263,0.1827418431293964
GC,rsi2<5,dn200,0930,2.0,-1,84,0.6666666666666666,0.5605262279543911,-0.002677686150702352,89,0.5617977528089888,-0.1601430361540676
GC,rsi2<5,dn200,0930,3.0,1,49,0.6326530612244898,0.49266811386889864,-0.052744122563125995,15,0.7333333333333333,0.09887479081200615
GC,rsi2<5,dn200,0930,3.0,-1,67,0.6417910447761194,0.5221828769475225,-0.03918567324431463,71,0.5211267605633803,-0.21946552724456497
GC,rsi2<5,dn200,1805,0.5,1,113,0.6283185840707964,0.5363721871689842,-0.07699083647910329,37,0.6486486486486487,-0.03466183543711461
GC,rsi2<5,dn200,1805,0.5,-1,154,0.6493506493506493,0.5711844194887772,-0.03763236510655129,138,0.6304347826086957,-0.060204656200513934
GC,rsi2<5,dn200,1805,1.0,1,85,0.6235294117647059,0.5172971118468916,-0.07820998042138028,26,0.6153846153846154,-0.08079305527797989
GC,rsi2<5,dn200,1805,1.0,-1,115,0.6260869565217392,0.5349246898224094,-0.06645131995509795,110,0.6181818181818182,-0.07565981803309443
GC,rsi2<5,dn200,1805,1.5,1,67,0.5970149253731343,0.4774111146058888,-0.10961283008192754,23,0.6956521739130435,0.04119060879307772
GC,rsi2<5,dn200,1805,1.5,-1,94,0.6382978723404256,0.5375033271840058,-0.04639372468830504,94,0.5957446808510638,-0.10839321969063836
GC,rsi2<5,dn200,1805,2.0,1,61,0.6229508196721312,0.49747627570942377,-0.06817978237141016,20,0.6,-0.101865402024819
GC,rsi2<5,dn200,1805,2.0,-1,85,0.6352941176470588,0.5291793557946364,-0.050328736493515915,75,0.56,-0.16262549567290568
GC,rsi2<5,dn200,1805,3.0,1,48,0.625,0.48362506125249566,-0.0656281386949836,15,0.6666666666666666,-0.0011672320498233673
GC,rsi2<5,dn200,1805,3.0,-1,65,0.6461538461538462,0.5247488020503202,-0.032619316324808016,64,0.5625,-0.15727598704096013
GC,rsi2<5,dn50,0930,0.5,1,146,0.6438356164383562,0.5633845775588833,-0.05115587852799768,63,0.6984126984126984,0.04157241651482865
GC,rsi2<5,dn50,0930,0.5,-1,202,0.6584158415841584,0.5906048271166546,-0.02317873902076102,147,0.6870748299319728,0.025197715783184752
GC,rsi2<5,dn50,0930,1.0,1,117,0.6410256410256411,0.5508952027712691,-0.043577212808076055,53,0.6981132075471698,0.04430595924988081
GC,rsi2<5,dn50,0930,1.0,-1,153,0.6862745098039216,0.608949973610303,0.023356015859207668,124,0.6209677419354839,-0.07621057885140016
GC,rsi2<5,dn50,0930,1.5,1,87,0.6666666666666666,0.5624216326943015,-0.0033085625292597447,42,0.8095238095238095,0.21279348357045313
GC,rsi2<5,dn50,0930,1.5,-1,118,0.6694915254237288,0.5804506872362978,0.0007027004931110469,104,0.5961538461538461,-0.10783384299597815
GC,rsi2<5,dn50,0930,2.0,1,77,0.6753246753246753,0.5645787430085915,0.008897870733715663,36,0.7222222222222222,0.08205858141487289
GC,rsi2<5,dn50,0930,2.0,-1,104,0.6538461538461539,0.5584071487127773,-0.02193031464892709,88,0.5340909090909091,-0.20173952703430312
GC,rsi2<5,dn50,0930,3.0,1,63,0.6984126984126984,0.5763939457458815,0.046002314553744164,28,0.6785714285714286,0.016961919943764458
GC,rsi2<5,dn50,0930,3.0,-1,85,0.6470588235294118,0.5411230239742643,-0.03125671138880612,69,0.4927536231884058,-0.26204206539508135
GC,rsi2<5,dn50,1805,0.5,1,143,0.6293706293706294,0.5477941733888139,-0.07355051181788408,60,0.7166666666666667,0.06903352597560944
GC,rsi2<5,dn50,1805,0.5,-1,197,0.649746192893401,0.5808427803443595,-0.036704241700324026,141,0.6170212765957447,-0.08028611276163737
GC,rsi2<5,dn50,1805,1.0,1,109,0.6330275229357798,0.5394532218030395,-0.062061718866144554,47,0.6382978723404256,-0.045552964981512255
GC,rsi2<5,dn50,1805,1.0,-1,142,0.6197183098591549,0.5377128023395548,-0.07599876425677606,111,0.6036036036036037,-0.0981439897501974
GC,rsi2<5,dn50,1805,1.5,1,88,0.6022727272727273,0.4978053825746995,-0.10008788592181869,43,0.6976744186046512,0.044698524907306345
GC,rsi2<5,dn50,1805,1.5,-1,116,0.6637931034482759,0.5737989685362874,-0.007789173741080854,96,0.59375,-0.11136617767460155
GC,rsi2<5,dn50,1805,2.0,1,79,0.6582278481012658,0.548488933568034,-0.015134171631357543,37,0.6216216216216216,-0.06902763985954967
GC,rsi2<5,dn50,1805,2.0,-1,106,0.6415094339622641,0.5467402280775484,-0.040873668962918185,75,0.56,-0.16259298158522548
GC,rsi2<5,dn50,1805,3.0,1,59,0.6779661016949152,0.5510476493903221,0.01530453231210223,27,0.6296296296296297,-0.05649791604440801
GC,rsi2<5,dn50,1805,3.0,-1,82,0.6219512195121951,0.5137693688945206,-0.06895374737939632,61,0.47540983606557374,-0.2879983296352591
GC,rsi3<20,none,0930,0.5,1,364,0.6813186813186813,0.6317685488209062,0.009601327914684724,174,0.6896551724137931,0.02883719678301623
GC,rsi3<20,none,0930,0.5,-1,473,0.6617336152219874,0.6179447788969519,-0.01788577947585092,333,0.6666666666666666,-0.006166618712123397
GC,rsi3<20,none,0930,1.0,1,271,0.6678966789667896,0.6098195896865338,-0.003085946544114229,137,0.7299270072992701,0.0923645916910665
GC,rsi3<20,none,0930,1.0,-1,332,0.6686746987951807,0.6163671132888109,-0.004100277788629342,253,0.6007905138339921,-0.10418136577032654
GC,rsi3<20,none,0930,1.5,1,198,0.6464646464646465,0.5776643789993823,-0.03420056398858232,102,0.7647058823529411,0.1454900988382812
GC,rsi3<20,none,0930,1.5,-1,252,0.6547619047619048,0.5941316006696846,-0.02158700362798432,191,0.5759162303664922,-0.138248559347262
GC,rsi3<20,none,0930,2.0,1,162,0.6790123456790124,0.6036901372982024,0.016050470187230326,80,0.725,0.08626377670262982
GC,rsi3<20,none,0930,2.0,-1,200,0.635,0.5663157405897017,-0.05022434186118597,151,0.5231788079470199,-0.21693080593700326
GC,rsi3<20,none,0930,3.0,1,101,0.6732673267326733,0.5769143347471855,0.006631555064288381,59,0.7457627118644068,0.1178605436382494
GC,rsi3<20,none,0930,3.0,-1,123,0.6016260162601627,0.5132936289239914,-0.10016238053841178,101,0.5742574257425742,-0.14011841453429144
GC,rsi3<20,none,1805,0.5,1,349,0.6590257879656161,0.6078013459845516,-0.024617645812025444,170,0.6941176470588235,0.035538742697370534
GC,rsi3<20,none,1805,0.5,-1,462,0.658008658008658,0.6136074519163602,-0.02376004193384914,328,0.5975609756097561,-0.10959659319331587
GC,rsi3<20,none,1805,1.0,1,246,0.6910569105691057,0.6307485169128157,0.028967994616888267,124,0.7016129032258065,0.04975327486208127
GC,rsi3<20,none,1805,1.0,-1,310,0.6483870967741936,0.593713212269946,-0.03411205702319406,232,0.5646551724137931,-0.15659007562456428
GC,rsi3<20,none,1805,1.5,1,182,0.6868131868131868,0.6161582324294039,0.025642954541894667,102,0.7254901960784313,0.08650236818242657
GC,rsi3<20,none,1805,1.5,-1,238,0.6302521008403361,0.5673063119868309,-0.058759340313065074,180,0.5611111111111111,-0.16108629630985632
GC,rsi3<20,none,1805,2.0,1,154,0.6818181818181818,0.604594747305898,0.02032909778674772,80,0.6875,0.029945128244724683
GC,rsi3<20,none,1805,2.0,-1,192,0.6302083333333334,0.5599938903616183,-0.05757553780961507,133,0.5338345864661654,-0.20145615366744665
GC,rsi3<20,none,1805,3.0,1,106,0.6698113207547169,0.5757232330243807,0.0015699194468677161,57,0.7368421052631579,0.10447947935580605
GC,rsi3<20,none,1805,3.0,-1,121,0.5950413223140496,0.5059567358197812,-0.1103839106227772,97,0.5257731958762887,-0.21533077227186584
GC,rsi3<20,up200,0930,0.5,1,130,0.7384615384615385,0.6568484192537412,0.09899903020884449,91,0.7362637362637363,0.10011385185470834
GC,rsi3<20,up200,0930,0.5,-1,160,0.675,0.5990599383865775,0.002581251750048583,36,0.75,0.11984288361614899
GC,rsi3<20,up200,0930,1.0,1,100,0.73,0.6356769977376873,0.09061592935517968,78,0.8076923076923077,0.2096680350796099
GC,rsi3<20,up200,0930,1.0,-1,119,0.6722689075630253,0.5837001357264323,0.0020605398002692607,23,0.5652173913043478,-0.15951069745370336
GC,rsi3<20,up200,0930,1.5,1,75,0.7333333333333333,0.6236898715426942,0.09705535420560342,64,0.8125,0.21749119241801862
GC,rsi3<20,up200,0930,1.5,-1,88,0.6136363636363636,0.5091856433622111,-0.08324035352279048,20,0.5,-0.25243987347441216
GC,rsi3<20,up200,0930,2.0,1,61,0.7540983606557377,0.6331533709421812,0.12899121625346863,49,0.7551020408163265,0.1316402234209818
GC,rsi3<20,up200,0930,2.0,-1,72,0.5972222222222222,0.4818046137128726,-0.10692942643360319,18,0.5,-0.25174944960303725
GC,rsi3<20,up200,0930,3.0,1,47,0.7021276595744681,0.5602205595363459,0.051727920130862845,39,0.7435897435897436,0.11473934855256052
GC,rsi3<20,up200,0930,3.0,-1,43,0.5116279069767442,0.36752063766074083,-0.23465247973152698,13,0.5384615384615384,-0.1947789622682268
GC,rsi3<20,up200,1805,0.5,1,122,0.7049180327868853,0.6187308107303047,0.048108409670350384,88,0.7272727272727273,0.08646340978096939
GC,rsi3<20,up200,1805,0.5,-1,158,0.6772151898734177,0.6008530535555524,0.005881277814206155,37,0.5945945945945946,-0.1142925626032548
GC,rsi3<20,up200,1805,1.0,1,89,0.7752808988764045,0.6782244712364707,0.15892924529517102,69,0.7246376811594203,0.08480296383917492
GC,rsi3<20,up200,1805,1.0,-1,107,0.6635514018691588,0.5697372482952349,-0.009982271562158428,23,0.6086956521739131,-0.0930217421814739
GC,rsi3<20,up200,1805,1.5,1,68,0.75,0.6356122186609706,0.12219673383635493,59,0.7457627118644068,0.11719055297363655
GC,rsi3<20,up200,1805,1.5,-1,80,0.625,0.515485228513904,-0.06609965346808858,18,0.6666666666666666,-0.0019758484763223016
GC,rsi3<20,up200,1805,2.0,1,63,0.7301587301587301,0.6096985641796893,0.09308641866416725,48,0.7291666666666666,0.09267762958074577
GC,rsi3<20,up200,1805,2.0,-1,62,0.5806451612903226,0.45665361737846166,-0.13188458503015452,16,0.6875,0.02980313087872235
GC,rsi3<20,up200,1805,3.0,1,48,0.6458333333333334,0.5043879645406409,-0.032878977638046036,39,0.717948717948718,0.07625252669256305
GC,rsi3<20,up200,1805,3.0,-1,45,0.5333333333333333,0.3907720886241046,-0.20194515871206167,13,0.46153846153846156,-0.3088649943177326
GC,rsi3<20,up50,0930,0.5,1,57,0.7894736842105263,0.6671363132153347,0.17645499158735478,41,0.7560975609756098,0.1303681884387523
GC,rsi3<20,up50,0930,0.5,-1,82,0.6341463414634146,0.5260706597602314,-0.059331858828399905,32,0.71875,0.07194811204226653
GC,rsi3<20,up50,0930,1.0,1,45,0.6888888888888889,0.5433492001245104,0.0287100948330398,36,0.8888888888888888,0.3318722801903356
GC,rsi3<20,up50,0930,1.0,-1,60,0.65,0.5236238380947751,-0.031537495064327986,26,0.6923076923076923,0.03536152694169913
GC,rsi3<20,up50,0930,1.5,1,40,0.6,0.445956198273935,-0.103544760217724,33,0.8181818181818182,0.22609201700488438
GC,rsi3<20,up50,0930,1.5,-1,50,0.72,0.5833461285401034,0.07684604821389682,21,0.5714285714285714,-0.14512478764405176
GC,rsi3<20,up50,0930,2.0,1,35,0.6285714285714286,0.46336640488021064,-0.05973684579657709,27,0.7407407407407407,0.11008997758864345
GC,rsi3<20,up50,0930,2.0,-1,41,0.6585365853658537,0.5054955435372689,-0.014816152569155241,18,0.6111111111111112,-0.08505395533426695
GC,rsi3<20,up50,0930,3.0,1,33,0.6666666666666666,0.4960758179994997,-0.004381155672601569,24,0.875,0.31194996628247423
GC,rsi3<20,up50,0930,3.0,-1,34,0.5588235294117647,0.3945361778918369,-0.16369947651347563,17,0.7058823529411765,0.05677294791259684
GC,rsi3<20,up50,1805,0.5,1,54,0.7037037037037037,0.5717217482621142,0.046385350259065046,41,0.7317073170731707,0.09341117778290314
GC,rsi3<20,up50,1805,0.5,-1,78,0.6410256410256411,0.5302659691423957,-0.048782608303643026,32,0.78125,0.1662562433901511
GC,rsi3<20,up50,1805,1.0,1,43,0.7209302325581395,0.5730868709987059,0.07699944287197114,35,0.8,0.1981522118233288
GC,rsi3<20,up50,1805,1.0,-1,56,0.6964285714285714,0.5666388751588567,0.03968382028032998,23,0.6521739130434783,-0.025051730461032463
GC,rsi3<20,up50,1805,1.5,1,36,0.6388888888888888,0.4757478039083198,-0.04506021228703113,29,0.8620689655172413,0.29199294746074367
GC,rsi3<20,up50,1805,1.5,-1,46,0.6304347826086957,0.48599833149184785,-0.058373627026364595,23,0.6956521739130435,0.040885826679401924
GC,rsi3<20,up50,1805,2.0,1,35,0.6571428571428571,0.4915164687273671,-0.016760559472895346,26,0.7692307692307693,0.15285221495891507
GC,rsi3<20,up50,1805,2.0,-1,41,0.5853658536585366,0.433668353568366,-0.12473757762485368,20,0.75,0.12355790609491817
GC,rsi3<20,up50,1805,3.0,1,34,0.6470588235294118,0.4791365883001342,-0.035819307968181995,24,0.875,0.3119499662824741
GC,rsi3<20,up50,1805,3.0,-1,35,0.6,0.43572419581519467,-0.10182214238612282,18,0.6666666666666666,-0.008930919830076014
GC,rsi3<20,dn200,0930,0.5,1,234,0.6495726495726496,0.5864734247853464,-0.04006406224873735,83,0.6385542168674698,-0.04930949733173053
GC,rsi3<20,dn200,0930,0.5,-1,313,0.6549520766773163,0.6006941185606938,-0.02834815965522447,297,0.6565656565656566,-0.021440497782217023
GC,rsi3<20,dn200,0930,1.0,1,173,0.6358381502890174,0.5619033686518204,-0.051463828347285405,62,0.6290322580645161,-0.059883889103186934
GC,rsi3<20,dn200,0930,1.0,-1,216,0.6712962962962963,0.6061353312255136,-0.0005377508009073172,231,0.6060606060606061,-0.0960667353291737
GC,rsi3<20,dn200,0930,1.5,1,126,0.6031746031746031,0.5159134936356949,-0.09965117464725472,42,0.7142857142857143,0.06939833682044985
GC,rsi3<20,dn200,0930,1.5,-1,167,0.6826347305389222,0.6086108105272849,0.0202316641326363,174,0.5919540229885057,-0.11414567100518269
GC,rsi3<20,dn200,0930,2.0,1,107,0.6542056074766355,0.56015355580043,-0.021280971146980462,36,0.7222222222222222,0.0818037049714069
GC,rsi3<20,dn200,0930,2.0,-1,133,0.6541353383458647,0.5699953429117186,-0.02150021873554277,136,0.5367647058823529,-0.19653360728507657
GC,rsi3<20,dn200,0930,3.0,1,63,0.6666666666666666,0.5436701013442413,-0.004330131867226913,25,0.72,0.07893701795155016
GC,rsi3<20,dn200,0930,3.0,-1,87,0.6206896551724138,0.5156742657309596,-0.07181447217483684,92,0.5978260869565217,-0.1045964561308001
GC,rsi3<20,dn200,1805,0.5,1,227,0.6343612334801763,0.5699561367060147,-0.06370389589506441,82,0.6585365853658537,-0.019112119538686776
GC,rsi3<20,dn200,1805,0.5,-1,304,0.6480263157894737,0.5927959476190715,-0.03916572785553577,291,0.5979381443298969,-0.10899951117212088
GC,rsi3<20,dn200,1805,1.0,1,158,0.6455696202531646,0.5683366117598866,-0.041274081506082895,55,0.6727272727272727,0.005805247641427269
GC,rsi3<20,dn200,1805,1.0,-1,205,0.6390243902439025,0.5712772654273748,-0.04886475550825872,210,0.5619047619047619,-0.16043654208241287
GC,rsi3<20,dn200,1805,1.5,1,116,0.6551724137931034,0.5649527181283869,-0.022811104308754163,48,0.7291666666666666,0.09171188550237906
GC,rsi3<20,dn200,1805,1.5,-1,158,0.6139240506329114,0.5361636296879004,-0.08358405610325305,163,0.5521472392638037,-0.17461008699723857
GC,rsi3<20,dn200,1805,2.0,1,97,0.6701030927835051,0.571625410672298,0.002655608354594275,38,0.6842105263157895,0.024743603647660817
GC,rsi3<20,dn200,1805,2.0,-1,134,0.6417910447761194,0.5576974884478828,-0.0402500329556393,120,0.525,-0.2147835047802267
GC,rsi3<20,dn200,1805,3.0,1,64,0.6875,0.5660743364084737,0.027115952308604096,24,0.7083333333333334,0.06145102629304003
GC,rsi3<20,dn200,1805,3.0,-1,83,0.6024096385542169,0.4948463779413774,-0.09983197321895121,88,0.5568181818181818,-0.1690331020531258
GC,rsi3<20,dn50,0930,0.5,1,307,0.6612377850162866,0.6065919810244564,-0.021378016806299614,133,0.6691729323308271,-0.002461830719879824
GC,rsi3<20,dn50,0930,0.5,-1,392,0.6658163265306123,0.6177100422174434,-0.011765889686447976,301,0.6611295681063123,-0.014471174805613366
GC,rsi3<20,dn50,0930,1.0,1,229,0.6550218340611353,0.5913516490753298,-0.022516755759801152,102,0.6764705882352942,0.011808496952039484
GC,rsi3<20,dn50,0930,1.0,-1,278,0.6762589928057554,0.6191765209320921,0.007238872114546739,230,0.591304347826087,-0.11864588128920368
GC,rsi3<20,dn50,0930,1.5,1,165,0.6606060606060606,0.5854351636203324,-0.012445558011877954,72,0.7361111111111112,0.10240155661672887
GC,rsi3<20,dn50,0930,1.5,-1,214,0.6542056074766355,0.588266300722427,-0.022474006996013766,174,0.5862068965517241,-0.12276905377811215
GC,rsi3<20,dn50,0930,2.0,1,133,0.6842105263157895,0.6009849745848181,0.02292887052702026,55,0.7272727272727273,0.08958600377055138
GC,rsi3<20,dn50,0930,2.0,-1,171,0.6374269005847953,0.5630832875631495,-0.0465701411130403,138,0.5217391304347826,-0.21984354929014183
GC,rsi3<20,dn50,0930,3.0,1,87,0.6896551724137931,0.5861598330932992,0.032016526377512414,39,0.6923076923076923,0.03755291562785209
GC,rsi3<20,dn50,0930,3.0,-1,109,0.6238532110091743,0.5301571256769941,-0.06607572518631584,93,0.5483870967741935,-0.17883716717233206
GC,rsi3<20,dn50,1805,0.5,1,295,0.6508474576271186,0.5948251538526051,-0.03761480441486912,129,0.6821705426356589,0.017145178057782658
GC,rsi3<20,dn50,1805,0.5,-1,385,0.6623376623376623,0.6137007534765583,-0.01734764145579202,297,0.5791245791245792,-0.13728307223401803
GC,rsi3<20,dn50,1805,1.0,1,207,0.6714975845410628,0.6048987792589455,-0.0010671282844928105,90,0.6666666666666666,-0.002977795740382568
GC,rsi3<20,dn50,1805,1.0,-1,258,0.6434108527131783,0.5832503658910619,-0.04190620989038894,211,0.5545023696682464,-0.17184227099973556
GC,rsi3<20,dn50,1805,1.5,1,152,0.6907894736842105,0.6133712767470852,0.0320490349712552,77,0.6753246753246753,0.011056904438438011
GC,rsi3<20,dn50,1805,1.5,-1,200,0.63,0.5612250134987606,-0.05913080318039644,161,0.546583850931677,-0.1828914784398854
GC,rsi3<20,dn50,1805,2.0,1,127,0.6771653543307087,0.5916787252928652,0.013336545796490865,59,0.6610169491525424,-0.009875247103623384
GC,rsi3<20,dn50,1805,2.0,-1,162,0.6358024691358025,0.5593507610389694,-0.04920047990984289,118,0.5084745762711864,-0.23959660265773353
GC,rsi3<20,dn50,1805,3.0,1,86,0.6744186046511628,0.5697765718056292,0.01000053591291226,35,0.6571428571428571,-0.01520159142905287
GC,rsi3<20,dn50,1805,3.0,-1,107,0.616822429906542,0.5221754771468577,-0.07659413548410084,86,0.5232558139534884,-0.21782673777717415
GC,ibs<0.2,none,0930,0.5,1,495,0.6747474747474748,0.6322689375156244,8.170419853991129e-06,292,0.6746575342465754,0.003733228105009188
GC,ibs<0.2,none,0930,0.5,-1,576,0.6510416666666666,0.6112315717219414,-0.03414023168356803,393,0.6793893129770993,0.010862480466893924
GC,ibs<0.2,none,0930,1.0,1,424,0.6721698113207547,0.6261156295295974,0.0030903928893707745,252,0.7142857142857143,0.06871478794729835
GC,ibs<0.2,none,0930,1.0,-1,487,0.6529774127310062,0.6096503852521981,-0.026854162566630597,326,0.6319018404907976,-0.05796468516465114
GC,ibs<0.2,none,0930,1.5,1,326,0.6779141104294478,0.6253708682391529,0.013174868066039272,210,0.7476190476190476,0.11937778343343065
GC,ibs<0.2,none,0930,1.5,-1,382,0.6518324607329843,0.6027617021983859,-0.02596649083285305,254,0.5866141732283464,-0.12248424955633096
GC,ibs<0.2,none,0930,2.0,1,259,0.6563706563706564,0.5966242860076206,-0.018495651872883424,162,0.7283950617283951,0.09126445386121819
GC,ibs<0.2,none,0930,2.0,-1,280,0.6321428571428571,0.5742255840732585,-0.05459168000969083,189,0.5502645502645502,-0.17621610555133482
GC,ibs<0.2,none,0930,3.0,1,162,0.6851851851851852,0.6100782454939574,0.02608178697498283,92,0.75,0.12420266129040923
GC,ibs<0.2,none,0930,3.0,-1,159,0.5849056603773585,0.5071946513376586,-0.12473250421388218,113,0.504424778761062,-0.24547744660888654
GC,ibs<0.2,none,1805,0.5,1,492,0.6341463414634146,0.5906974914283284,-0.0632010000797608,297,0.6868686868686869,0.024582688157322265
GC,ibs<0.2,none,1805,0.5,-1,578,0.6608996539792388,0.6213558937803154,-0.01894357372606198,394,0.5710659898477157,-0.14935757744946565
GC,ibs<0.2,none,1805,1.0,1,414,0.644927536231884,0.597691433709884,-0.039476492036855444,259,0.6872586872586872,0.02806450071204451
GC,ibs<0.2,none,1805,1.0,-1,477,0.6268343815513627,0.5825794808243032,-0.066108224504632,322,0.577639751552795,-0.13867266502227518
GC,ibs<0.2,none,1805,1.5,1,339,0.6666666666666666,0.6148639147953429,-0.004110049784150773,210,0.7047619047619048,0.055025031795355214
GC,ibs<0.2,none,1805,1.5,-1,371,0.6307277628032345,0.5805126556080487,-0.057554230847199635,239,0.5355648535564853,-0.19934386800444406
GC,ibs<0.2,none,1805,2.0,1,247,0.6518218623481782,0.5904957853747975,-0.025054026817700737,164,0.6951219512195121,0.04130129078369132
GC,ibs<0.2,none,1805,2.0,-1,277,0.6209386281588448,0.5625182360985697,-0.07173375065946762,177,0.5084745762711864,-0.2390776565142327
GC,ibs<0.2,none,1805,3.0,1,160,0.68125,0.6055191224650822,0.020277510579087547,90,0.7555555555555555,0.13252337001543715
GC,ibs<0.2,none,1805,3.0,-1,160,0.6125,0.5352166087104928,-0.08308733397822358,103,0.5242718446601942,-0.2147133820975584
GC,ibs<0.2,up200,0930,0.5,1,239,0.6694560669456067,0.6075489607379189,-0.006090590421967496,190,0.6789473684210526,0.00969003862843348
GC,ibs<0.2,up200,0930,0.5,-1,223,0.6771300448430493,0.6132086637548838,0.004290063045121944,72,0.5972222222222222,-0.1135718052093786
GC,ibs<0.2,up200,0930,1.0,1,210,0.6857142857142857,0.6200666140902598,0.023750118946945876,165,0.7454545454545455,0.1156473710868827
GC,ibs<0.2,up200,0930,1.0,-1,193,0.6424870466321243,0.5726946445783377,-0.04144996791280509,57,0.543859649122807,-0.18937387333666186
GC,ibs<0.2,up200,0930,1.5,1,164,0.7195121951219512,0.6463379580115902,0.07634418735402779,144,0.75,0.12302196032926356
GC,ibs<0.2,up200,0930,1.5,-1,157,0.6751592356687898,0.5984787454536229,0.009214096804266702,48,0.5208333333333334,-0.22115996061930077
GC,ibs<0.2,up200,0930,2.0,1,127,0.6771653543307087,0.5916787252928652,0.012226323352894357,115,0.7217391304347827,0.08134079751993455
GC,ibs<0.2,up200,0930,2.0,-1,120,0.6583333333333333,0.5697466444292892,-0.015522199306270641,35,0.5714285714285714,-0.14463023736721756
GC,ibs<0.2,up200,0930,3.0,1,84,0.6785714285714286,0.5727836073115733,0.016356846874750093,65,0.7230769230769231,0.08388347905733645
GC,ibs<0.2,up200,0930,3.0,-1,74,0.6081081081081081,0.4941931053499984,-0.0895947613242327,23,0.5217391304347826,-0.21854022670305578
GC,ibs<0.2,up200,1805,0.5,1,238,0.634453781512605,0.5715842190816898,-0.06253926974185704,194,0.7010309278350515,0.04622107685483497
GC,ibs<0.2,up200,1805,0.5,-1,223,0.672645739910314,0.6085863608201553,-0.002070946309720928,71,0.6197183098591549,-0.07685240289461098
GC,ibs<0.2,up200,1805,1.0,1,200,0.64,0.5714139956562682,-0.0450655498038444,171,0.6900584795321637,0.03244083026493109
GC,ibs<0.2,up200,1805,1.0,-1,184,0.6086956521739131,0.5366433710756495,-0.09267863717147018,56,0.5,-0.2549329033427036
GC,ibs<0.2,up200,1805,1.5,1,167,0.6706586826347305,0.5962421090558822,0.0026793666988121,145,0.7103448275862069,0.06336929310311414
GC,ibs<0.2,up200,1805,1.5,-1,146,0.6712328767123288,0.5914970439204464,0.003454850078256026,43,0.6046511627906976,-0.09521767345307092
GC,ibs<0.2,up200,1805,2.0,1,126,0.6507936507936508,0.5642112392113556,-0.026260774396972657,116,0.6896551724137931,0.03318484061758278
GC,ibs<0.2,up200,1805,2.0,-1,107,0.6635514018691588,0.5697372482952349,-0.008543468260436757,36,0.5833333333333334,-0.12671844312509475
GC,ibs<0.2,up200,1805,3.0,1,90,0.7,0.598732953143893,0.04849127698427957,61,0.7213114754098361,0.08120528016588453
GC,ibs<0.2,up200,1805,3.0,-1,72,0.6111111111111112,0.4956214320752605,-0.08506628979659898,24,0.5833333333333334,-0.12614202960185322
GC,ibs<0.2,up50,0930,0.5,1,205,0.6634146341463415,0.5962485774801726,-0.0147190918070573,131,0.6870229007633588,0.019856915030786914
GC,ibs<0.2,up50,0930,0.5,-1,196,0.6989795918367347,0.6314416574789837,0.037042840791888375,104,0.6634615384615384,-0.012252192333403245
GC,ibs<0.2,up50,0930,1.0,1,183,0.644808743169399,0.5731444134661694,-0.03781399505365231,124,0.7580645161290323,0.13486272505333613
GC,ibs<0.2,up50,0930,1.0,-1,164,0.6463414634146342,0.5705826396383173,-0.0351280778764254,83,0.6144578313253012,-0.08140516937641178
GC,ibs<0.2,up50,0930,1.5,1,148,0.6418918918918919,0.5619572372893419,-0.040869379120871664,107,0.7289719626168224,0.09110150711558827
GC,ibs<0.2,up50,0930,1.5,-1,131,0.648854961832061,0.5639348454311963,-0.02986546680161284,70,0.5857142857142857,-0.12352210363727874
GC,ibs<0.2,up50,0930,2.0,1,126,0.626984126984127,0.53995802557443,-0.06326662551030005,85,0.7294117647058823,0.09286440782651871
GC,ibs<0.2,up50,0930,2.0,-1,99,0.6565656565656566,0.5587543290447314,-0.01805963099442381,51,0.5686274509803921,-0.14868578307050848
GC,ibs<0.2,up50,0930,3.0,1,92,0.6630434782608695,0.5616510724230352,-0.00701925798446947,63,0.7936507936507936,0.18972878581475802
GC,ibs<0.2,up50,0930,3.0,-1,70,0.6142857142857143,0.4971552064563055,-0.08079023652453193,32,0.5,-0.25114909079053716
GC,ibs<0.2,up50,1805,0.5,1,205,0.6390243902439025,0.5712772654273748,-0.05625314082833272,131,0.6870229007633588,0.025275956541306266
GC,ibs<0.2,up50,1805,0.5,-1,191,0.6963350785340314,0.6277794513631783,0.033987164387731576,105,0.6285714285714286,-0.06264776007829455
GC,ibs<0.2,up50,1805,1.0,1,183,0.6284153005464481,0.5564345406746688,-0.06244862051459772,123,0.7073170731707317,0.058449273471039336
GC,ibs<0.2,up50,1805,1.0,-1,156,0.6474358974358975,0.5697400865662764,-0.03457718822475023,83,0.5783132530120482,-0.13569160166870115
GC,ibs<0.2,up50,1805,1.5,1,156,0.6346153846153846,0.5566579676287499,-0.051544033644500886,105,0.7333333333333333,0.09818611365700405
GC,ibs<0.2,up50,1805,1.5,-1,125,0.672,0.5856414953120279,0.004826654202028813,68,0.5882352941176471,-0.11989123665177835
GC,ibs<0.2,up50,1805,2.0,1,124,0.6129032258064516,0.5250067645169081,-0.08323280099391932,90,0.7111111111111111,0.06538387786677038
GC,ibs<0.2,up50,1805,2.0,-1,99,0.6868686868686869,0.5899831082357886,0.02667353553034226,54,0.5370370370370371,-0.19649859652705265
GC,ibs<0.2,up50,1805,3.0,1,92,0.6413043478260869,0.5394508158914832,-0.039698987006647195,59,0.7627118644067796,0.14328209270734635
GC,ibs<0.2,up50,1805,3.0,-1,70,0.6428571428571429,0.5258817704420135,-0.037479808868962246,34,0.5294117647058824,-0.2071300533999692
GC,ibs<0.2,dn200,0930,0.5,1,256,0.6796875,0.6202347782890922,0.005701935424523286,103,0.6699029126213593,-0.0024835227429003365
GC,ibs<0.2,dn200,0930,0.5,-1,354,0.635593220338983,0.5842515858044489,-0.05685666381402772,321,0.6978193146417445,0.03877297445035691
GC,ibs<0.2,dn200,0930,1.0,1,216,0.6620370370370371,0.5966131296655803,-0.012425087371276526,90,0.6666666666666666,-0.0030291440864840826
GC,ibs<0.2,dn200,0930,1.0,-1,300,0.6633333333333333,0.6080909561297259,-0.01199666908322115,271,0.6494464944649446,-0.031783556608681304
GC,ibs<0.2,dn200,0930,1.5,1,169,0.650887573964497,0.5763879082767801,-0.028039243459954247,71,0.7464788732394366,0.11751695878304382
GC,ibs<0.2,dn200,0930,1.5,-1,231,0.6363636363636364,0.572567077665138,-0.049283491713016415,208,0.6009615384615384,-0.10097151732312545
GC,ibs<0.2,dn200,0930,2.0,1,144,0.6666666666666666,0.5862234638042094,-0.0025043480034634335,56,0.7321428571428571,0.09666919118328889
GC,ibs<0.2,dn200,0930,2.0,-1,165,0.6242424242424243,0.5483064230373585,-0.06623900556990577,159,0.5534591194968553,-0.1713891218397807
GC,ibs<0.2,dn200,0930,3.0,1,86,0.6744186046511628,0.5697765718056292,0.009999209164323635,37,0.7567567567567568,0.1341281991199559
GC,ibs<0.2,dn200,0930,3.0,-1,92,0.5760869565217391,0.47405256502938276,-0.1381645512089572,98,0.5306122448979592,-0.20631643445208686
GC,ibs<0.2,dn200,1805,0.5,1,254,0.6338582677165354,0.5730269864315195,-0.06382104661685173,103,0.6601941747572816,-0.016173111913721106
GC,ibs<0.2,dn200,1805,0.5,-1,355,0.6535211267605634,0.602615294297838,-0.029542435455200165,324,0.558641975308642,-0.16791939634475947
GC,ibs<0.2,dn200,1805,1.0,1,215,0.6511627906976745,0.5853072973838992,-0.031780867278765904,91,0.6923076923076923,0.03533280948648373
GC,ibs<0.2,dn200,1805,1.0,-1,298,0.6409395973154363,0.5849959816389668,-0.04530141772100842,267,0.5917602996254682,-0.11754350300766371
GC,ibs<0.2,dn200,1805,1.5,1,175,0.6628571428571428,0.5899857132879214,-0.01057394433056451,71,0.7183098591549296,0.07545556836479302
GC,ibs<0.2,dn200,1805,1.5,-1,232,0.603448275862069,0.5393072506858869,-0.09863870526245722,198,0.5151515151515151,-0.23009191647285168
GC,ibs<0.2,dn200,1805,2.0,1,129,0.6744186046511628,0.5895288926878659,0.00859478820035757,58,0.7068965517241379,0.05881562973903736
GC,ibs<0.2,dn200,1805,2.0,-1,178,0.6067415730337079,0.5334520479838576,-0.09251473636022839,147,0.4965986394557823,-0.25690789079309806
GC,ibs<0.2,dn200,1805,3.0,1,85,0.6705882352941176,0.5651999200134196,0.004247560184014719,39,0.7435897435897436,0.11435277296121998
GC,ibs<0.2,dn200,1805,3.0,-1,95,0.6105263157894737,0.5100005506874274,-0.08610239394106624,86,0.5348837209302325,-0.19878048244519014
GC,ibs<0.2,dn50,0930,0.5,1,290,0.6827586206896552,0.6271014239878935,0.010418821304394739,163,0.6625766871165644,-0.012397459293113597
GC,ibs<0.2,dn50,0930,0.5,-1,382,0.6282722513089005,0.5787570139936277,-0.06789305889649405,289,0.6851211072664359,0.01918056341232959
GC,ibs<0.2,dn50,0930,1.0,1,248,0.6814516129032258,0.6210735452590563,0.016841380859562344,133,0.6766917293233082,0.011894981264045097
GC,ibs<0.2,dn50,0930,1.0,-1,333,0.6606606606606606,0.608230231094265,-0.01605933093053931,248,0.6451612903225806,-0.03891061170123047
GC,ibs<0.2,dn50,0930,1.5,1,193,0.694300518134715,0.6260364993274972,0.03824679637533877,111,0.7477477477477478,0.11984305558594842
GC,ibs<0.2,dn50,0930,1.5,-1,262,0.6526717557251909,0.5931879859583326,-0.02498021237823003,197,0.6091370558375635,-0.08873891654437094
GC,ibs<0.2,dn50,0930,2.0,1,152,0.6973684210526315,0.620211462823722,0.04286368664275842,79,0.7088607594936709,0.06183622628156704
GC,ibs<0.2,dn50,0930,2.0,-1,199,0.6331658291457286,0.5642718071059297,-0.052927785982879554,147,0.54421768707483,-0.18599786914008964
GC,ibs<0.2,dn50,0930,3.0,1,101,0.7029702970297029,0.6077477518019601,0.052907479113101515,51,0.7254901960784313,0.0873195396964774
GC,ibs<0.2,dn50,0930,3.0,-1,119,0.6050420168067226,0.5152473444421884,-0.09429814675219117,94,0.5212765957446809,-0.22035855494394596
GC,ibs<0.2,dn50,1805,0.5,1,287,0.6306620209059234,0.5734418785777162,-0.0681637566879237,166,0.6867469879518072,0.024035590818154165
GC,ibs<0.2,dn50,1805,0.5,-1,387,0.6434108527131783,0.5944923391893858,-0.04506701295018232,289,0.5501730103806228,-0.18086114431442396
GC,ibs<0.2,dn50,1805,1.0,1,238,0.6596638655462185,0.5973557130276769,-0.018688955646626676,139,0.6546762589928058,-0.021120036667925116
GC,ibs<0.2,dn50,1805,1.0,-1,325,0.6184615384615385,0.5645559154706803,-0.07895159080234712,241,0.5767634854771784,-0.1406433462201667
GC,ibs<0.2,dn50,1805,1.5,1,199,0.6884422110552764,0.6210380928462449,0.028651823620604124,115,0.6695652173913044,0.0019247157736420103
GC,ibs<0.2,dn50,1805,1.5,-1,258,0.6162790697674418,0.5556459568299125,-0.07943251382157669,182,0.5274725274725275,-0.21159898161975055
GC,ibs<0.2,dn50,1805,2.0,1,143,0.6993006993006993,0.6197334043040456,0.04609635811739842,80,0.6625,-0.00774969064655609
GC,ibs<0.2,dn50,1805,2.0,-1,199,0.6030150753768844,0.533702715973842,-0.09826190775650195,133,0.5037593984962406,-0.24599256442481213
GC,ibs<0.2,dn50,1805,3.0,1,99,0.7070707070707071,0.6110363794739133,0.05908319460715794,48,0.7291666666666666,0.0928707617595667
GC,ibs<0.2,dn50,1805,3.0,-1,125,0.616,0.5284885300554436,-0.07776340109080816,84,0.5,-0.25110585524941925
GC,dn>=2,none,0930,0.5,1,562,0.6672597864768683,0.6272828689327999,-0.010908650165911391,323,0.628482972136223,-0.06596098594094991
GC,dn>=2,none,0930,0.5,-1,684,0.6637426900584795,0.6275104190768634,-0.014747391008354656,446,0.7017937219730942,0.0451404721025481
GC,dn>=2,none,0930,1.0,1,426,0.6525821596244131,0.6061840621726389,-0.027278743122938348,251,0.6733067729083665,0.007073023211161829
GC,dn>=2,none,0930,1.0,-1,503,0.6560636182902585,0.6135084457506739,-0.02334358306821507,352,0.6392045454545454,-0.04645824599029684
GC,dn>=2,none,0930,1.5,1,322,0.6645962732919255,0.6113546254705957,-0.007005833401190482,200,0.705,0.05573667694393469
GC,dn>=2,none,0930,1.5,-1,365,0.6438356164383562,0.5934438333166383,-0.038493674937606054,266,0.5676691729323309,-0.1521375892087383
GC,dn>=2,none,0930,2.0,1,264,0.6893939393939394,0.6311923379539452,0.03171270371835126,152,0.7039473684210527,0.05454804144511461
GC,dn>=2,none,0930,2.0,-1,279,0.6344086021505376,0.5764269931902434,-0.05101085576402518,185,0.5405405405405406,-0.1908800380499822
GC,dn>=2,none,0930,3.0,1,160,0.68125,0.6055191224650822,0.02031187837341966,94,0.7553191489361702,0.13210913086742204
GC,dn>=2,none,0930,3.0,-1,171,0.6432748538011696,0.5690504675197365,-0.03697512246121951,105,0.5047619047619047,-0.24401667286610226
GC,dn>=2,none,1805,0.5,1,552,0.6268115942028986,0.585717546614329,-0.07210013129089521,316,0.6993670886075949,0.04359792059262585
GC,dn>=2,none,1805,0.5,-1,671,0.6780923994038748,0.6418135223437126,0.0065898120513445246,444,0.6396396396396397,-0.04632953149834505
GC,dn>=2,none,1805,1.0,1,409,0.6650366748166259,0.617946317410254,-0.009755650886217096,247,0.6923076923076923,0.03540911991689969
GC,dn>=2,none,1805,1.0,-1,494,0.6336032388663968,0.5902349268920078,-0.05635180534202448,333,0.6156156156156156,-0.08081052934503839
GC,dn>=2,none,1805,1.5,1,320,0.65,0.5962407562305204,-0.029667575594061434,200,0.68,0.018185597149367544
GC,dn>=2,none,1805,1.5,-1,369,0.6368563685636857,0.5866108337280717,-0.048392024651551235,254,0.5787401574803149,-0.13434238016497518
GC,dn>=2,none,1805,2.0,1,252,0.6706349206349206,0.610425079610189,0.003066481475647384,155,0.6903225806451613,0.03411983760275767
GC,dn>=2,none,1805,2.0,-1,280,0.6464285714285715,0.5887932683106276,-0.03306125935663824,185,0.5621621621621622,-0.1587150884536322
GC,dn>=2,none,1805,3.0,1,152,0.7039473684210527,0.6270686253277898,0.05437625200151046,85,0.7411764705882353,0.11092221077816669
GC,dn>=2,none,1805,3.0,-1,170,0.6352941176470588,0.5606872415745565,-0.04886736365816515,109,0.5412844036697247,-0.19042976996798444
GC,dn>=2,up200,0930,0.5,1,257,0.688715953307393,0.6296769833451011,0.02318957060690104,202,0.6237623762376238,-0.07418368891219178
GC,dn>=2,up200,0930,0.5,-1,295,0.6847457627118644,0.6296391834113786,0.017115838048670794,75,0.7333333333333333,0.09422366390662681
GC,dn>=2,up200,0930,1.0,1,211,0.6777251184834123,0.6119726566446435,0.011781100559396289,158,0.7151898734177216,0.07023715534752975
GC,dn>=2,up200,0930,1.0,-1,219,0.6529680365296804,0.5877741509481471,-0.02870765097378864,60,0.6666666666666666,-0.004569365680886785
GC,dn>=2,up200,0930,1.5,1,159,0.7044025157232704,0.6293282907918103,0.05352575060718086,134,0.7089552238805971,0.061852438185491306
GC,dn>=2,up200,0930,1.5,-1,159,0.6415094339622641,0.5644385101037074,-0.04260343625206727,51,0.5882352941176471,-0.12327339189427819
GC,dn>=2,up200,0930,2.0,1,137,0.708029197080292,0.6270502509703795,0.05975232247286244,101,0.693069306930693,0.03833186420367344
GC,dn>=2,up200,0930,2.0,-1,119,0.6218487394957983,0.5321987579981867,-0.06987751253114881,37,0.5135135135135135,-0.2316038310172
GC,dn>=2,up200,0930,3.0,1,82,0.6829268292682927,0.5759601026622791,0.022862304185161362,61,0.7540983606557377,0.13036667526013762
GC,dn>=2,up200,0930,3.0,-1,79,0.6075949367088608,0.4973378852028524,-0.09050928672346754,24,0.5,-0.2512601611684187
GC,dn>=2,up200,1805,0.5,1,252,0.6349206349206349,0.573863779547841,-0.05807567812964134,198,0.7121212121212122,0.06340801497558152
GC,dn>=2,up200,1805,0.5,-1,288,0.6944444444444444,0.6389728087088205,0.03137631636596925,73,0.6164383561643836,-0.08183700013231368
GC,dn>=2,up200,1805,1.0,1,185,0.6648648648648648,0.59410136947422,-0.00769263304183304,159,0.6918238993710691,0.034745857206422384
GC,dn>=2,up200,1805,1.0,-1,210,0.6285714285714286,0.561457806409305,-0.06355803879465002,56,0.6607142857142857,-0.01329830021730217
GC,dn>=2,up200,1805,1.5,1,154,0.6558441558441559,0.5778362586801595,-0.019628871871958376,133,0.6842105263157895,0.02465607168551181
GC,dn>=2,up200,1805,1.5,-1,154,0.6233766233766234,0.5447225060709497,-0.06849860059873047,48,0.6666666666666666,-0.002036829573618823
GC,dn>=2,up200,1805,2.0,1,129,0.6821705426356589,0.5975442490042815,0.02061216470926832,101,0.7029702970297029,0.053233380290913
GC,dn>=2,up200,1805,2.0,-1,121,0.6446280991735537,0.556099736456052,-0.03564821594609264,42,0.6190476190476191,-0.07305849896290655
GC,dn>=2,up200,1805,3.0,1,86,0.686046511627907,0.5817939831445498,0.027523049032552427,60,0.7333333333333333,0.09924280176316477
GC,dn>=2,up200,1805,3.0,-1,84,0.6309523809523809,0.5241504160580661,-0.05541588635153547,28,0.6071428571428571,-0.09041641497212573
GC,dn>=2,up50,0930,0.5,1,199,0.7135678391959799,0.6471751863153066,0.06097139426174409,139,0.6474820143884892,-0.038989536062774166
GC,dn>=2,up50,0930,0.5,-1,242,0.6694214876033058,0.6079093174342144,-0.006250159500202152,110,0.7727272727272727,0.15392246849697133
GC,dn>=2,up50,0930,1.0,1,164,0.6585365853658537,0.5830751067445152,-0.01715832198731148,109,0.7522935779816514,0.1261173125630773
GC,dn>=2,up50,0930,1.0,-1,179,0.6312849162011173,0.5585400464019691,-0.0589189364747253,82,0.6829268292682927,0.021306056781788523
GC,dn>=2,up50,0930,1.5,1,139,0.6906474820143885,0.6095444361186486,0.03205145497135714,95,0.7368421052631579,0.10369812696831202
GC,dn>=2,up50,0930,1.5,-1,142,0.6690140845070423,0.5880598203355422,-0.0004297144617704893,66,0.5606060606060606,-0.16387329477223658
GC,dn>=2,up50,0930,2.0,1,122,0.680327868852459,0.593156369536062,0.018086597427243032,81,0.7407407407407407,0.10987658071103726
GC,dn>=2,up50,0930,2.0,-1,109,0.6697247706422018,0.5769768715088236,0.002138308558876816,48,0.5416666666666666,-0.18925381388889714
GC,dn>=2,up50,0930,3.0,1,82,0.6707317073170732,0.5633818520351263,0.004514087362342581,56,0.7857142857142857,0.17776984148779626
GC,dn>=2,up50,0930,3.0,-1,77,0.6623376623376623,0.5512443936389646,-0.00827831811604716,34,0.5294117647058824,-0.20710747871521695
GC,dn>=2,up50,1805,0.5,1,197,0.6345177664974619,0.5652935554437464,-0.05876140748288997,139,0.7122302158273381,0.06367082314162908
GC,dn>=2,up50,1805,0.5,-1,233,0.6738197424892703,0.6112264887368034,-1.4216641357890154e-05,114,0.6403508771929824,-0.04547919220367866
GC,dn>=2,up50,1805,1.0,1,152,0.6776315789473685,0.5997406722616577,0.011539087263103948,113,0.7256637168141593,0.08532111384997908
GC,dn>=2,up50,1805,1.0,-1,178,0.6292134831460674,0.5562252733268693,-0.06247254034831577,79,0.6582278481012658,-0.015706262304296753
GC,dn>=2,up50,1805,1.5,1,132,0.6515151515151515,0.566986053230825,-0.026494733385697116,94,0.723404255319149,0.08354932006625053
GC,dn>=2,up50,1805,1.5,-1,136,0.625,0.5412521912933481,-0.0661632247530825,67,0.6119402985074627,-0.08438537721509236
GC,dn>=2,up50,1805,2.0,1,115,0.6782608695652174,0.588312128684693,0.014680402506713078,82,0.7195121951219512,0.07806949239647183
GC,dn>=2,up50,1805,2.0,-1,108,0.6851851851851852,0.5925128648973632,0.025354974273743443,54,0.5740740740740741,-0.14097588121960508
GC,dn>=2,up50,1805,3.0,1,84,0.6666666666666666,0.5605262279543911,-0.001594956227262039,55,0.7454545454545455,0.11732794278209478
GC,dn>=2,up50,1805,3.0,-1,80,0.675,0.5664032172496735,0.010871453448133898,37,0.6216216216216216,-0.06867132055601427
GC,dn>=2,dn200,0930,0.5,1,305,0.6491803278688525,0.594067725033217,-0.039640593571199215,121,0.6363636363636364,-0.05223382891457923
GC,dn>=2,dn200,0930,0.5,-1,391,0.649616368286445,0.6010789207312525,-0.03618815251394166,374,0.6978609625668449,0.038910292492205324
GC,dn>=2,dn200,0930,1.0,1,223,0.6322869955156951,0.5672577815573121,-0.058944682039330225,95,0.6105263157894737,-0.0876448647035814
GC,dn>=2,dn200,0930,1.0,-1,290,0.6620689655172414,0.6058250965923981,-0.013720584124739829,298,0.6375838926174496,-0.04898475308145454
GC,dn>=2,dn200,0930,1.5,1,176,0.6363636363636364,0.5630836560852461,-0.050033827294269154,69,0.6956521739130435,0.0413452490086819
GC,dn>=2,dn200,0930,1.5,-1,217,0.6497695852534562,0.5841927714953341,-0.029106172356689063,220,0.5636363636363636,-0.15770670076625687
GC,dn>=2,dn200,0930,2.0,1,146,0.678082191780822,0.5985684283399851,0.014677255406239967,56,0.6964285714285714,0.0429457032536608
GC,dn>=2,dn200,0930,2.0,-1,166,0.6445783132530121,0.5692485915848525,-0.0357386986118085,156,0.5512820512820513,-0.17474527971193718
GC,dn>=2,dn200,0930,3.0,1,86,0.686046511627907,0.5817939831445498,0.027485438958487828,39,0.6923076923076923,0.037349170242743354
GC,dn>=2,dn200,0930,3.0,-1,102,0.6568627450980392,0.5605422456017035,-0.016598275354118685,87,0.5057471264367817,-0.24253240446231034
GC,dn>=2,dn200,1805,0.5,1,300,0.62,0.5638833924466087,-0.08388067194634843,118,0.6779661016949152,0.010357253746649404
GC,dn>=2,dn200,1805,0.5,-1,383,0.6657963446475196,0.6171136966675109,-0.012048603725710094,371,0.6442048517520216,-0.03934288672670162
GC,dn>=2,dn200,1805,1.0,1,228,0.6710526315789473,0.6076732995208118,-0.0025405487741641834,90,0.7,0.04686572470064208
GC,dn>=2,dn200,1805,1.0,-1,289,0.6401384083044983,0.583296932531967,-0.046749398497462444,281,0.6120996441281139,-0.08603053830579883
GC,dn>=2,dn200,1805,1.5,1,170,0.6411764705882353,0.5666853881579395,-0.04403158817314027,72,0.6805555555555556,0.01874399664712463
GC,dn>=2,dn200,1805,1.5,-1,220,0.6409090909090909,0.5755970572735872,-0.042420242351937476,213,0.5727699530516432,-0.1433568909986447
GC,dn>=2,dn200,1805,2.0,1,135,0.6592592592592592,0.5758915234643873,-0.014156555700087886,58,0.6896551724137931,0.032898239085921724
GC,dn>=2,dn200,1805,2.0,-1,165,0.6363636363636364,0.5606337926195314,-0.04828571487081556,151,0.543046357615894,-0.18749824370575713
GC,dn>=2,dn200,1805,3.0,1,74,0.7027027027027027,0.5906687497464007,0.05246626377920275,36,0.7222222222222222,0.08225713485872009
GC,dn>=2,dn200,1805,3.0,-1,91,0.6153846153846154,0.5126857717570245,-0.0801495174693545,88,0.5340909090909091,-0.2015112893669028
GC,dn>=2,dn50,0930,0.5,1,367,0.6430517711171662,0.5927847006503262,-0.048498397775259744,184,0.6141304347826086,-0.08633615731631093
GC,dn>=2,dn50,0930,0.5,-1,446,0.6614349775784754,0.616303465397351,-0.018176246743403006,338,0.6804733727810651,0.012404441201795534
GC,dn>=2,dn50,0930,1.0,1,276,0.6521739130434783,0.5942421531790577,-0.028512019923169898,146,0.6164383561643836,-0.07862602615754365
GC,dn>=2,dn50,0930,1.0,-1,335,0.6746268656716418,0.6227215772204122,0.0037695351103853923,276,0.6340579710144928,-0.05475635459285786
GC,dn>=2,dn50,0930,1.5,1,206,0.6601941747572816,0.5931086503878854,-0.012993259190306566,110,0.6909090909090909,0.03446984801965125
GC,dn>=2,dn50,0930,1.5,-1,249,0.6506024096385542,0.5895004972170564,-0.028344320871859684,210,0.5761904761904761,-0.13890669033575687
GC,dn>=2,dn50,0930,2.0,1,161,0.6832298136645962,0.6078118236704374,0.021680920866638826,78,0.6666666666666666,-0.0015035790308736824
GC,dn>=2,dn50,0930,2.0,-1,192,0.6302083333333334,0.5599938903616183,-0.05735919561619373,148,0.5472972972972973,-0.1814455980651041
GC,dn>=2,dn50,0930,3.0,1,101,0.693069306930693,0.5974246891219428,0.0380592577763782,49,0.6938775510204082,0.03987913603248769
GC,dn>=2,dn50,0930,3.0,-1,126,0.6349206349206349,0.5480188475637043,-0.04951800793744853,88,0.5,-0.25115559560547135
GC,dn>=2,dn50,1805,0.5,1,355,0.6225352112676056,0.5710500241110413,-0.07950218365759107,177,0.6892655367231638,0.027834454749058334
GC,dn>=2,dn50,1805,0.5,-1,439,0.6810933940774487,0.6360862934361886,0.011203485943423205,331,0.6404833836858006,-0.044987535261802894
GC,dn>=2,dn50,1805,1.0,1,266,0.6541353383458647,0.5951456238380437,-0.027421514742609565,136,0.6617647058823529,-0.010333303122715043
GC,dn>=2,dn50,1805,1.0,-1,323,0.6408668730650154,0.5871733575557329,-0.04564430301046036,258,0.6085271317829457,-0.09177938208804544
GC,dn>=2,dn50,1805,1.5,1,204,0.6470588235294118,0.579313854286704,-0.03406031991851988,111,0.6486486486486487,-0.02904653795747739
GC,dn>=2,dn50,1805,1.5,-1,252,0.6468253968253969,0.5860114748130573,-0.03369690217546496,198,0.5858585858585859,-0.1236835062867468
GC,dn>=2,dn50,1805,2.0,1,160,0.675,0.5990599383865775,0.00963462974334318,83,0.6746987951807228,0.010550523601664733
GC,dn>=2,dn50,1805,2.0,-1,186,0.6344086021505376,0.5631265110371618,-0.051230985799346665,138,0.5434782608695652,-0.18671119094963656
GC,dn>=2,dn50,1805,3.0,1,90,0.7222222222222222,0.6220457832888489,0.08179759091049423,45,0.6888888888888889,0.03241654042587895
GC,dn>=2,dn50,1805,3.0,-1,124,0.6290322580645161,0.5413267888002214,-0.05831476717228246,84,0.5238095238095238,-0.21534379011240717
GC,dn>=3,none,0930,0.5,1,258,0.7054263565891473,0.6471149434006628,0.04492501332401241,137,0.6642335766423357,-0.009383542254153018
GC,dn>=3,none,0930,0.5,-1,352,0.6789772727272727,0.6284975004461353,0.008205402894578268,224,0.7053571428571429,0.05254684574852866
GC,dn>=3,none,0930,1.0,1,205,0.6634146341463415,0.5962485774801726,-0.01299784593253477,106,0.6698113207547169,0.0018371768207467957
GC,dn>=3,none,0930,1.0,-1,274,0.6678832116788321,0.6101333135361773,-0.0044705963134492105,185,0.6594594594594595,-0.01520052789147068
GC,dn>=3,none,0930,1.5,1,163,0.6748466257668712,0.5996262702346612,0.008399499682177847,92,0.7282608695652174,0.09038432337307785
GC,dn>=3,none,0930,1.5,-1,216,0.6435185185185185,0.577646911180248,-0.03832801816360005,159,0.6037735849056604,-0.09640814385172881
GC,dn>=3,none,0930,2.0,1,144,0.6597222222222222,0.5790835460608978,-0.013214222785234986,79,0.6962025316455697,0.04293913043282693
GC,dn>=3,none,0930,2.0,-1,181,0.6353591160220995,0.5630986564031393,-0.049715602102454064,126,0.5396825396825397,-0.19297799891057327
GC,dn>=3,none,0930,3.0,1,100,0.68,0.5833719774632081,0.01841961173306487,64,0.765625,0.14760364996884237
GC,dn>=3,none,0930,3.0,-1,128,0.6328125,0.546568431638715,-0.05283053362100999,91,0.5824175824175825,-0.12744002270720056
GC,dn>=3,none,1805,0.5,1,249,0.6586345381526104,0.597727398199115,-0.02664936610259052,134,0.6940298507462687,0.035395682993791824
GC,dn>=3,none,1805,0.5,-1,339,0.6814159292035398,0.6300207563244815,0.01170725096701704,220,0.6363636363636364,-0.05137293204919057
GC,dn>=3,none,1805,1.0,1,191,0.7015706806282722,0.6332238200053211,0.04410221647361407,111,0.7297297297297297,0.09199119142430133
GC,dn>=3,none,1805,1.0,-1,257,0.669260700389105,0.6096171534919668,-0.0012310126525603884,179,0.6368715083798883,-0.05061437219314905
GC,dn>=3,none,1805,1.5,1,161,0.6770186335403726,0.6013883672965559,0.011648211092061484,94,0.6702127659574468,0.003445433799681
GC,dn>=3,none,1805,1.5,-1,203,0.6354679802955665,0.5673116011278228,-0.05186744233131696,154,0.6038961038961039,-0.09624894167188515
GC,dn>=3,none,1805,2.0,1,142,0.6971830985915493,0.6172359313103974,0.042916929648667196,77,0.6753246753246753,0.011570869475331124
GC,dn>=3,none,1805,2.0,-1,177,0.6271186440677966,0.5538863694811078,-0.061973901909423444,116,0.5603448275862069,-0.16291510886959493
GC,dn>=3,none,1805,3.0,1,97,0.6804123711340206,0.5822644606203154,0.01904544238584717,61,0.7540983606557377,0.1303490783727413
GC,dn>=3,none,1805,3.0,-1,126,0.6190476190476191,0.5319203742876679,-0.07326132903010565,89,0.5393258426966292,-0.1921164135276199
GC,dn>=3,up200,0930,0.5,1,103,0.7475728155339806,0.655819277626533,0.11248436917481884,80,0.7125,0.06418460874216736
GC,dn>=3,up200,0930,0.5,-1,143,0.7062937062937062,0.6270309941888291,0.04979557054593143,26,0.6923076923076923,0.032122412936626626
GC,dn>=3,up200,0930,1.0,1,86,0.6976744186046512,0.5938776628562396,0.041721542416706406,64,0.78125,0.16969998092969138
GC,dn>=3,up200,0930,1.0,-1,112,0.6696428571428571,0.5781805614493123,-0.0020254129529950066,20,0.6,-0.1079510948878124
GC,dn>=3,up200,0930,1.5,1,68,0.75,0.6356122186609706,0.12211514037324482,59,0.7966101694915254,0.19346732088237936
GC,dn>=3,up200,0930,1.5,-1,89,0.5730337078651685,0.46934928250408064,-0.1441982190460744,19,0.47368421052631576,-0.2921537173360691
GC,dn>=3,up200,0930,2.0,1,60,0.7333333333333333,0.6099104639810865,0.09706957204532993,52,0.75,0.12386085926520157
GC,dn>=3,up200,0930,2.0,-1,72,0.6111111111111112,0.4956214320752605,-0.08620500438209579,17,0.5294117647058824,-0.20774304841986735
GC,dn>=3,up200,0930,3.0,1,44,0.7272727272727273,0.581508453144907,0.08946669562693092,45,0.7777777777777778,0.16595613908647805
GC,dn>=3,up200,0930,3.0,-1,52,0.5576923076923077,0.42339524991516386,-0.16539169093979122,14,0.7142857142857143,0.07050691292638264
GC,dn>=3,up200,1805,0.5,1,100,0.66,0.5627754565831095,-0.020765681714441122,76,0.6842105263157895,0.021358820096903475
GC,dn>=3,up200,1805,0.5,-1,140,0.7142857142857143,0.6345141722154733,0.06209050109533601,25,0.52,-0.22751506421179438
GC,dn>=3,up200,1805,1.0,1,74,0.7162162162162162,0.6048253064036953,0.06965532362832307,67,0.746268656716418,0.11718129292587746
GC,dn>=3,up200,1805,1.0,-1,101,0.6435643564356436,0.5464728305457442,-0.03981415970465273,20,0.6,-0.10700054555757452
GC,dn>=3,up200,1805,1.5,1,64,0.703125,0.5822956740587202,0.051570993422235485,59,0.711864406779661,0.06622270255484514
GC,dn>=3,up200,1805,1.5,-1,81,0.6296296296296297,0.5208353214633141,-0.06190325786940495,17,0.5294117647058824,-0.2083616464531837
GC,dn>=3,up200,1805,2.0,1,58,0.7586206896551724,0.6346977437031315,0.13588975077174711,50,0.72,0.0788308747738906
GC,dn>=3,up200,1805,2.0,-1,72,0.6111111111111112,0.4956214320752605,-0.0859747868091188,15,0.5333333333333333,-0.2018177876809862
GC,dn>=3,up200,1805,3.0,1,44,0.7272727272727273,0.581508453144907,0.0894484269483279,43,0.7906976744186046,0.18541753816160314
GC,dn>=3,up200,1805,3.0,-1,53,0.5471698113207547,0.41453742646439184,-0.181184209483441,13,0.6153846153846154,-0.07801241289957583
GC,dn>=3,up50,0930,0.5,1,61,0.7868852459016393,0.6687734610328795,0.17212425862492914,46,0.6956521739130435,0.03903144691033218
GC,dn>=3,up50,0930,0.5,-1,100,0.71,0.6146092505999207,0.05536423451737288,42,0.7619047619047619,0.1371515576204766
GC,dn>=3,up50,0930,1.0,1,52,0.7115384615384616,0.5772695428589907,0.06284668767119025,39,0.8461538461538461,0.2673365349259297
GC,dn>=3,up50,0930,1.0,-1,81,0.6790123456790124,0.5712341939491306,0.012363858873072767,31,0.7419354838709677,0.11021674283899273
GC,dn>=3,up50,0930,1.5,1,45,0.6666666666666666,0.520702168092554,-0.005438326927139614,36,0.8611111111111112,0.2897873093063123
GC,dn>=3,up50,0930,1.5,-1,68,0.6323529411764706,0.5135541592730174,-0.055037500715744266,29,0.6206896551724138,-0.07111983503983174
GC,dn>=3,up50,0930,2.0,1,43,0.6976744186046512,0.5489435424759017,0.043316377309740466,34,0.8235294117647058,0.23426241581827267
GC,dn>=3,up50,0930,2.0,-1,59,0.6610169491525424,0.5337223255448901,-0.010972422732003537,25,0.68,0.01846367559332138
GC,dn>=3,up50,0930,3.0,1,35,0.7142857142857143,0.5494475193017891,0.07001384942406762,31,0.8387096774193549,0.2573755717512863
GC,dn>=3,up50,0930,3.0,-1,44,0.6363636363636364,0.48866107278891047,-0.04724184992337395,23,0.8260869565217391,0.2383338793017362
GC,dn>=3,up50,1805,0.5,1,59,0.6949152542372882,0.5685343274025617,0.03178140772739191,45,0.6666666666666666,-0.00476553711507706
GC,dn>=3,up50,1805,0.5,-1,96,0.6875,0.5890793244654506,0.021171589113419226,42,0.6428571428571429,-0.041984426947737366
GC,dn>=3,up50,1805,1.0,1,49,0.7346938775510204,0.5973744384734165,0.09768285454968839,40,0.775,0.16039437326472755
GC,dn>=3,up50,1805,1.0,-1,76,0.6578947368421053,0.5459568776794728,-0.018192752008660187,32,0.71875,0.07506881147513528
GC,dn>=3,up50,1805,1.5,1,45,0.7111111111111111,0.5663118252773978,0.06373663749099961,35,0.8285714285714286,0.24150701769095723
GC,dn>=3,up50,1805,1.5,-1,64,0.625,0.5025015331382642,-0.06680688014210082,29,0.6896551724137931,0.0323886056219709
GC,dn>=3,up50,1805,2.0,1,42,0.7619047619047619,0.6147216491768113,0.14082613994745063,32,0.8125,0.21768227084440694
GC,dn>=3,up50,1805,2.0,-1,60,0.65,0.5236238380947751,-0.02753121954222385,26,0.6538461538461539,-0.0208756210969995
GC,dn>=3,up50,1805,3.0,1,35,0.7142857142857143,0.5494475193017891,0.06999800975625359,32,0.8125,0.21804399425759913
GC,dn>=3,up50,1805,3.0,-1,49,0.6530612244897959,0.5131093521943979,-0.0221428875352449,22,0.6818181818181818,0.02167788229307832
GC,dn>=3,dn200,0930,0.5,1,155,0.6774193548387096,0.6003040219082607,3.0731694121703455e-05,57,0.5964912280701754,-0.11263708751214652
GC,dn>=3,dn200,0930,0.5,-1,209,0.6602870813397129,0.5937000181453792,-0.020251027603716,198,0.7070707070707071,0.05522884197635416
GC,dn>=3,dn200,0930,1.0,1,119,0.6386554621848739,0.5492559860401528,-0.05254295011770067,45,0.5333333333333333,-0.20382123739316027
GC,dn>=3,dn200,0930,1.0,-1,167,0.6706586826347305,0.5962421090558822,-0.00011307593297933391,168,0.6666666666666666,-0.003956418728456391
GC,dn>=3,dn200,0930,1.5,1,98,0.6326530612244898,0.5338857137383178,-0.05552578530432025,35,0.6,-0.10297532085946111
GC,dn>=3,dn200,0930,1.5,-1,131,0.6946564885496184,0.6111769763005397,0.03849507859215053,143,0.6153846153846154,-0.07894820929501438
GC,dn>=3,dn200,0930,2.0,1,87,0.6206896551724138,0.5156742657309596,-0.07163372759507962,30,0.5666666666666667,-0.15191128049128627
GC,dn>=3,dn200,0930,2.0,-1,111,0.6576576576576577,0.5654402975469389,-0.016165971316242558,114,0.543859649122807,-0.18679514783291298
GC,dn>=3,dn200,0930,3.0,1,60,0.65,0.5236238380947751,-0.026675227064196273,22,0.6363636363636364,-0.046751578958132575
GC,dn>=3,dn200,0930,3.0,-1,83,0.6746987951807228,0.5681331989652646,0.009949663104285628,83,0.5783132530120482,-0.13361713078629145
GC,dn>=3,dn200,1805,0.5,1,149,0.6577181208053692,0.5784271774261133,-0.030598147571147136,58,0.7068965517241379,0.053788813686266194
GC,dn>=3,dn200,1805,0.5,-1,199,0.6582914572864321,0.5899546324842077,-0.023738251635820426,195,0.6512820512820513,-0.02879060741295931
GC,dn>=3,dn200,1805,1.0,1,117,0.6923076923076923,0.6036757367977998,0.027940422204823755,46,0.717391304347826,0.0729636852493126
GC,dn>=3,dn200,1805,1.0,-1,158,0.6835443037974683,0.6073995190387373,0.020216361513748227,161,0.6459627329192547,-0.036797364329485736
GC,dn>=3,dn200,1805,1.5,1,99,0.6666666666666666,0.5691185836060462,-0.004338891292963032,38,0.631578947368421,-0.054920864090529896
GC,dn>=3,dn200,1805,1.5,-1,126,0.6349206349206349,0.5480188475637043,-0.05182511978255001,139,0.6187050359712231,-0.07397903149302489
GC,dn>=3,dn200,1805,2.0,1,87,0.6666666666666666,0.5624216326943015,-0.003362223352056143,29,0.6206896551724138,-0.07077570583902043
GC,dn>=3,dn200,1805,2.0,-1,108,0.6296296296296297,0.5355679840159537,-0.05822067410524778,105,0.5619047619047619,-0.16076684230576815
GC,dn>=3,dn200,1805,3.0,1,58,0.6379310344827587,0.5092728615828533,-0.04482287023880414,21,0.6190476190476191,-0.07272067540346912
GC,dn>=3,dn200,1805,3.0,-1,79,0.6582278481012658,0.548488933568034,-0.014410870612122931,79,0.5316455696202531,-0.20363848551999925
GC,dn>=3,dn50,0930,0.5,1,199,0.678391959798995,0.6106438719620402,0.002848678255673522,91,0.6483516483516484,-0.033857053260376344
GC,dn>=3,dn50,0930,0.5,-1,253,0.6679841897233202,0.6078217155904233,-0.008509227073259823,182,0.6923076923076923,0.033022681470386804
GC,dn>=3,dn50,0930,1.0,1,158,0.6455696202531646,0.5683366117598866,-0.03678781282530598,68,0.5735294117647058,-0.14313876727062502
GC,dn>=3,dn50,0930,1.0,-1,200,0.67,0.602165564130804,-0.0012481971175455598,154,0.6428571428571429,-0.0404468616099406
GC,dn>=3,dn50,0930,1.5,1,124,0.6854838709677419,0.5992277324539914,0.024982476309816693,58,0.6551724137931034,-0.01931854503726534
GC,dn>=3,dn50,0930,1.5,-1,158,0.6582278481012658,0.5813008025373163,-0.016250267390045276,132,0.6060606060606061,-0.09294057985203401
GC,dn>=3,dn50,0930,2.0,1,111,0.6576576576576577,0.5654402975469389,-0.017222723750619055,48,0.6041666666666666,-0.09542557589303792
GC,dn>=3,dn50,0930,2.0,-1,136,0.6470588235294118,0.5637094817596596,-0.03220262885483467,105,0.5047619047619047,-0.24556253566122913
GC,dn>=3,dn50,0930,3.0,1,74,0.6756756756756757,0.5626508503567352,0.011855766567259876,34,0.6764705882352942,0.013705314668089434
GC,dn>=3,dn50,0930,3.0,-1,103,0.6504854368932039,0.5544984775703553,-0.026322376175042076,74,0.5135135135135135,-0.2308858292500262
GC,dn>=3,dn50,1805,0.5,1,190,0.6473684210526316,0.5771225906671635,-0.04479365902874293,89,0.7078651685393258,0.05570191788029858
GC,dn>=3,dn50,1805,0.5,-1,244,0.680327868852459,0.6194050427290921,0.009957129050019477,179,0.6368715083798883,-0.050524520763284196
GC,dn>=3,dn50,1805,1.0,1,145,0.6827586206896552,0.6031238332459764,0.014594056550615919,72,0.6944444444444444,0.03870673821219493
GC,dn>=3,dn50,1805,1.0,-1,184,0.6793478260869565,0.608833517174563,0.013913261567417705,149,0.6174496644295302,-0.08032694510029642
GC,dn>=3,dn50,1805,1.5,1,123,0.6666666666666666,0.5794250199734539,-0.003330504509893431,62,0.5806451612903226,-0.1312402190334347
GC,dn>=3,dn50,1805,1.5,-1,147,0.6598639455782312,0.5800782793993885,-0.01542053615108155,125,0.584,-0.12609310207512356
GC,dn>=3,dn50,1805,2.0,1,110,0.6909090909090909,0.5993322306151246,0.03328650207910973,48,0.6041666666666666,-0.09536947323948246
GC,dn>=3,dn50,1805,2.0,-1,129,0.6356589147286822,0.5498038353373884,-0.04916107431491761,97,0.5670103092783505,-0.1532163145143833
GC,dn>=3,dn50,1805,3.0,1,72,0.6805555555555556,0.5660743422203383,0.019195147606799613,33,0.6363636363636364,-0.046470126927377106
GC,dn>=3,dn50,1805,3.0,-1,97,0.6288659793814433,0.52953581425912,-0.0585022560058474,72,0.5138888888888888,-0.2302421775627529
GC,bbz<-2,none,0930,0.5,1,140,0.6357142857142857,0.5533622129235948,-0.0632503232823024,66,0.6666666666666666,-0.005775824886632825
GC,bbz<-2,none,0930,0.5,-1,152,0.631578947368421,0.5525303554655897,-0.06367236600005109,141,0.6524822695035462,-0.02725717021411863
GC,bbz<-2,none,0930,1.0,1,109,0.6055045871559633,0.5116631519621372,-0.10275116648916154,56,0.6071428571428571,-0.09232566107879592
GC,bbz<-2,none,0930,1.0,-1,110,0.6181818181818182,0.5248580322761885,-0.07979625944270934,116,0.5603448275862069,-0.16377522062987832
GC,bbz<-2,none,0930,1.5,1,83,0.6626506024096386,0.5557524399753323,-0.010419403477322238,42,0.7142857142857143,0.06967543728336609
GC,bbz<-2,none,0930,1.5,-1,91,0.6043956043956044,0.5016642594838487,-0.09718428177370916,98,0.5408163265306123,-0.1910690811415706
GC,bbz<-2,none,0930,2.0,1,73,0.6712328767123288,0.5572879107339749,0.004475196543649413,36,0.7777777777777778,0.165441281906075
GC,bbz<-2,none,0930,2.0,-1,77,0.5974025974025974,0.48576649330491517,-0.10670329389096991,83,0.5060240963855421,-0.24281569158298358
GC,bbz<-2,none,0930,3.0,1,59,0.6779661016949152,0.5510476493903221,0.015387440235168661,31,0.7096774193548387,0.06362877509166162
GC,bbz<-2,none,0930,3.0,-1,61,0.6229508196721312,0.49747627570942377,-0.06742956061196954,65,0.49230769230769234,-0.26450421206034563
GC,bbz<-2,none,1805,0.5,1,142,0.6619718309859155,0.5808133488820494,-0.02415339009341099,66,0.7121212121212122,0.06280366672515837
GC,bbz<-2,none,1805,0.5,-1,152,0.631578947368421,0.5525303554655897,-0.06382314952774741,139,0.539568345323741,-0.1971300636522036
GC,bbz<-2,none,1805,1.0,1,106,0.6415094339622641,0.5467402280775484,-0.049311533812368843,51,0.6470588235294118,-0.03235257898495036
GC,bbz<-2,none,1805,1.0,-1,113,0.584070796460177,0.4918922725047336,-0.12975252351240363,108,0.5277777777777778,-0.21233805360119465
GC,bbz<-2,none,1805,1.5,1,82,0.6585365853658537,0.5508753748631217,-0.016726249708958873,46,0.6739130434782609,0.008993400066250667
GC,bbz<-2,none,1805,1.5,-1,93,0.5698924731182796,0.4684734161488839,-0.14978609439981289,91,0.5054945054945055,-0.24532429287977256
GC,bbz<-2,none,1805,2.0,1,71,0.6901408450704225,0.5751576839846767,0.03294925599843194,40,0.675,0.01113276221908035
GC,bbz<-2,none,1805,2.0,-1,77,0.5844155844155844,0.472898399364154,-0.1263041744862215,76,0.5,-0.2527669168178786
GC,bbz<-2,none,1805,3.0,1,57,0.6842105263157895,0.5551998120281706,0.0247746724381826,32,0.71875,0.0772305616917989
GC,bbz<-2,none,1805,3.0,-1,62,0.6129032258064516,0.48847616205780997,-0.08257637095963435,58,0.46551724137931033,-0.3053423057582363
GC,bbz<-2,up200,0930,0.5,1,35,0.6857142857142857,0.5201992812074803,0.02091549253941576,32,0.6875,0.026985149525226182
GC,bbz<-2,up200,0930,0.5,-1,36,0.6944444444444444,0.5314342132091627,0.03187619026911434,16,0.5625,-0.16215650844297072
GC,bbz<-2,up200,0930,1.0,1,27,0.7037037037037037,0.515189666191624,0.05189895638609596,29,0.6896551724137931,0.03229816263277972
GC,bbz<-2,up200,0930,1.0,-1,26,0.6538461538461539,0.46220229009632996,-0.024470179551702022,11,0.36363636363636365,-0.46635714209172235
GC,bbz<-2,up200,0930,1.5,1,21,0.7619047619047619,0.5490841802765406,0.14050877838331227,23,0.6956521739130435,0.0419702471729013
GC,bbz<-2,up200,0930,1.5,-1,23,0.5652173913043478,0.3681104930501695,-0.15596710003570521,9,0.4444444444444444,-0.3357355243329765
GC,bbz<-2,up200,0930,2.0,1,21,0.7619047619047619,0.5490841802765406,0.14118580336280517,18,0.8333333333333334,0.24912726910244284
GC,bbz<-2,up200,0930,2.0,-1,21,0.6190476190476191,0.40878295815501514,-0.07402048524133441,8,0.375,-0.4394983463471269
GC,bbz<-2,up200,0930,3.0,1,17,0.8823529411764706,0.6566315750229009,0.32258195618660124,16,0.75,0.12431351547739597
GC,bbz<-2,up200,0930,3.0,-1,19,0.631578947368421,0.4103915749815672,-0.05440079847318576,6,0.3333333333333333,-0.5013029082864963
GC,bbz<-2,up200,1805,0.5,1,35,0.7714285714285715,0.6098236221989801,0.1493851093288131,31,0.7419354838709677,0.10905153477765042
GC,bbz<-2,up200,1805,0.5,-1,37,0.6486486486486487,0.48758729517569566,-0.037592002565019884,16,0.4375,-0.35018679163367045
GC,bbz<-2,up200,1805,1.0,1,29,0.7241379310344828,0.5428252365556403,0.08244253101145706,24,0.7083333333333334,0.06055980235891554
GC,bbz<-2,up200,1805,1.0,-1,26,0.5,0.32060306315002074,-0.25608123325045196,9,0.4444444444444444,-0.34419877980697094
GC,bbz<-2,up200,1805,1.5,1,23,0.6956521739130435,0.49133870939427393,0.04107024661537138,23,0.6956521739130435,0.04207675515619852
GC,bbz<-2,up200,1805,1.5,-1,21,0.5714285714285714,0.3654621629703244,-0.14653568498106018,8,0.625,-0.06430394326812547
GC,bbz<-2,up200,1805,2.0,1,20,0.75,0.5312949900419365,0.12339926497007833,20,0.7,0.04898773858394989
GC,bbz<-2,up200,1805,2.0,-1,20,0.55,0.3420820083075997,-0.1777904407429825,7,0.5714285714285714,-0.14435558452632943
GC,bbz<-2,up200,1805,3.0,1,16,0.8125,0.5699064013154177,0.2176849924684325,17,0.7058823529411765,0.05811873737607677
GC,bbz<-2,up200,1805,3.0,-1,19,0.6842105263157895,0.4601001017506463,0.024594557697106778,5,0.2,-0.7014368783580458
GC,bbz<-2,dn200,0930,0.5,1,105,0.6190476190476191,0.5235152399012015,-0.09130559522287511,34,0.6470588235294118,-0.03660968315661778
GC,bbz<-2,dn200,0930,0.5,-1,116,0.6120689655172413,0.5211597659068572,-0.09332536622151624,125,0.664,-0.009990054920825563
GC,bbz<-2,dn200,0930,1.0,1,82,0.573170731707317,0.4652101259866271,-0.15367254841150244,27,0.5185185185185185,-0.22618087913937718
GC,bbz<-2,dn200,0930,1.0,-1,87,0.6206896551724138,0.5156742657309596,-0.07643691909035061,105,0.580952380952381,-0.13207616219101848
GC,bbz<-2,dn200,0930,1.5,1,63,0.6349206349206349,0.5114848159101394,-0.0526414799830056,19,0.7368421052631579,0.10321329899603403
GC,bbz<-2,dn200,0930,1.5,-1,71,0.6338028169014085,0.5175700445451693,-0.052992000277977486,89,0.550561797752809,-0.17643989025704637
GC,bbz<-2,dn200,0930,2.0,1,55,0.6545454545454545,0.5225365801066263,-0.020758433589517226,18,0.7222222222222222,0.08175529470970702
GC,bbz<-2,dn200,0930,2.0,-1,58,0.603448275862069,0.4749298280744989,-0.09767127392611151,76,0.5263157894736842,-0.21235199189253223
GC,bbz<-2,dn200,0930,3.0,1,45,0.6222222222222222,0.4762967000646754,-0.06840818883610147,15,0.6666666666666666,-0.001101614653121678
GC,bbz<-2,dn200,0930,3.0,-1,46,0.6086956521739131,0.4645658371764493,-0.0888506972213192,60,0.5166666666666667,-0.22809411393918955
GC,bbz<-2,dn200,1805,0.5,1,107,0.6261682242990654,0.5316176571157887,-0.08091831981096093,35,0.6857142857142857,0.021841269307236864
GC,bbz<-2,dn200,1805,0.5,-1,115,0.6260869565217392,0.5349246898224094,-0.07226273594184236,123,0.5528455284552846,-0.17722024537819164
GC,bbz<-2,dn200,1805,1.0,1,77,0.6103896103896104,0.4987086179545712,-0.09893319459017345,27,0.5925925925925926,-0.11494136240172008
GC,bbz<-2,dn200,1805,1.0,-1,90,0.6111111111111112,0.5078226845453937,-0.08908863298849334,99,0.5353535353535354,-0.200350714855215
GC,bbz<-2,dn200,1805,1.5,1,59,0.6440677966101694,0.5165525967226601,-0.039258363815745954,23,0.6521739130434783,-0.024089955023697214
GC,bbz<-2,dn200,1805,1.5,-1,74,0.5675675675675675,0.4541253909309131,-0.1535195572228589,83,0.4939759036144578,-0.2627720374206542
GC,bbz<-2,dn200,1805,2.0,1,54,0.6851851851851852,0.5525630440832037,0.025331676888817704,20,0.65,-0.0267222141457892
GC,bbz<-2,dn200,1805,2.0,-1,59,0.559322033898305,0.4328913027042265,-0.1640740182111893,69,0.4927536231884058,-0.26376516791991983
GC,bbz<-2,dn200,1805,3.0,1,43,0.6511627906976745,0.501715070970981,-0.024936780201071408,15,0.6666666666666666,-0.0010823657097497256
GC,bbz<-2,dn200,1805,3.0,-1,47,0.574468085106383,0.43281668771211546,-0.14030848690736777,54,0.5,-0.2537674848748121
GC,bbz<-2,dn50,0930,0.5,1,137,0.6277372262773723,0.5443400470638574,-0.07545373965220871,64,0.671875,0.00207226057955346
GC,bbz<-2,dn50,0930,0.5,-1,145,0.6413793103448275,0.5605945908864594,-0.04887878562482229,138,0.6521739130434783,-0.027689655991953048
GC,bbz<-2,dn50,0930,1.0,1,107,0.6074766355140186,0.512767350915825,-0.0999008730394744,54,0.6111111111111112,-0.08635782334459215
GC,bbz<-2,dn50,0930,1.0,-1,106,0.6320754716981132,0.5371525943196658,-0.058878513539231354,115,0.5565217391304348,-0.16952643994214756
GC,bbz<-2,dn50,0930,1.5,1,82,0.6707317073170732,0.5633818520351263,0.0017107759304779045,40,0.725,0.08577445181094434
GC,bbz<-2,dn50,0930,1.5,-1,90,0.6111111111111112,0.5078226845453937,-0.08706194493527132,97,0.5463917525773195,-0.18268352718569697
GC,bbz<-2,dn50,0930,2.0,1,71,0.6901408450704225,0.5751576839846767,0.03288009136954785,34,0.7941176470588235,0.18998068907414697
GC,bbz<-2,dn50,0930,2.0,-1,76,0.5921052631578947,0.47978347984220315,-0.11464986971082287,82,0.5,-0.25314735323936766
GC,bbz<-2,dn50,0930,3.0,1,58,0.6896551724137931,0.5619669315326005,0.03293818183285436,29,0.7241379310344828,0.08533782348654173
GC,bbz<-2,dn50,0930,3.0,-1,60,0.6166666666666667,0.4901736454040315,-0.07686670495622441,64,0.484375,-0.27643579853564737
GC,bbz<-2,dn50,1805,0.5,1,139,0.6618705035971223,0.5798138444339824,-0.024438625019118844,64,0.734375,0.09627061307889426
GC,bbz<-2,dn50,1805,0.5,-1,145,0.6413793103448275,0.5605945908864594,-0.04903684835730395,136,0.5294117647058824,-0.2124089986728027
GC,bbz<-2,dn50,1805,1.0,1,103,0.6310679611650486,0.5347390366684422,-0.06522395297806327,49,0.6530612244897959,-0.023327897314854552
GC,bbz<-2,dn50,1805,1.0,-1,107,0.5887850467289719,0.4940515755657607,-0.12268393308387619,106,0.5283018867924528,-0.2115451058674776
GC,bbz<-2,dn50,1805,1.5,1,81,0.6790123456790124,0.5712341939491306,0.014057707413292148,44,0.6818181818181818,0.020870593399634693
GC,bbz<-2,dn50,1805,1.5,-1,88,0.5795454545454546,0.4752056286962684,-0.13531469679389097,89,0.5056179775280899,-0.24502695079938291
GC,bbz<-2,dn50,1805,2.0,1,70,0.7,0.584554617438188,0.04776043620763667,38,0.6842105263157895,0.024967572859618748
GC,bbz<-2,dn50,1805,2.0,-1,75,0.6133333333333333,0.5001726873212743,-0.08285969593279936,74,0.5,-0.2527827215496023
GC,bbz<-2,dn50,1805,3.0,1,56,0.6964285714285714,0.5666388751588567,0.043119855382268,29,0.7241379310344828,0.08533556010190961
GC,bbz<-2,dn50,1805,3.0,-1,61,0.6065573770491803,0.4811702438560874,-0.09210711638591228,56,0.44642857142857145,-0.331536053312775
GC,bbz<-1.5,none,0930,0.5,1,315,0.6666666666666666,0.6128753360578124,-0.012979124492981406,143,0.6713286713286714,0.001178948246118505
GC,bbz<-1.5,none,0930,0.5,-1,426,0.6455399061032864,0.5989987580961603,-0.04212289515984204,321,0.6448598130841121,-0.039222649388477276
GC,bbz<-1.5,none,0930,1.0,1,219,0.6757990867579908,0.6112364274476131,0.008204390722403896,107,0.6822429906542056,0.020647337474677372
GC,bbz<-1.5,none,0930,1.0,-1,283,0.6537102473498233,0.5965517458774745,-0.02519054801460909,228,0.5833333333333334,-0.12853941049865358
GC,bbz<-1.5,none,0930,1.5,1,152,0.6578947368421053,0.5794152788817886,-0.016420107544799244,74,0.7027027027027027,0.05229584323503541
GC,bbz<-1.5,none,0930,1.5,-1,206,0.6359223300970874,0.5682821950618304,-0.049687095550634774,173,0.5722543352601156,-0.1437420046058844
GC,bbz<-1.5,none,0930,2.0,1,116,0.7068965517241379,0.6184981094264468,0.05694584702575026,59,0.6779661016949152,0.015592310193926442
GC,bbz<-1.5,none,0930,2.0,-1,154,0.5909090909090909,0.5119610397730553,-0.11646475007224592,126,0.5158730158730159,-0.22791892773841255
GC,bbz<-1.5,none,0930,3.0,1,82,0.7195121951219512,0.6141472358011005,0.07685052981797527,39,0.717948717948718,0.07610258882981442
GC,bbz<-1.5,none,0930,3.0,-1,105,0.6190476190476191,0.5235152399012015,-0.0733082296075857,92,0.5543478260869565,-0.17080164541636386
GC,bbz<-1.5,none,1805,0.5,1,308,0.6428571428571429,0.58788584629371,-0.04954461556416733,142,0.676056338028169,0.008321695241155445
GC,bbz<-1.5,none,1805,0.5,-1,425,0.668235294117647,0.622138419019466,-0.008057271306514896,313,0.549520766773163,-0.18193732835007093
GC,bbz<-1.5,none,1805,1.0,1,204,0.6813725490196079,0.6145848782100531,0.013855413509482932,97,0.6391752577319587,-0.0442139442211315
GC,bbz<-1.5,none,1805,1.0,-1,270,0.6296296296296297,0.5705860280145746,-0.06096732422318213,218,0.5596330275229358,-0.16398501540142152
GC,bbz<-1.5,none,1805,1.5,1,141,0.6808510638297872,0.5999872071201119,0.01812278295659582,73,0.6575342465753424,-0.015568350419078157
GC,bbz<-1.5,none,1805,1.5,-1,190,0.5947368421052631,0.5237202195772123,-0.11218453077975866,154,0.5064935064935064,-0.24317555870121807
GC,bbz<-1.5,none,1805,2.0,1,108,0.6759259259259259,0.5829315590730475,0.011513455812554882,59,0.6440677966101694,-0.03530358773722978
GC,bbz<-1.5,none,1805,2.0,-1,152,0.5921052631578947,0.5126421793158427,-0.11497626979778873,112,0.5089285714285714,-0.23896104941846708
GC,bbz<-1.5,none,1805,3.0,1,82,0.6951219512195121,0.5886121722656341,0.04115421183855845,38,0.6842105263157895,0.025438766711140953
GC,bbz<-1.5,none,1805,3.0,-1,105,0.6095238095238096,0.5139226868159832,-0.08757892486225725,85,0.4823529411764706,-0.280911598026066
GC,bbz<-1.5,up200,0930,0.5,1,104,0.7115384615384616,0.6181636431920521,0.05886107180461496,68,0.6617647058823529,-0.012033774276560846
GC,bbz<-1.5,up200,0930,0.5,-1,131,0.6335877862595419,0.5483663262475594,-0.06001542613247367,33,0.6666666666666666,-0.005785250129091105
GC,bbz<-1.5,up200,0930,1.0,1,75,0.7466666666666667,0.6378945938331628,0.11536941760966488,55,0.6727272727272727,0.006832903988436571
GC,bbz<-1.5,up200,0930,1.0,-1,87,0.6551724137931034,0.550645767576964,-0.022368111381153886,18,0.5555555555555556,-0.17488235250606443
GC,bbz<-1.5,up200,0930,1.5,1,49,0.7142857142857143,0.5759085079389967,0.06871590642738501,41,0.7317073170731707,0.09613149959331897
GC,bbz<-1.5,up200,0930,1.5,-1,60,0.6,0.47365824394206846,-0.10368603860443634,16,0.5625,-0.15852989435240233
GC,bbz<-1.5,up200,0930,2.0,1,41,0.8048780487804879,0.6598611764744329,0.20551987256182164,30,0.6666666666666666,-0.0011247533970680974
GC,bbz<-1.5,up200,0930,2.0,-1,46,0.6086956521739131,0.4645658371764493,-0.08963351819483215,13,0.46153846153846156,-0.30956658130418163
GC,bbz<-1.5,up200,0930,3.0,1,33,0.7575757575757576,0.5897505131450971,0.13506232299224855,23,0.6956521739130435,0.04277271700947107
GC,bbz<-1.5,up200,0930,3.0,-1,33,0.6060606060606061,0.4368314280651038,-0.09282815980379268,9,0.4444444444444444,-0.3345522099647209
GC,bbz<-1.5,up200,1805,0.5,1,103,0.6893203883495146,0.5944983926937447,0.024918499811756124,68,0.7205882352941176,0.07640735165814191
GC,bbz<-1.5,up200,1805,0.5,-1,136,0.6838235294117647,0.6015403285245278,0.01575487905462885,33,0.5151515151515151,-0.2339164538340605
GC,bbz<-1.5,up200,1805,1.0,1,70,0.6857142857142857,0.5697264161245474,0.024338248283924096,47,0.6808510638297872,0.018950751100707656
GC,bbz<-1.5,up200,1805,1.0,-1,79,0.5949367088607594,0.48472952838439765,-0.11344821052574602,21,0.5714285714285714,-0.14936701570659594
GC,bbz<-1.5,up200,1805,1.5,1,49,0.7346938775510204,0.5973744384734165,0.09942787830072954,37,0.6216216216216216,-0.06915951140388822
GC,bbz<-1.5,up200,1805,1.5,-1,55,0.6,0.4681256091064502,-0.10363956761069586,12,0.5,-0.25232077206408965
GC,bbz<-1.5,up200,1805,2.0,1,41,0.7317073170731707,0.5806617472399707,0.09561236619557356,30,0.6333333333333333,-0.05116145992447204
GC,bbz<-1.5,up200,1805,2.0,-1,43,0.6046511627906976,0.4557879659331908,-0.0961520848421769,10,0.5,-0.2517476529363174
GC,bbz<-1.5,up200,1805,3.0,1,33,0.7272727272727273,0.5578211674561319,0.08954894858479648,21,0.6666666666666666,-0.0007244573457049578
GC,bbz<-1.5,up200,1805,3.0,-1,34,0.6470588235294118,0.4791365883001342,-0.031113156400890216,8,0.25,-0.6264553959652925
GC,bbz<-1.5,up50,0930,0.5,1,25,0.72,0.5242302810344169,0.07174751495671608,7,0.5714285714285714,-0.14955410659590282
GC,bbz<-1.5,up50,0930,0.5,-1,31,0.5483870967741935,0.37771879603669134,-0.18863720911679252,7,0.8571428571428571,0.28006683868448
GC,bbz<-1.5,up50,0930,1.0,1,18,0.6111111111111112,0.3861866858065617,-0.08819177001076446,5,0.6,-0.10306417919564866
GC,bbz<-1.5,up50,0930,1.0,-1,21,0.5714285714285714,0.3654621629703244,-0.14847049239201734,6,1.0,0.4978110546071552
GC,bbz<-1.5,up50,0930,1.5,1,15,0.4,0.19824228082594664,-0.4037964488768367,4,0.5,-0.2522134403455858
GC,bbz<-1.5,up50,0930,1.5,-1,14,0.6428571428571429,0.3876400468214042,-0.03917765309094802,6,0.6666666666666666,-0.00239747080905639
GC,bbz<-1.5,up50,0930,2.0,1,14,0.6428571428571429,0.3876400468214042,-0.037903410354490984,4,0.5,-0.25166008025918896
GC,bbz<-1.5,up50,0930,2.0,-1,11,0.6363636363636364,0.35379677689163724,-0.047779045815906175,6,0.6666666666666666,-0.001798103106793958
GC,bbz<-1.5,up50,0930,3.0,1,13,0.6153846153846154,0.35522480972268555,-0.07845274266335506,4,0.75,0.12418400705791319
GC,bbz<-1.5,up50,0930,3.0,-1,10,0.5,0.23658959361548731,-0.2518598052056554,6,0.6666666666666666,-0.0011987354045282135
GC,bbz<-1.5,up50,1805,0.5,1,25,0.56,0.37067017019564436,-0.1704852109119091,8,0.625,-0.06818832054997591
GC,bbz<-1.5,up50,1805,0.5,-1,32,0.5625,0.3932530203122613,-0.1673254452203911,8,0.875,0.30693498288422105
GC,bbz<-1.5,up50,1805,1.0,1,19,0.5789473684210527,0.36275551465160105,-0.13665946708616483,7,0.7142857142857143,0.06872675984058876
GC,bbz<-1.5,up50,1805,1.0,-1,19,0.5789473684210527,0.36275551465160105,-0.13714888383060772,7,0.8571428571428571,0.2828657263526153
GC,bbz<-1.5,up50,1805,1.5,1,15,0.5333333333333333,0.3011663015105079,-0.2035555750246053,5,0.6,-0.10204278613043369
GC,bbz<-1.5,up50,1805,1.5,-1,14,0.5,0.2679886791947528,-0.253706225860808,7,0.7142857142857143,0.06750470468982073
GC,bbz<-1.5,up50,1805,2.0,1,15,0.6,0.357464427565077,-0.10236449982940551,4,0.5,-0.25166008025918896
GC,bbz<-1.5,up50,1805,2.0,-1,12,0.4166666666666667,0.19325746190524656,-0.37796540636293025,7,0.8571428571428571,0.2842900060334494
GC,bbz<-1.5,up50,1805,3.0,1,14,0.6428571428571429,0.3876400468214042,-0.03720668817087369,4,0.75,0.12418400705791319
GC,bbz<-1.5,up50,1805,3.0,-1,10,0.5,0.23658959361548731,-0.2518598052056554,7,0.7142857142857143,0.04995934260610343
GC,bbz<-1.5,dn200,0930,0.5,1,211,0.6445497630331753,0.5779077994021578,-0.04838851034582511,75,0.68,0.01315848333334775
GC,bbz<-1.5,dn200,0930,0.5,-1,295,0.6508474576271186,0.5948251538526051,-0.034177398355046296,288,0.6423611111111112,-0.043054018053615285
GC,bbz<-1.5,dn200,0930,1.0,1,145,0.6413793103448275,0.5605945908864594,-0.04385670376945765,54,0.6851851851851852,0.024517811706191397
GC,bbz<-1.5,dn200,0930,1.0,-1,198,0.6565656565656566,0.588007429973614,-0.021154261562061395,211,0.5876777251184834,-0.12161791284912585
GC,bbz<-1.5,dn200,0930,1.5,1,105,0.638095238095238,0.5428081976800062,-0.046344833261728335,36,0.6944444444444444,0.03957811069987607
GC,bbz<-1.5,dn200,0930,1.5,-1,148,0.6486486486486487,0.5688607590114603,-0.03056024506056015,158,0.5759493670886076,-0.1381799610354141
GC,bbz<-1.5,dn200,0930,2.0,1,81,0.6790123456790124,0.5712341939491306,0.014463820652730651,31,0.7096774193548387,0.0629789267571552
GC,bbz<-1.5,dn200,0930,2.0,-1,112,0.5892857142857143,0.49668645187137966,-0.1189404217843004,114,0.5263157894736842,-0.21223302162032287
GC,bbz<-1.5,dn200,0930,3.0,1,55,0.6909090909090909,0.5597116084861727,0.03339071266867041,19,0.7368421052631579,0.10430480088246971
GC,bbz<-1.5,dn200,0930,3.0,-1,76,0.618421052631579,0.5060154789314374,-0.07423589630654549,85,0.5647058823529412,-0.15535970941616511
GC,bbz<-1.5,dn200,1805,0.5,1,205,0.6195121951219512,0.5514290620749349,-0.08695779060670447,74,0.6351351351351351,-0.05424350254742676
GC,bbz<-1.5,dn200,1805,0.5,-1,289,0.6608996539792388,0.6045263427118778,-0.0192629891235237,280,0.5535714285714286,-0.175811217132315
GC,bbz<-1.5,dn200,1805,1.0,1,135,0.6814814814814815,0.5987995476087827,0.012008386489122037,50,0.6,-0.10358859970464245
GC,bbz<-1.5,dn200,1805,1.0,-1,193,0.6424870466321243,0.5726946445783377,-0.04150100088899535,198,0.5606060606060606,-0.1621934464154195
GC,bbz<-1.5,dn200,1805,1.5,1,94,0.6595744680851063,0.5592063321592242,-0.014044725917335545,38,0.7105263157894737,0.0637011743253945
GC,bbz<-1.5,dn200,1805,1.5,-1,135,0.5777777777777777,0.493440066627446,-0.13794815360859436,143,0.5104895104895105,-0.2372217087431676
GC,bbz<-1.5,dn200,1805,2.0,1,73,0.6712328767123288,0.5572879107339749,0.004322085022688353,31,0.6774193548387096,0.014535815692691263
GC,bbz<-1.5,dn200,1805,2.0,-1,110,0.5727272727272728,0.4793675269277536,-0.14408508148835408,104,0.5192307692307693,-0.22354165528123388
GC,bbz<-1.5,dn200,1805,3.0,1,55,0.6909090909090909,0.5597116084861727,0.03476495701360235,19,0.6842105263157895,0.02528919267651148
GC,bbz<-1.5,dn200,1805,3.0,-1,75,0.6,0.48687832160076594,-0.1019325799218739,79,0.5063291139240507,-0.24517176494922607
GC,bbz<-1.5,dn50,0930,0.5,1,291,0.6597938144329897,0.6035917104591921,-0.02370365036971057,136,0.6764705882352942,0.008937267245340191
GC,bbz<-1.5,dn50,0930,0.5,-1,395,0.6531645569620254,0.6049539562847173,-0.030624303431575038,314,0.6401273885350318,-0.046340567912396706
GC,bbz<-1.5,dn50,0930,1.0,1,204,0.6764705882352942,0.6095231861874817,0.00913470812047008,103,0.6893203883495146,0.0312878668790094
GC,bbz<-1.5,dn50,0930,1.0,-1,265,0.6641509433962264,0.6053001940062509,-0.00949089372768961,223,0.5739910313901345,-0.14258241599112287
GC,bbz<-1.5,dn50,0930,1.5,1,142,0.6901408450704225,0.6099127207213553,0.03201907306179372,70,0.7,0.048230677123242784
GC,bbz<-1.5,dn50,0930,1.5,-1,199,0.6482412060301508,0.5796581518023429,-0.03115059033861355,168,0.5714285714285714,-0.14496626905805532
GC,bbz<-1.5,dn50,0930,2.0,1,110,0.7272727272727273,0.637432407306822,0.0874828751458052,56,0.6964285714285714,0.04331462078326861
GC,bbz<-1.5,dn50,0930,2.0,-1,149,0.6040268456375839,0.5238333775445665,-0.09676069645889672,120,0.5083333333333333,-0.2401072242607534
GC,bbz<-1.5,dn50,0930,3.0,1,77,0.7272727272727273,0.6187889696433608,0.08842946065568001,36,0.7222222222222222,0.0825172138070609
GC,bbz<-1.5,dn50,0930,3.0,-1,99,0.6363636363636364,0.5381571567598795,-0.047322096573341806,88,0.5454545454545454,-0.18419544429324589
GC,bbz<-1.5,dn50,1805,0.5,1,283,0.6501766784452296,0.5929368977682846,-0.038860817388571785,134,0.6791044776119403,0.012889457377939392
GC,bbz<-1.5,dn50,1805,0.5,-1,394,0.6776649746192893,0.6299910094680647,0.0061505784443094055,306,0.5424836601307189,-0.19250671154985907
GC,bbz<-1.5,dn50,1805,1.0,1,189,0.6878306878306878,0.6185798767702014,0.023277798849310936,91,0.6373626373626373,-0.046942589291919
GC,bbz<-1.5,dn50,1805,1.0,-1,253,0.6363636363636364,0.5754572178427687,-0.05083868204501223,212,0.5518867924528302,-0.1756197570319983
GC,bbz<-1.5,dn50,1805,1.5,1,129,0.689922480620155,0.6055840198319886,0.031755184035594845,69,0.6521739130434783,-0.02362532006379764
GC,bbz<-1.5,dn50,1805,1.5,-1,180,0.6111111111111112,0.5382806192890348,-0.0876092347665442,151,0.5099337748344371,-0.2379327088316537
GC,bbz<-1.5,dn50,1805,2.0,1,100,0.7,0.6041496156718804,0.04767335606998999,56,0.6607142857142857,-0.010307843108485268
GC,bbz<-1.5,dn50,1805,2.0,-1,145,0.6137931034482759,0.532581505318033,-0.08241865530953497,108,0.5,-0.2523802434418006
GC,bbz<-1.5,dn50,1805,3.0,1,77,0.7142857142857143,0.6050994632226487,0.06991932782382297,34,0.6764705882352942,0.01383353774307062
GC,bbz<-1.5,dn50,1805,3.0,-1,101,0.6336633663366337,0.5364085906465472,-0.05133831883321442,81,0.4567901234567901,-0.3176810105536982
GC,lo5,none,0930,0.5,1,651,0.6651305683563749,0.6280012853269572,-0.013839073847205277,355,0.6732394366197183,0.004043991173021228
GC,lo5,none,0930,0.5,-1,738,0.6612466124661247,0.6263429846188541,-0.01839618426332252,494,0.6923076923076923,0.030828031239342756
GC,lo5,none,0930,1.0,1,469,0.6545842217484008,0.6104499138230686,-0.025042572640546906,277,0.6931407942238267,0.037078727795667746
GC,lo5,none,0930,1.0,-1,533,0.6435272045028143,0.6019708310360775,-0.041767580933852494,372,0.6236559139784946,-0.06900321965172276
GC,lo5,none,0930,1.5,1,331,0.6555891238670695,0.6028759521560181,-0.020248870450880682,198,0.702020202020202,0.05119987601034111
GC,lo5,none,0930,1.5,-1,373,0.6273458445040214,0.5772120413422268,-0.06273215392929561,269,0.5947955390334573,-0.10989169042867158
GC,lo5,none,0930,2.0,1,248,0.6693548387096774,0.608610682977347,0.001068658225635668,141,0.7446808510638298,0.11571128925844722
GC,lo5,none,0930,2.0,-1,274,0.6313868613138686,0.5728140456400588,-0.0556919809242537,188,0.5478723404255319,-0.17999618368685866
GC,lo5,none,0930,3.0,1,155,0.6645161290322581,0.5870014280315278,-0.004954956035322202,88,0.75,0.12416294807706173
GC,lo5,none,0930,3.0,-1,163,0.6196319018404908,0.5431588704905546,-0.0729052665562441,112,0.5267857142857143,-0.21218442784350072
GC,lo5,none,1805,0.5,1,631,0.6434231378763867,0.605284671452068,-0.048835794693394705,350,0.6914285714285714,0.03168762476254513
GC,lo5,none,1805,0.5,-1,721,0.6685159500693482,0.633340592807299,-0.008304596199101798,489,0.6114519427402862,-0.08895190539436451
GC,lo5,none,1805,1.0,1,447,0.6733780760626398,0.6285846670663133,0.0028898228499792773,260,0.6807692307692308,0.018446295966108313
GC,lo5,none,1805,1.0,-1,502,0.6195219123505976,0.5762945744564711,-0.07692602221221592,352,0.5880681818181818,-0.12278452859782346
GC,lo5,none,1805,1.5,1,328,0.6585365853658537,0.6056468320470645,-0.016223370977763957,198,0.7121212121212122,0.0664620396721817
GC,lo5,none,1805,1.5,-1,367,0.6348773841961853,0.584456863362234,-0.051865611128817164,255,0.5568627450980392,-0.16777156535643575
GC,lo5,none,1805,2.0,1,237,0.6582278481012658,0.5957481005488533,-0.015425579126419998,151,0.7152317880794702,0.07155973796059158
GC,lo5,none,1805,2.0,-1,270,0.6222222222222222,0.5630575168925223,-0.0694630587304557,179,0.547486033519553,-0.18125980992609464
GC,lo5,none,1805,3.0,1,141,0.6808510638297872,0.5999872071201119,0.019695062044060626,84,0.7380952380952381,0.10633231764951645
GC,lo5,none,1805,3.0,-1,155,0.6064516129032258,0.5278583942780153,-0.09298205718233378,104,0.49038461538461536,-0.2669178309935437
GC,lo5,up200,0930,0.5,1,292,0.702054794520548,0.6472479549581013,0.04347384244211564,217,0.7004608294930875,0.04596155250330332
GC,lo5,up200,0930,0.5,-1,302,0.6721854304635762,0.6173684376779492,-0.0018765012677703433,80,0.7125,0.06280338769652757
GC,lo5,up200,0930,1.0,1,221,0.6923076923076923,0.6286036183466077,0.03386676440610611,173,0.7456647398843931,0.11629069254063254
GC,lo5,up200,0930,1.0,-1,223,0.6367713004484304,0.5718263041775427,-0.05224644463672849,54,0.6111111111111112,-0.08835339866410286
GC,lo5,up200,0930,1.5,1,155,0.6903225806451613,0.6136681484097908,0.03233958344517672,133,0.7368421052631579,0.1037720305674039
GC,lo5,up200,0930,1.5,-1,150,0.6066666666666667,0.5267647239233271,-0.09371925936008733,42,0.5714285714285714,-0.1451652302452148
GC,lo5,up200,0930,2.0,1,118,0.7033898305084746,0.6156186149301767,0.052517163892132686,91,0.7912087912087912,0.18574455052011496
GC,lo5,up200,0930,2.0,-1,121,0.6528925619834711,0.5645471366373127,-0.023296167336155676,33,0.5454545454545454,-0.1835562473535739
GC,lo5,up200,0930,3.0,1,74,0.6621621621621622,0.5487829947311834,-0.0083079804807059,60,0.75,0.12425482671700135
GC,lo5,up200,0930,3.0,-1,74,0.5945945945945946,0.4807563154549811,-0.10998099492643773,22,0.5454545454545454,-0.1829194314050903
GC,lo5,up200,1805,0.5,1,281,0.6583629893238434,0.60110887939666,-0.022882509593667187,215,0.7116279069767442,0.06280473149203372
GC,lo5,up200,1805,0.5,-1,297,0.6632996632996633,0.6077709390461103,-0.016402541170857408,76,0.631578947368421,-0.05896612718362487
GC,lo5,up200,1805,1.0,1,200,0.705,0.6384115802925058,0.05291090814365904,163,0.6748466257668712,0.009834931168630729
GC,lo5,up200,1805,1.0,-1,200,0.59,0.5207633107255152,-0.12063059629272202,54,0.6111111111111112,-0.08799412999799737
GC,lo5,up200,1805,1.5,1,151,0.6688741721854304,0.5904383378404611,-3.4030773657670504e-05,136,0.7352941176470589,0.10141815455495934
GC,lo5,up200,1805,1.5,-1,147,0.6258503401360545,0.545354525305951,-0.06616562778022596,36,0.6388888888888888,-0.04380175847512203
GC,lo5,up200,1805,2.0,1,114,0.6666666666666666,0.5759462411867157,-0.002436886442594021,98,0.7244897959183674,0.08560033195619039
GC,lo5,up200,1805,2.0,-1,112,0.6339285714285714,0.5416490959133228,-0.05192301500694337,30,0.5666666666666667,-0.15172999949523552
GC,lo5,up200,1805,3.0,1,72,0.6805555555555556,0.5660743422203383,0.019252174944737584,60,0.75,0.12427341437688948
GC,lo5,up200,1805,3.0,-1,78,0.6153846153846154,0.5044258131764942,-0.07872677706305961,21,0.5238095238095238,-0.21552646940697806
GC,lo5,up50,0930,0.5,1,203,0.6896551724137931,0.6229858615156008,0.02501389844670113,136,0.6838235294117647,0.020647025477139355
GC,lo5,up50,0930,0.5,-1,227,0.6563876651982379,0.5924646869701847,-0.025553232893649847,106,0.7547169811320755,0.12658044300244078
GC,lo5,up50,0930,1.0,1,157,0.6624203821656051,0.5853559500168541,-0.01122752018333459,112,0.7410714285714286,0.1094672008489701
GC,lo5,up50,0930,1.0,-1,166,0.6626506024096386,0.5877689006997525,-0.011642588889456235,72,0.6527777777777778,-0.02408006562440968
GC,lo5,up50,0930,1.5,1,129,0.6744186046511628,0.5895288926878659,0.007494242215309195,85,0.7294117647058823,0.0923355936854413
GC,lo5,up50,0930,1.5,-1,120,0.6416666666666667,0.5527036937000394,-0.04095752757768132,54,0.5740740740740741,-0.14104031265559047
GC,lo5,up50,0930,2.0,1,102,0.6470588235294118,0.5505209704774588,-0.032311544581457165,63,0.7936507936507936,0.18937716256120204
GC,lo5,up50,0930,2.0,-1,95,0.6842105263157895,0.585132797889047,0.02358705803049809,42,0.5476190476190477,-0.18030628686735123
GC,lo5,up50,0930,3.0,1,72,0.6388888888888888,0.5235226614759323,-0.04334849777080924,50,0.78,0.16924387086580314
GC,lo5,up50,0930,3.0,-1,75,0.6266666666666667,0.5135475597239507,-0.06171014946873315,31,0.5483870967741935,-0.17851406051561025
GC,lo5,up50,1805,0.5,1,197,0.649746192893401,0.5808427803443595,-0.03614421274079319,133,0.706766917293233,0.055570250298838525
GC,lo5,up50,1805,0.5,-1,216,0.6574074074074074,0.5918618957983307,-0.02498084363012071,103,0.6601941747572816,-0.015569989755953246
GC,lo5,up50,1805,1.0,1,148,0.6824324324324325,0.6036259821808041,0.018873875044611913,108,0.7037037037037037,0.05324811774872402
GC,lo5,up50,1805,1.0,-1,157,0.643312101910828,0.5657793811713961,-0.04024050024036635,70,0.6285714285714286,-0.060374301922309075
GC,lo5,up50,1805,1.5,1,123,0.6585365853658537,0.5710701596160183,-0.01566409007362332,81,0.7530864197530864,0.1281332299299007
GC,lo5,up50,1805,1.5,-1,118,0.652542372881356,0.5630461198830585,-0.024705849301274257,58,0.6379310344827587,-0.045385183095049894
GC,lo5,up50,1805,2.0,1,98,0.673469387755102,0.5756129567648199,0.007714334692994905,70,0.7428571428571429,0.11317135973618817
GC,lo5,up50,1805,2.0,-1,101,0.693069306930693,0.5974246891219428,0.03721748225934159,45,0.5777777777777777,-0.13543788943641333
GC,lo5,up50,1805,3.0,1,71,0.676056338028169,0.5606093871720553,0.01247457953550984,50,0.78,0.16923001975821791
GC,lo5,up50,1805,3.0,-1,74,0.6756756756756757,0.5626508503567352,0.011896553795328415,30,0.5,-0.2512215116373904
GC,lo5,dn200,0930,0.5,1,359,0.6350974930362117,0.5841121813308345,-0.060455707709271306,138,0.6304347826086957,-0.06186985526662525
GC,lo5,dn200,0930,0.5,-1,437,0.6544622425629291,0.60870380643884,-0.028643155791706322,414,0.6884057971014492,0.02464921839737467
GC,lo5,dn200,0930,1.0,1,253,0.6205533596837944,0.5593772767311628,-0.07809865826739079,107,0.6074766355140186,-0.09215070710274385
GC,lo5,dn200,0930,1.0,-1,319,0.6489028213166145,0.5950335654498805,-0.03339966119655904,321,0.6261682242990654,-0.06514742170571731
GC,lo5,dn200,0930,1.5,1,183,0.6284153005464481,0.5564345406746688,-0.06141025640919701,70,0.6571428571428571,-0.016736475268508362
GC,lo5,dn200,0930,1.5,-1,229,0.6419213973799127,0.5779530706997692,-0.04090033585207229,230,0.5956521739130435,-0.10857514555198515
GC,lo5,dn200,0930,2.0,1,141,0.6524822695035462,0.5707825541896676,-0.024503483589755123,57,0.6842105263157895,0.02464565007888014
GC,lo5,dn200,0930,2.0,-1,161,0.6149068322981367,0.5378941451075947,-0.08054374354253127,160,0.55,-0.1768147208257614
GC,lo5,dn200,0930,3.0,1,87,0.6781609195402298,0.5742591192817702,0.014783732423097506,36,0.7222222222222222,0.08224543830807023
GC,lo5,dn200,0930,3.0,-1,98,0.6224489795918368,0.5235640278836827,-0.06904074984534099,95,0.5368421052631579,-0.1973181576364535
GC,lo5,dn200,1805,0.5,1,350,0.6314285714285715,0.5797153959193067,-0.0696725750163188,135,0.6592592592592592,-0.017869248917751487
GC,lo5,dn200,1805,0.5,-1,425,0.6705882352941176,0.6245497176015494,-0.005004969716270914,413,0.6077481840193705,-0.09446986942345946
GC,lo5,dn200,1805,1.0,1,249,0.6506024096385542,0.5895004972170564,-0.033318004220300325,100,0.7,0.04687823923605201
GC,lo5,dn200,1805,1.0,-1,306,0.6372549019607843,0.5819903823659829,-0.05070703990301034,299,0.5852842809364549,-0.1269924662512498
GC,lo5,dn200,1805,1.5,1,181,0.6519337016574586,0.5800300173767687,-0.026672093978551206,70,0.7,0.04793128488016572
GC,lo5,dn200,1805,1.5,-1,225,0.6355555555555555,0.5708820583569199,-0.050381596388369414,220,0.5454545454545454,-0.18502889615994902
GC,lo5,dn200,1805,2.0,1,139,0.6690647482014388,0.5872165830637371,0.0006813330646048588,58,0.7068965517241379,0.05881691565266221
GC,lo5,dn200,1805,2.0,-1,163,0.6073619631901841,0.5307477168701047,-0.09177150613334707,152,0.5328947368421053,-0.2033181047530708
GC,lo5,dn200,1805,3.0,1,76,0.6842105263157895,0.5730014229213028,0.0247513598301594,35,0.7142857142857143,0.07036405955557867
GC,lo5,dn200,1805,3.0,-1,89,0.5955056179775281,0.491640345784806,-0.11006674001419844,87,0.4942528735632184,-0.26134139601280953
GC,lo5,dn50,0930,0.5,1,451,0.6541019955654102,0.6090668542011446,-0.03130429793143271,219,0.6666666666666666,-0.006266568942778158
GC,lo5,dn50,0930,0.5,-1,515,0.6640776699029126,0.622203358464579,-0.014189765662845794,388,0.6752577319587629,0.00466886720097061
GC,lo5,dn50,0930,1.0,1,324,0.6450617283950617,0.5915374512712,-0.03831007350316063,168,0.6666666666666666,-0.002946050135476108
GC,lo5,dn50,0930,1.0,-1,378,0.6402116402116402,0.5906410453107634,-0.04729376552607052,305,0.6229508196721312,-0.07031274385707731
GC,lo5,dn50,0930,1.5,1,223,0.6457399103139013,0.5809807058156067,-0.034704386097110095,118,0.6864406779661016,0.02779195277509161
GC,lo5,dn50,0930,1.5,-1,275,0.6327272727272727,0.5742869398142337,-0.054735221173105315,227,0.6079295154185022,-0.09015838742117697
GC,lo5,dn50,0930,2.0,1,171,0.672514619883041,0.5990576008912465,0.005053796600476082,86,0.7093023255813954,0.06249355876610028
GC,lo5,dn50,0930,2.0,-1,206,0.6116504854368932,0.5436311119029286,-0.08531154540661262,157,0.5477707006369427,-0.1808341177034845
GC,lo5,dn50,0930,3.0,1,108,0.6666666666666666,0.5733874039358369,-0.0015821966892638258,51,0.7058823529411765,0.057915734412073414
GC,lo5,dn50,0930,3.0,-1,123,0.5934959349593496,0.5051369744531611,-0.11237345278590288,95,0.5263157894736842,-0.2131097613459957
GC,lo5,dn50,1805,0.5,1,436,0.6422018348623854,0.5961441980582683,-0.05208322656659819,217,0.6820276497695853,0.017049886530623358
GC,lo5,dn50,1805,0.5,-1,506,0.6739130434782609,0.631889716566517,-0.00019465942721759788,387,0.599483204134367,-0.10697406431677511
GC,lo5,dn50,1805,1.0,1,308,0.6558441558441559,0.6011582480581343,-0.024572672176550417,155,0.6645161290322581,-0.00622078388742893
GC,lo5,dn50,1805,1.0,-1,353,0.6118980169971672,0.560116262302951,-0.08876323416680462,286,0.5804195804195804,-0.1346336549226769
GC,lo5,dn50,1805,1.5,1,218,0.6605504587155964,0.5953957342438214,-0.012943140243435817,124,0.6935483870967742,0.03846678836896394
GC,lo5,dn50,1805,1.5,-1,265,0.630188679245283,0.5705907464672455,-0.05939666616621103,206,0.5485436893203883,-0.18040869390706032
GC,lo5,dn50,1805,2.0,1,165,0.6666666666666666,0.5916668792251416,-0.002794447935563671,90,0.7,0.04860997648391789
GC,lo5,dn50,1805,2.0,-1,190,0.5894736842105263,0.518425301565125,-0.11875807706531544,144,0.5347222222222222,-0.20043754565437835
GC,lo5,dn50,1805,3.0,1,95,0.6842105263157895,0.585132797889047,0.024774266239458196,49,0.6938775510204082,0.03994302695516411
GC,lo5,dn50,1805,3.0,-1,121,0.6033057851239669,0.5142510708691974,-0.0969032866450939,89,0.4943820224719101,-0.2611049426420137
GC,up>=2,none,0930,0.5,1,695,0.6402877697841727,0.6039261117013707,-0.05210454364471115,451,0.6607538802660754,-0.016163324724548865
GC,up>=2,none,0930,0.5,-1,569,0.5922671353251318,0.5514010669431341,-0.1253662273877816,323,0.6501547987616099,-0.030441418384081376
GC,up>=2,none,0930,1.0,1,553,0.6238698010849909,0.5827709460382681,-0.0706118277731145,356,0.7106741573033708,0.0633302069207821
GC,up>=2,none,0930,1.0,-1,459,0.6339869281045751,0.5889745087350141,-0.055188762704468375,273,0.6483516483516484,-0.03262896276426419
GC,up>=2,none,0930,1.5,1,443,0.6749435665914221,0.6299832456492658,0.00875564229137495,282,0.7375886524822695,0.10443977154857843
GC,up>=2,none,0930,1.5,-1,362,0.6519337016574586,0.6014984668903017,-0.02721165005360298,216,0.6203703703703703,-0.07175910690620649
GC,up>=2,none,0930,2.0,1,340,0.6882352941176471,0.6371251116052774,0.029874976974836924,231,0.7489177489177489,0.1219227463901191
GC,up>=2,none,0930,2.0,-1,282,0.6418439716312057,0.5843216766510438,-0.03996649014475083,160,0.59375,-0.11168172492074233
GC,up>=2,none,0930,3.0,1,204,0.7009803921568627,0.6349115575344513,0.049862219480255064,146,0.7602739726027398,0.139243261937559
GC,up>=2,none,0930,3.0,-1,163,0.6257668711656442,0.5493826430494979,-0.06305092426643773,93,0.5806451612903226,-0.1300137111471049
GC,up>=2,none,1805,0.5,1,696,0.6724137931034483,0.636681883654541,-0.0016047030101192258,466,0.6695278969957081,-0.0034011875802993485
GC,up>=2,none,1805,0.5,-1,570,0.6701754385964912,0.6305516645099171,-0.005459367966883476,323,0.6253869969040248,-0.0696228916230885
GC,up>=2,none,1805,1.0,1,575,0.6452173913043479,0.6052645347051602,-0.03784346882338705,386,0.694300518134715,0.038729527994082844
GC,up>=2,none,1805,1.0,-1,490,0.6775510204081633,0.6349214265095336,0.011204384300320445,279,0.6559139784946236,-0.01937664164661744
GC,up>=2,none,1805,1.5,1,444,0.6824324324324325,0.6377228042087879,0.01990507587252841,302,0.7516556291390728,0.12515226794454348
GC,up>=2,none,1805,1.5,-1,385,0.6727272727272727,0.624351134104782,0.004859599618047173,225,0.6133333333333333,-0.082845143143071
GC,up>=2,none,1805,2.0,1,354,0.692090395480226,0.6421534151659942,0.03545945967906624,226,0.7566371681415929,0.1337257260378929
GC,up>=2,none,1805,2.0,-1,287,0.6515679442508711,0.5947689528364836,-0.025162219672370208,163,0.6196319018404908,-0.07200984821635456
GC,up>=2,none,1805,3.0,1,201,0.7114427860696517,0.645302069003135,0.0655999120087446,142,0.7676056338028169,0.15020609656239645
GC,up>=2,none,1805,3.0,-1,164,0.6280487804878049,0.5519376124293204,-0.059657139039265485,98,0.5918367346938775,-0.1140605950853044
GC,up>=2,up200,0930,0.5,1,399,0.6466165413533834,0.5985169419482117,-0.044065924050648554,378,0.6507936507936508,-0.031381951143553286
GC,up>=2,up200,0930,0.5,-1,309,0.5825242718446602,0.5268544878623777,-0.142699773261967,121,0.6776859504132231,0.01003542967579866
GC,up>=2,up200,0930,1.0,1,328,0.6310975609756098,0.5776425006309754,-0.06030959513301051,297,0.7138047138047138,0.06808349395968247
GC,up>=2,up200,0930,1.0,-1,253,0.6600790513833992,0.5997043714033345,-0.016776718474570174,104,0.6538461538461539,-0.028652459451093
GC,up>=2,up200,0930,1.5,1,261,0.6628352490421456,0.6034883208810867,-0.009716749730090386,239,0.7489539748953975,0.12148690846354258
GC,up>=2,up200,0930,1.5,-1,199,0.6884422110552764,0.6210380928462449,0.027325269308128234,86,0.6744186046511628,0.009473384886312601
GC,up>=2,up200,0930,2.0,1,196,0.6887755102040817,0.6208509724265927,0.030746364588706426,197,0.751269035532995,0.1254434825135132
GC,up>=2,up200,0930,2.0,-1,149,0.6711409395973155,0.5922340166211622,0.0038314363383541265,62,0.6451612903225806,-0.033969530506210724
GC,up>=2,up200,0930,3.0,1,125,0.68,0.593905934010664,0.018340130000040266,126,0.7619047619047619,0.14164301202928495
GC,up>=2,up200,0930,3.0,-1,96,0.6770833333333334,0.5782964352989827,0.013974153233385307,31,0.6129032258064516,-0.08175995498070458
GC,up>=2,up200,1805,0.5,1,401,0.6932668329177057,0.6464750266204524,0.030162600924714306,389,0.6735218508997429,0.0032268889641425846
GC,up>=2,up200,1805,0.5,-1,311,0.6655948553054662,0.6114215155401728,-0.013312091538568535,122,0.6475409836065574,-0.03528250475300378
GC,up>=2,up200,1805,1.0,1,335,0.6537313432835821,0.6012985921122022,-0.02484903168903509,323,0.6965944272445821,0.04221192663349856
GC,up>=2,up200,1805,1.0,-1,264,0.7007575757575758,0.6429607041203702,0.04581232700323241,106,0.6886792452830188,0.02996913933160388
GC,up>=2,up200,1805,1.5,1,257,0.6926070038910506,0.6337024024792958,0.035213078472059546,252,0.7619047619047619,0.14044847559414889
GC,up>=2,up200,1805,1.5,-1,205,0.6878048780487804,0.621407110665502,0.02692810141130138,84,0.6071428571428571,-0.09159485569391686
GC,up>=2,up200,1805,2.0,1,208,0.6875,0.6215889938032539,0.028552913955847883,194,0.7628865979381443,0.1431256034760354
GC,up>=2,up200,1805,2.0,-1,154,0.6753246753246753,0.5978820258623505,0.010549617378966631,60,0.65,-0.02668844833542635
GC,up>=2,up200,1805,3.0,1,122,0.6967213114754098,0.610177150456982,0.04348036793818628,122,0.7622950819672131,0.1421823612305233
GC,up>=2,up200,1805,3.0,-1,91,0.6483516483516484,0.5460564927584927,-0.029169681583226737,34,0.6470588235294118,-0.030474804551808746
GC,up>=2,up50,0930,0.5,1,456,0.6513157894736842,0.6064757358986946,-0.036562063493584894,344,0.6656976744186046,-0.007036908322539825
GC,up>=2,up50,0930,0.5,-1,372,0.5967741935483871,0.546180748451588,-0.12019828550222666,183,0.6721311475409836,0.002282251113550015
GC,up>=2,up50,0930,1.0,1,371,0.6118598382749326,0.5613654194217117,-0.08905687804027985,275,0.7054545454545454,0.0555239418040784
GC,up>=2,up50,0930,1.0,-1,294,0.6428571428571429,0.586565487097193,-0.042378146872804855,153,0.6601307189542484,-0.01691003584179895
GC,up>=2,up50,0930,1.5,1,290,0.6586206896551724,0.6022902543975615,-0.01586704333954894,221,0.7420814479638009,0.11112711234290391
GC,up>=2,up50,0930,1.5,-1,235,0.6638297872340425,0.6012254332893597,-0.007869262695975187,124,0.6532258064516129,-0.022832641706944552
GC,up>=2,up50,0930,2.0,1,236,0.673728813559322,0.6115439255163279,0.008028489400692524,181,0.7569060773480663,0.13386769300919704
GC,up>=2,up50,0930,2.0,-1,178,0.651685393258427,0.579157646067053,-0.025228380090317214,93,0.6451612903225806,-0.033782579068616495
GC,up>=2,up50,0930,3.0,1,150,0.7066666666666667,0.6293750243784035,0.05839808710750758,122,0.7704918032786885,0.15451414810596284
GC,up>=2,up50,0930,3.0,-1,107,0.6448598130841121,0.5506061419908396,-0.0343575377513784,51,0.6078431372549019,-0.08929926836012557
GC,up>=2,up50,1805,0.5,1,457,0.6783369803063457,0.6341759724446303,0.007466240126086577,347,0.6743515850144092,0.0049249953503974365
GC,up>=2,up50,1805,0.5,-1,371,0.6711590296495957,0.6218129885775573,-0.004512923205917971,185,0.6486486486486487,-0.03635468426274608
GC,up>=2,up50,1805,1.0,1,379,0.6464379947229552,0.5970562647692271,-0.03604974708882854,289,0.7058823529411765,0.05616064976114546
GC,up>=2,up50,1805,1.0,-1,316,0.6962025316455697,0.6433888109010398,0.039102593081842094,159,0.6981132075471698,0.0440771402968981
GC,up>=2,up50,1805,1.5,1,297,0.6734006734006734,0.618145602973845,0.006081363572562545,232,0.771551724137931,0.154860376947217
GC,up>=2,up50,1805,1.5,-1,242,0.6859504132231405,0.6249524923229739,0.025382815620404287,127,0.6377952755905512,-0.04556701161811982
GC,up>=2,up50,1805,2.0,1,244,0.6844262295081968,0.6236364335821772,0.023970934738945255,179,0.7653631284916201,0.14683632815172964
GC,up>=2,up50,1805,2.0,-1,184,0.6684782608695652,0.5976221123179122,0.00031559349904111326,95,0.6736842105263158,0.009021973038428733
GC,up>=2,up50,1805,3.0,1,143,0.7132867132867133,0.6343488049956663,0.0683609404737863,119,0.773109243697479,0.1583863774000061
GC,up>=2,up50,1805,3.0,-1,106,0.6320754716981132,0.5371525943196658,-0.05381654794291473,52,0.6153846153846154,-0.07794468267751571
GC,up>=2,dn200,0930,0.5,1,296,0.6317567567567568,0.575447635124992,-0.0629403855975185,73,0.7123287671232876,0.06263997371906305
GC,up>=2,dn200,0930,0.5,-1,260,0.6038461538461538,0.543297436159941,-0.1047659747911536,202,0.6336633663366337,-0.05468745113282139
GC,up>=2,dn200,0930,1.0,1,230,0.6130434782608696,0.5487318389545406,-0.0860728498999557,65,0.6923076923076923,0.035437233794930655
GC,up>=2,dn200,0930,1.0,-1,211,0.5971563981042654,0.5298104314375915,-0.10956510075829291,172,0.6453488372093024,-0.03452985342481275
GC,up>=2,dn200,0930,1.5,1,188,0.6861702127659575,0.616669365679253,0.026004132109245133,51,0.6666666666666666,-0.002039763017725432
GC,up>=2,dn200,0930,1.5,-1,172,0.627906976744186,0.5536134952880852,-0.06282526424949557,134,0.5895522388059702,-0.11809436333875287
GC,up>=2,dn200,0930,2.0,1,150,0.6733333333333333,0.5947670390048972,0.007405815485924458,41,0.7073170731707317,0.059444683701340255
GC,up>=2,dn200,0930,2.0,-1,141,0.624113475177305,0.5418724999583782,-0.06636255836665313,103,0.5728155339805825,-0.1434091507213385
GC,up>=2,dn200,0930,3.0,1,85,0.7294117647058823,0.6265784025645939,0.09259416624202729,28,0.7142857142857143,0.07044447644728659
GC,up>=2,dn200,0930,3.0,-1,79,0.6075949367088608,0.4973378852028524,-0.09029854775724706,70,0.5571428571428572,-0.16523886827645576
GC,up>=2,dn200,1805,0.5,1,295,0.6440677966101694,0.5878985855928527,-0.04478669920628275,77,0.6493506493506493,-0.036885885967155294
GC,up>=2,dn200,1805,0.5,-1,259,0.6756756756756757,0.6164561680810766,0.0039699641983445225,201,0.6119402985074627,-0.09046631051935881
GC,up>=2,dn200,1805,1.0,1,241,0.6348547717842323,0.5723925881200179,-0.05368579806969403,64,0.6875,0.02832036982642551
GC,up>=2,dn200,1805,1.0,-1,228,0.6535087719298246,0.5896586657688291,-0.024606019742366175,173,0.6358381502890174,-0.04961162883558544
GC,up>=2,dn200,1805,1.5,1,189,0.6666666666666666,0.596728817952493,-0.0038059524248419607,52,0.6923076923076923,0.03648122387414596
GC,up>=2,dn200,1805,1.5,-1,181,0.6629834254143646,0.5913671009107027,-0.009105777612550454,142,0.6197183098591549,-0.07357721132725388
GC,up>=2,dn200,1805,2.0,1,149,0.697986577181208,0.6200503384413711,0.04434669388374877,38,0.7105263157894737,0.06431774439114406
GC,up>=2,dn200,1805,2.0,-1,136,0.625,0.5412521912933481,-0.06511258959280151,109,0.5963302752293578,-0.10687214013979325
GC,up>=2,dn200,1805,3.0,1,85,0.7058823529411765,0.601813482581798,0.05724144804108629,26,0.7307692307692307,0.09516821239106332
GC,up>=2,dn200,1805,3.0,-1,79,0.620253164556962,0.5100166778257305,-0.07136416003719666,70,0.5714285714285714,-0.14496943571281393
GC,up>=2,dn50,0930,0.5,1,240,0.6166666666666667,0.5537748577951055,-0.08562809108784715,108,0.6481481481481481,-0.04048581765911447
GC,up>=2,dn50,0930,0.5,-1,199,0.5879396984924623,0.5185169966241849,-0.12881014817670325,140,0.6214285714285714,-0.07321592922741382
GC,up>=2,dn50,0930,1.0,1,192,0.6354166666666666,0.5652969550602936,-0.052490756096780146,84,0.7261904761904762,0.08651528370367806
GC,up>=2,dn50,0930,1.0,-1,174,0.6264367816091954,0.5525547106985461,-0.06555868154805325,121,0.628099173553719,-0.06055134056195772
GC,up>=2,dn50,0930,1.5,1,167,0.6826347305389222,0.6086108105272849,0.020467092726677936,71,0.7323943661971831,0.09684508240736689
GC,up>=2,dn50,0930,1.5,-1,146,0.6506849315068494,0.5703872266929169,-0.031190922796002385,95,0.5684210526315789,-0.14925151171838044
GC,up>=2,dn50,0930,2.0,1,120,0.6916666666666667,0.6041683512553176,0.03512358165354456,60,0.7166666666666667,0.07361522631504275
GC,up>=2,dn50,0930,2.0,-1,121,0.6446280991735537,0.556099736456052,-0.03567084361867093,74,0.5135135135135135,-0.23293737027792422
GC,up>=2,dn50,0930,3.0,1,77,0.7012987012987013,0.5915034528407916,0.05035280150547152,44,0.7272727272727273,0.08997507155475258
GC,up>=2,dn50,0930,3.0,-1,81,0.6172839506172839,0.508410467539316,-0.07584399516956311,53,0.5283018867924528,-0.20853710666387262
GC,up>=2,dn50,1805,0.5,1,241,0.6597510373443983,0.5978441837862576,-0.020967222705580962,119,0.6554621848739496,-0.02768005713451601
GC,up>=2,dn50,1805,0.5,-1,199,0.6683417085427136,0.6002829740137025,-0.007223845385567882,138,0.5942028985507246,-0.11422157540325764
GC,up>=2,dn50,1805,1.0,1,200,0.64,0.5714139956562682,-0.04559679522497359,99,0.6666666666666666,-0.002889564224901277
GC,up>=2,dn50,1805,1.0,-1,174,0.6436781609195402,0.5701187295463592,-0.039461328199454505,121,0.5950413223140496,-0.11091396019637251
GC,up>=2,dn50,1805,1.5,1,158,0.6962025316455697,0.6205373627075549,0.04107811606163447,74,0.7027027027027027,0.05218406914807858
GC,up>=2,dn50,1805,1.5,-1,148,0.6486486486486487,0.5688607590114603,-0.03234800932535744,101,0.5841584158415841,-0.12759272018976675
GC,up>=2,dn50,1805,2.0,1,121,0.7024793388429752,0.6158111880232415,0.05100974206146697,53,0.7358490566037735,0.10242351835024485
GC,up>=2,dn50,1805,2.0,-1,117,0.6410256410256411,0.5508952027712691,-0.041070357900996037,79,0.5569620253164557,-0.16598145410307208
GC,up>=2,dn50,1805,3.0,1,78,0.7051282051282052,0.5962399656958182,0.056126340847248865,38,0.7368421052631579,0.10435588858031704
GC,up>=2,dn50,1805,3.0,-1,77,0.6363636363636364,0.5248199544762014,-0.047199764969529164,53,0.5660377358490566,-0.15341854825558585
GC,ibs>0.8,none,0930,0.5,1,588,0.6564625850340136,0.6171734884868453,-0.02681246331050347,398,0.6834170854271356,0.018156420560498245
GC,ibs>0.8,none,0930,0.5,-1,497,0.6579476861167002,0.6151707421753009,-0.02401811506288782,295,0.5966101694915255,-0.11120895886935468
GC,ibs>0.8,none,0930,1.0,1,538,0.6561338289962825,0.6150160671483054,-0.022063721730429583,349,0.6790830945558739,0.015922204740752816
GC,ibs>0.8,none,0930,1.0,-1,465,0.6666666666666666,0.6226077987634487,-0.0058476438647566695,269,0.6171003717472119,-0.0775211879984574
GC,ibs>0.8,none,0930,1.5,1,425,0.6870588235294117,0.641464151684434,0.02630600846529091,278,0.7230215827338129,0.08259425193549252
GC,ibs>0.8,none,0930,1.5,-1,368,0.654891304347826,0.6049431738808226,-0.02144144590567306,222,0.6126126126126126,-0.08526559810699079
GC,ibs>0.8,none,0930,2.0,1,325,0.6923076923076923,0.6401254787585515,0.035751325589047325,217,0.7373271889400922,0.10456859432681861
GC,ibs>0.8,none,0930,2.0,-1,295,0.6474576271186441,0.5913603982265104,-0.03135065826233245,159,0.610062893081761,-0.08722916314543533
GC,ibs>0.8,none,0930,3.0,1,200,0.73,0.664564384587978,0.09353211974147203,147,0.7482993197278912,0.12140014135463893
GC,ibs>0.8,none,0930,3.0,-1,168,0.6190476190476191,0.5437286900538629,-0.073551165782055,98,0.5510204081632653,-0.17458553765752027
GC,ibs>0.8,none,1805,0.5,1,584,0.702054794520548,0.6637382074469933,0.04404412895208031,399,0.7268170426065163,0.08343108818248307
GC,ibs>0.8,none,1805,0.5,-1,493,0.6835699797160243,0.6412303060106768,0.015206887528319253,293,0.6689419795221843,-0.0059677702923315095
GC,ibs>0.8,none,1805,1.0,1,527,0.681214421252372,0.6402384735726582,0.016311667447815745,365,0.7397260273972602,0.1071031765442521
GC,ibs>0.8,none,1805,1.0,-1,446,0.6883408071748879,0.6438997996824269,0.025305457939072743,262,0.648854961832061,-0.030619627997336175
GC,ibs>0.8,none,1805,1.5,1,411,0.6909975669099757,0.6447270690824527,0.033113806690615075,280,0.7785714285714286,0.1656673133158936
GC,ibs>0.8,none,1805,1.5,-1,367,0.6893732970027248,0.6402720639051704,0.0299110429274402,212,0.6179245283018868,-0.07571601406667723
GC,ibs>0.8,none,1805,2.0,1,321,0.6915887850467289,0.6390481919223573,0.034206521909171665,220,0.7681818181818182,0.15102861170391776
GC,ibs>0.8,none,1805,2.0,-1,288,0.6631944444444444,0.6067796081978836,-0.00803198616297023,157,0.6114649681528662,-0.08422494053420211
GC,ibs>0.8,none,1805,3.0,1,183,0.6994535519125683,0.6294811059164638,0.04759412001620669,136,0.8014705882352942,0.20098261737038495
GC,ibs>0.8,none,1805,3.0,-1,170,0.611764705882353,0.5368060569316482,-0.08419392177236534,92,0.5869565217391305,-0.12056721908673411
GC,ibs>0.8,up200,0930,0.5,1,361,0.6703601108033241,0.6202962318903746,-0.007011983086164925,326,0.6533742331288344,-0.027324463044791924
GC,ibs>0.8,up200,0930,0.5,-1,257,0.6498054474708171,0.5896657349380657,-0.03695671173039529,103,0.6019417475728155,-0.10367180467921207
GC,ibs>0.8,up200,0930,1.0,1,335,0.6686567164179105,0.6165895773987407,-0.003396994282395485,283,0.6643109540636042,-0.006238486329117121
GC,ibs>0.8,up200,0930,1.0,-1,240,0.6666666666666666,0.6048134560923747,-0.005667373438375522,98,0.6326530612244898,-0.0542757967523622
GC,ibs>0.8,up200,0930,1.5,1,256,0.6953125,0.6363851497434322,0.03936694621432671,228,0.7149122807017544,0.0703921755847148
GC,ibs>0.8,up200,0930,1.5,-1,195,0.6717948717948717,0.6031245004670382,0.0037527585723080114,79,0.620253164556962,-0.07182978943014051
GC,ibs>0.8,up200,0930,2.0,1,193,0.7098445595854922,0.6422162766909252,0.06248765194305326,182,0.7142857142857143,0.06994308556317902
GC,ibs>0.8,up200,0930,2.0,-1,164,0.6646341463414634,0.5893405181571403,-0.005618647154278236,55,0.6181818181818182,-0.07435442126781129
GC,ibs>0.8,up200,0930,3.0,1,126,0.6984126984126984,0.6133816732313696,0.04605622639378461,124,0.7338709677419355,0.09972460331190364
GC,ibs>0.8,up200,0930,3.0,-1,100,0.66,0.5627754565831095,-0.012280342651574086,35,0.5714285714285714,-0.14406134392146433
GC,ibs>0.8,up200,1805,0.5,1,363,0.71900826446281,0.6706605420640831,0.06958025610519646,327,0.7308868501529052,0.0893313117631404
GC,ibs>0.8,up200,1805,0.5,-1,255,0.6941176470588235,0.6350278877886265,0.03071131367839225,102,0.6764705882352942,0.008659795153344245
GC,ibs>0.8,up200,1805,1.0,1,327,0.6819571865443425,0.6296156750036453,0.01753381011527538,302,0.7384105960264901,0.10518244528999954
GC,ibs>0.8,up200,1805,1.0,-1,233,0.6909871244635193,0.6289572873504635,0.029661266338236625,92,0.6630434782608695,-0.008599221768102443
GC,ibs>0.8,up200,1805,1.5,1,254,0.6968503937007874,0.6377389586600873,0.042168729420583334,228,0.7631578947368421,0.14239777555834665
GC,ibs>0.8,up200,1805,1.5,-1,194,0.6855670103092784,0.6171661733416766,0.025007858919705264,77,0.5974025974025974,-0.10609173202723068
GC,ibs>0.8,up200,1805,2.0,1,190,0.6947368421052632,0.6259321440195607,0.03937657072158162,186,0.7473118279569892,0.1196996523834918
GC,ibs>0.8,up200,1805,2.0,-1,160,0.65625,0.5797664602225835,-0.018673206654287722,57,0.6140350877192983,-0.08062766801612622
GC,ibs>0.8,up200,1805,3.0,1,119,0.6890756302521008,0.6010946171754383,0.03198015683500391,115,0.8,0.1987277681456201
GC,ibs>0.8,up200,1805,3.0,-1,97,0.6288659793814433,0.52953581425912,-0.05861480601615118,31,0.5806451612903226,-0.13019204440143614
GC,ibs>0.8,up50,0930,0.5,1,390,0.6717948717948717,0.6237136353079434,-0.004850477448138954,292,0.678082191780822,0.011749847449538347
GC,ibs>0.8,up50,0930,0.5,-1,291,0.6529209621993127,0.5965536633709042,-0.032144149057457716,163,0.6257668711656442,-0.06765886965898811
GC,ibs>0.8,up50,0930,1.0,1,364,0.6401098901098901,0.589574942234422,-0.04629836019247066,257,0.669260700389105,0.0011903695888872724
GC,ibs>0.8,up50,0930,1.0,-1,269,0.6468401486988847,0.5880216705865531,-0.035914857175190724,148,0.6554054054054054,-0.0199008700491281
GC,ibs>0.8,up50,0930,1.5,1,284,0.6690140845070423,0.6123488228454134,-0.0014777678767163756,211,0.7345971563981043,0.09993559437183604
GC,ibs>0.8,up50,0930,1.5,-1,218,0.6330275229357798,0.5672567706250781,-0.054445871703178446,121,0.6446280991735537,-0.035739784529008715
GC,ibs>0.8,up50,0930,2.0,1,221,0.6742081447963801,0.6098982838369695,0.008658535798449309,173,0.7341040462427746,0.0996961591305997
GC,ibs>0.8,up50,0930,2.0,-1,177,0.6440677966101694,0.5711562265372495,-0.03639488633586348,86,0.627906976744186,-0.0597809391410879
GC,ibs>0.8,up50,0930,3.0,1,143,0.7132867132867133,0.6343488049956663,0.06840041225162835,119,0.7394957983193278,0.10814680628863678
GC,ibs>0.8,up50,0930,3.0,-1,100,0.59,0.4920125056109662,-0.11685500452064149,50,0.58,-0.1310764630689391
GC,ibs>0.8,up50,1805,0.5,1,391,0.7212276214833759,0.6747939981254397,0.07283512078886828,292,0.7363013698630136,0.09954472625744529
GC,ibs>0.8,up50,1805,0.5,-1,289,0.6851211072664359,0.6294392425923965,0.017620927337156124,162,0.6790123456790124,0.005756161621964205
GC,ibs>0.8,up50,1805,1.0,1,360,0.6861111111111111,0.636420233925523,0.023431711065263646,268,0.7649253731343284,0.1450033859641675
GC,ibs>0.8,up50,1805,1.0,-1,258,0.6782945736434108,0.6190367107714568,0.010797984366776,145,0.6827586206896552,0.02120470925749618
GC,ibs>0.8,up50,1805,1.5,1,286,0.6818181818181818,0.6257316391311841,0.01954315364154073,206,0.7912621359223301,0.1845127514899094
GC,ibs>0.8,up50,1805,1.5,-1,219,0.6529680365296804,0.5877741509481471,-0.024513250548404544,118,0.652542372881356,-0.023323861120752697
GC,ibs>0.8,up50,1805,2.0,1,226,0.6814159292035398,0.6180709249849736,0.018947172586641896,169,0.7692307692307693,0.1526452689400166
GC,ibs>0.8,up50,1805,2.0,-1,172,0.6453488372093024,0.5713901321297773,-0.034973362706494586,88,0.6477272727272727,-0.02985391927789951
GC,ibs>0.8,up50,1805,3.0,1,131,0.7099236641221374,0.6271138627153618,0.06285607429725033,107,0.8037383177570093,0.20429136864462571
GC,ibs>0.8,up50,1805,3.0,-1,101,0.5742574257425742,0.47684837141099295,-0.14045259608304983,50,0.64,-0.041049287357949195
GC,ibs>0.8,dn200,0930,0.5,1,227,0.6343612334801763,0.5699561367060147,-0.05830133274216079,72,0.8194444444444444,0.22408375466222877
GC,ibs>0.8,dn200,0930,0.5,-1,240,0.6666666666666666,0.6048134560923747,-0.010163034464765242,192,0.59375,-0.11525232804427495
GC,ibs>0.8,dn200,0930,1.0,1,205,0.6341463414634146,0.5663046627118604,-0.05484731612486214,67,0.746268656716418,0.11672052478743584
GC,ibs>0.8,dn200,0930,1.0,-1,227,0.6651982378854625,0.6015078825624495,-0.008242866191019688,173,0.6011560693641619,-0.1014381362880917
GC,ibs>0.8,dn200,0930,1.5,1,173,0.6647398843930635,0.5914898047346917,-0.0081797727453946,53,0.7735849056603774,0.15863804356602138
GC,ibs>0.8,dn200,0930,1.5,-1,176,0.6363636363636364,0.5630836560852461,-0.0490479077729808,147,0.6054421768707483,-0.09705215433439777
GC,ibs>0.8,dn200,0930,2.0,1,138,0.6666666666666666,0.5844418169004718,-0.0032962815532922114,43,0.813953488372093,0.2196485937886207
GC,ibs>0.8,dn200,0930,2.0,-1,135,0.6296296296296297,0.5456367261242421,-0.05979470098103942,110,0.6,-0.10267142356325434
GC,ibs>0.8,dn200,0930,3.0,1,80,0.7625,0.6585901502919855,0.1423931000280597,31,0.8064516129032258,0.20877781779608356
GC,ibs>0.8,dn200,0930,3.0,-1,76,0.5789473684210527,0.46678201550241605,-0.13349199896426645,72,0.5694444444444444,-0.14688501243447227
GC,ibs>0.8,dn200,1805,0.5,1,221,0.6742081447963801,0.6098982838369695,0.002100173492437041,72,0.7083333333333334,0.05663423942033097
GC,ibs>0.8,dn200,1805,0.5,-1,238,0.6722689075630253,0.6103101888011214,-0.0014049976324732277,191,0.6649214659685864,-0.013779349744996061
GC,ibs>0.8,dn200,1805,1.0,1,200,0.68,0.612479733946457,0.014313464186519234,64,0.75,0.1222652246362056
GC,ibs>0.8,dn200,1805,1.0,-1,215,0.6837209302325581,0.6187994273042583,0.01796324442064246,171,0.6432748538011696,-0.03937586006515594
GC,ibs>0.8,dn200,1805,1.5,1,160,0.675,0.5990599383865775,0.008657530697597917,54,0.8333333333333334,0.24840923762444245
GC,ibs>0.8,dn200,1805,1.5,-1,176,0.6875,0.6156322772751833,0.026195613959368293,138,0.6231884057971014,-0.0680711886189526
GC,ibs>0.8,dn200,1805,2.0,1,133,0.6842105263157895,0.6009849745848181,0.022493592149337584,41,0.8536585365853658,0.27925509076994903
GC,ibs>0.8,dn200,1805,2.0,-1,133,0.6616541353383458,0.5777099539192392,-0.011183429896808482,104,0.6057692307692307,-0.09265656932730426
GC,ibs>0.8,dn200,1805,3.0,1,76,0.6842105263157895,0.5730014229213028,0.024761025649380902,27,0.7407407407407407,0.11009828672717997
GC,ibs>0.8,dn200,1805,3.0,-1,80,0.5875,0.4780384112688303,-0.12054730485776381,67,0.582089552238806,-0.12782868899813832
GC,ibs>0.8,dn50,0930,0.5,1,198,0.6262626262626263,0.5570722513697554,-0.07007092031213055,106,0.6981132075471698,0.03580471630012358
GC,ibs>0.8,dn50,0930,0.5,-1,207,0.6666666666666666,0.5999261004691333,-0.010099908821561077,132,0.5606060606060606,-0.1649867205457922
GC,ibs>0.8,dn50,0930,1.0,1,176,0.6875,0.6156322772751833,0.02541327337026086,93,0.7096774193548387,0.06182815495859824
GC,ibs>0.8,dn50,0930,1.0,-1,199,0.6984924623115578,0.6314664809332795,0.0423668583408431,124,0.5725806451612904,-0.14449679447632335
GC,ibs>0.8,dn50,0930,1.5,1,149,0.7046979865771812,0.627048295708424,0.054156028193164396,74,0.7162162162162162,0.0725390541461939
GC,ibs>0.8,dn50,0930,1.5,-1,163,0.6871165644171779,0.6123188323401395,0.02721141494988585,106,0.5566037735849056,-0.1709552140449098
GC,ibs>0.8,dn50,0930,2.0,1,117,0.717948717948718,0.6304874095354096,0.07417132522099273,54,0.7592592592592593,0.13760011627911217
GC,ibs>0.8,dn50,0930,2.0,-1,136,0.6617647058823529,0.5787800377541816,-0.009929037723618172,86,0.5348837209302325,-0.20081826454689505
GC,ibs>0.8,dn50,0930,3.0,1,75,0.7733333333333333,0.6666425143266057,0.15871435883226218,41,0.7560975609756098,0.13325733814077598
GC,ibs>0.8,dn50,0930,3.0,-1,90,0.6333333333333333,0.530221128924694,-0.05240262691343415,61,0.5409836065573771,-0.18959107922846102
GC,ibs>0.8,dn50,1805,0.5,1,193,0.6632124352331606,0.5939263345141417,-0.01428373533902899,107,0.7009345794392523,0.03945742166015627
GC,ibs>0.8,dn50,1805,0.5,-1,204,0.6813725490196079,0.6145848782100531,0.011786997799133675,131,0.6564885496183206,-0.02046606777413232
GC,ibs>0.8,dn50,1805,1.0,1,169,0.6745562130177515,0.6007168191119334,0.0068465037278891885,97,0.6701030927835051,0.002389195878918793
GC,ibs>0.8,dn50,1805,1.0,-1,188,0.7021276595744681,0.6332382050308935,0.04521465039467149,119,0.6050420168067226,-0.09749663181940858
GC,ibs>0.8,dn50,1805,1.5,1,132,0.7121212121212122,0.6297449765987901,0.06442777574353964,77,0.7532467532467533,0.12823978842606054
GC,ibs>0.8,dn50,1805,1.5,-1,153,0.7320261437908496,0.6567941932796061,0.09361567149980932,99,0.5757575757575758,-0.1394953875566863
GC,ibs>0.8,dn50,1805,2.0,1,105,0.7238095238095238,0.631540280677581,0.08266119200364601,57,0.7894736842105263,0.18288779951528605
GC,ibs>0.8,dn50,1805,2.0,-1,129,0.6821705426356589,0.5975442490042815,0.020672836371026477,75,0.56,-0.16141503114160782
GC,ibs>0.8,dn50,1805,3.0,1,69,0.7246376811594203,0.6095247943146683,0.08558107442689482,40,0.775,0.1616319624430492
GC,ibs>0.8,dn50,1805,3.0,-1,86,0.6162790697674418,0.510626822596434,-0.07749961929841433,56,0.5357142857142857,-0.19742283007285907
GC,hi5,none,0930,0.5,1,751,0.6391478029294274,0.6041718394855378,-0.05440277720530839,498,0.6646586345381527,-0.010182028021482074
GC,hi5,none,0930,0.5,-1,653,0.6324655436447167,0.594810963805843,-0.06441413805664802,358,0.61731843575419,-0.07974036900214071
GC,hi5,none,0930,1.0,1,591,0.6429780033840947,0.6035399881220654,-0.041979293746854544,398,0.6884422110552764,0.02992291355625594
GC,hi5,none,0930,1.0,-1,517,0.6518375241779497,0.6097890405606018,-0.02817888829150242,284,0.6267605633802817,-0.06489337420445086
GC,hi5,none,0930,1.5,1,459,0.6928104575163399,0.6491505466995088,0.033899574202131785,304,0.7302631578947368,0.0935918004407833
GC,hi5,none,0930,1.5,-1,401,0.6533665835411472,0.6055301629082187,-0.02490033890798983,221,0.6063348416289592,-0.09245698244684407
GC,hi5,none,0930,2.0,1,350,0.6885714285714286,0.6382298331949745,0.030296989966683653,236,0.75,0.12357946157027296
GC,hi5,none,0930,2.0,-1,301,0.6378737541528239,0.5821552161266702,-0.045980023973717206,168,0.5952380952380952,-0.10895839290990358
GC,hi5,none,0930,3.0,1,211,0.7156398104265402,0.6513384393696704,0.071921535103389,158,0.740506329113924,0.10959662311523305
GC,hi5,none,0930,3.0,-1,177,0.6214689265536724,0.5481499669837261,-0.06955393909580693,94,0.5531914893617021,-0.1712788642996996
GC,hi5,none,1805,0.5,1,746,0.6849865951742627,0.6507764970620888,0.017560787183801368,512,0.6796875,0.011928105032391965
GC,hi5,none,1805,0.5,-1,649,0.6779661016949152,0.6410603636358734,0.006438831044387377,359,0.6406685236768802,-0.049410431568962465
GC,hi5,none,1805,1.0,1,600,0.6633333333333333,0.6245869125600989,-0.010421067288089024,435,0.7103448275862069,0.06289663189019523
GC,hi5,none,1805,1.0,-1,539,0.6771799628942486,0.6365735861028284,0.009727746678354195,291,0.6666666666666666,-0.0033693983043584334
GC,hi5,none,1805,1.5,1,448,0.6763392857142857,0.6316729831618285,0.010011208444316558,318,0.7641509433962265,0.1439874762707402
GC,hi5,none,1805,1.5,-1,405,0.6641975308641975,0.616849394553968,-0.008443821024828456,229,0.62882096069869,-0.058713953995647404
GC,hi5,none,1805,2.0,1,351,0.6923076923076923,0.6421578992671179,0.035451772974460956,235,0.7659574468085106,0.1477230089411384
GC,hi5,none,1805,2.0,-1,299,0.6454849498327759,0.5897301915080424,-0.034535489207956745,166,0.6204819277108434,-0.07161774105157293
GC,hi5,none,1805,3.0,1,197,0.7157360406091371,0.6490901706691479,0.07174180291760231,153,0.7647058823529411,0.14588345544874715
GC,hi5,none,1805,3.0,-1,174,0.6264367816091954,0.5525547106985461,-0.062097921896391496,96,0.5520833333333334,-0.173736390801007
GC,hi5,up200,0930,0.5,1,447,0.6532438478747203,0.6079853627530145,-0.03499772810241361,420,0.65,-0.03245067337832587
GC,hi5,up200,0930,0.5,-1,362,0.6298342541436464,0.5789731368644809,-0.07052216337411221,139,0.6762589928057554,0.008159025544723909
GC,hi5,up200,0930,1.0,1,360,0.6583333333333333,0.6078998050409058,-0.019488096484268382,332,0.6927710843373494,0.03647987988596697
GC,hi5,up200,0930,1.0,-1,290,0.6827586206896552,0.6271014239878935,0.018065598180979536,112,0.6607142857142857,-0.017724756134076414
GC,hi5,up200,0930,1.5,1,279,0.6953405017921147,0.638981560687777,0.03917887266397131,258,0.7364341085271318,0.10286871109574629
GC,hi5,up200,0930,1.5,-1,224,0.6785714285714286,0.6148430201947865,0.011657490067296208,88,0.6363636363636364,-0.04772687532146492
GC,hi5,up200,0930,2.0,1,214,0.6962616822429907,0.6316335177012706,0.041972008163374167,201,0.746268656716418,0.11797407850549496
GC,hi5,up200,0930,2.0,-1,166,0.6566265060240963,0.5815831021620439,-0.018036589060429948,67,0.6567164179104478,-0.016526853762288265
GC,hi5,up200,0930,3.0,1,135,0.6888888888888889,0.6064786653240721,0.03172423565617898,137,0.7372262773722628,0.10463523005666106
GC,hi5,up200,0930,3.0,-1,99,0.6565656565656566,0.5587543290447314,-0.01687477379122703,31,0.6129032258064516,-0.08173841918830316
GC,hi5,up200,1805,0.5,1,447,0.697986577181208,0.6538840487373281,0.03727220118033582,432,0.6898148148148148,0.027775656047318447
GC,hi5,up200,1805,0.5,-1,359,0.6824512534818942,0.6325802732823278,0.012386362591457806,142,0.6690140845070423,-0.002747210088065525
GC,hi5,up200,1805,1.0,1,363,0.6611570247933884,0.6110039737113953,-0.013542198280123815,365,0.7123287671232876,0.06593278328909032
GC,hi5,up200,1805,1.0,-1,297,0.7037037037037037,0.6494375238769072,0.048656878624568294,109,0.7064220183486238,0.05666960505670002
GC,hi5,up200,1805,1.5,1,274,0.6824817518248175,0.6251627378711825,0.019488062722914343,270,0.7703703703703704,0.15325835536316704
GC,hi5,up200,1805,1.5,-1,224,0.6919642857142857,0.6286912967300203,0.03325600926266462,87,0.6551724137931034,-0.019321908606573568
GC,hi5,up200,1805,2.0,1,216,0.6990740740740741,0.6348649672489957,0.04599243474133853,197,0.7715736040609137,0.15618300190309062
GC,hi5,up200,1805,2.0,-1,165,0.6606060606060606,0.5854351636203324,-0.012028494186053326,64,0.640625,-0.04073357988844132
GC,hi5,up200,1805,3.0,1,131,0.6946564885496184,0.6111769763005397,0.04031320048783212,129,0.7674418604651163,0.1499443898896902
GC,hi5,up200,1805,3.0,-1,97,0.6185567010309279,0.5191255982790657,-0.07395994628519577,32,0.59375,-0.1104622109125932
GC,hi5,up50,0930,0.5,1,528,0.6515151515151515,0.6099092881441424,-0.036985026378008413,397,0.6649874055415617,-0.008036969620437203
GC,hi5,up50,0930,0.5,-1,457,0.6367614879649891,0.59169652497373,-0.0590814099262979,218,0.6238532110091743,-0.07027612853721188
GC,hi5,up50,0930,1.0,1,418,0.631578947368421,0.5843322977837657,-0.05967378100140324,316,0.6930379746835443,0.036890854286141486
GC,hi5,up50,0930,1.0,-1,356,0.651685393258427,0.6008121910218444,-0.028850666876708935,176,0.625,-0.0690760592986811
GC,hi5,up50,0930,1.5,1,329,0.6778115501519757,0.6255123785241306,0.01185671356106223,246,0.7398373983739838,0.1079728657151711
GC,hi5,up50,0930,1.5,-1,275,0.6654545454545454,0.6077467720320194,-0.006250712836051355,135,0.6370370370370371,-0.046511047144275126
GC,hi5,up50,0930,2.0,1,258,0.689922480620155,0.6310430558161741,0.032249735652268845,193,0.7461139896373057,0.11771542275056143
GC,hi5,up50,0930,2.0,-1,204,0.6470588235294118,0.579313854286704,-0.03224202471697851,105,0.638095238095238,-0.04529256522824547
GC,hi5,up50,0930,3.0,1,157,0.7133757961783439,0.6382107131583525,0.06851238599034745,131,0.7404580152671756,0.10945994414861737
GC,hi5,up50,0930,3.0,-1,113,0.6460176991150443,0.5543738004428792,-0.03264489425501854,53,0.5849056603773585,-0.12372508604366528
GC,hi5,up50,1805,0.5,1,522,0.6973180076628352,0.6565821573646917,0.0361224905156221,402,0.6865671641791045,0.023560247250022752
GC,hi5,up50,1805,0.5,-1,449,0.6792873051224945,0.6347494280453021,0.007962623253056538,223,0.6457399103139013,-0.04513084034213266
GC,hi5,up50,1805,1.0,1,425,0.6588235294117647,0.6125055763453741,-0.017248554860727756,342,0.7222222222222222,0.08079062065115687
GC,hi5,up50,1805,1.0,-1,368,0.6956521739130435,0.6468181571985195,0.03698664876467072,182,0.6813186813186813,0.01858130115847638
GC,hi5,up50,1805,1.5,1,324,0.6728395061728395,0.6199859370532473,0.004863876069961545,257,0.7782101167315175,0.16497703048717224
GC,hi5,up50,1805,1.5,-1,272,0.6764705882352942,0.6187495341667856,0.010699907483783414,140,0.6428571428571429,-0.037835128129288416
GC,hi5,up50,1805,2.0,1,255,0.6980392156862745,0.6390916299075788,0.04396076549832555,190,0.7789473684210526,0.1672528687550434
GC,hi5,up50,1805,2.0,-1,200,0.67,0.602165564130804,0.002238662677455623,102,0.6666666666666666,-0.0014504059928793494
GC,hi5,up50,1805,3.0,1,147,0.7278911564625851,0.6508273585175643,0.08987740682187462,125,0.776,0.1627491217724891
GC,hi5,up50,1805,3.0,-1,116,0.6206896551724138,0.5298613573866044,-0.07072051757486089,55,0.6181818181818182,-0.07377364532614102
GC,hi5,dn200,0930,0.5,1,305,0.6196721311475409,0.5640193644964356,-0.08104338672689947,78,0.7435897435897436,0.10972606236152299
GC,hi5,dn200,0930,0.5,-1,291,0.6357388316151202,0.5790120412407604,-0.05681583852083347,219,0.5799086757990868,-0.13553039567800457
GC,hi5,dn200,0930,1.0,1,235,0.6170212765957447,0.5534595796812045,-0.08009019911215391,68,0.6764705882352942,0.011671429202389312
GC,hi5,dn200,0930,1.0,-1,231,0.6060606060606061,0.5418071337178415,-0.09671435889105143,175,0.6057142857142858,-0.09403019565294606
GC,hi5,dn200,0930,1.5,1,185,0.6810810810810811,0.6108221307810923,0.014080041295214072,50,0.7,0.048060310165532846
GC,hi5,dn200,0930,1.5,-1,183,0.6284153005464481,0.5564345406746688,-0.060728209564431666,135,0.5925925925925926,-0.11286005889670134
GC,hi5,dn200,0930,2.0,1,144,0.6736111111111112,0.5933813653547764,0.007635939534314986,39,0.7692307692307693,0.1524425052575105
GC,hi5,dn200,0930,2.0,-1,142,0.6197183098591549,0.5377128023395548,-0.07462767917583416,105,0.5714285714285714,-0.1447904144126278
GC,hi5,dn200,0930,3.0,1,81,0.7530864197530864,0.6491553720865343,0.1281846041254464,26,0.7307692307692307,0.09518726925927998
GC,hi5,dn200,0930,3.0,-1,84,0.6071428571428571,0.5002161009140969,-0.09102381539122918,69,0.5217391304347826,-0.21844470270510125
GC,hi5,dn200,1805,0.5,1,299,0.6655518394648829,0.6102724924033455,-0.011907447118709981,80,0.625,-0.07364867044821108
GC,hi5,dn200,1805,0.5,-1,290,0.6724137931034483,0.6164486944499317,-0.0009238028362963758,217,0.6221198156682027,-0.07994581152420381
GC,hi5,dn200,1805,1.0,1,239,0.6694560669456067,0.6075489607379189,-0.001433666805968954,70,0.7,0.047065271024527976
GC,hi5,dn200,1805,1.0,-1,244,0.6475409836065574,0.5857320399272787,-0.03365867817953776,182,0.6428571428571429,-0.03932682339422314
GC,hi5,dn200,1805,1.5,1,176,0.6704545454545454,0.5980175808980439,0.0008041891437056591,48,0.7291666666666666,0.0918488866056676
GC,hi5,dn200,1805,1.5,-1,182,0.6318681318681318,0.5597461730142869,-0.05698782389001032,143,0.6153846153846154,-0.0787802609669451
GC,hi5,dn200,1805,2.0,1,138,0.6811594202898551,0.5994014484303916,0.018123686779919275,38,0.7368421052631579,0.10388823088182786
GC,hi5,dn200,1805,2.0,-1,137,0.6131386861313869,0.5295580648841366,-0.08394098860580083,105,0.6,-0.10273859052743185
GC,hi5,dn200,1805,3.0,1,78,0.717948717948718,0.6096886185077566,0.07473328360716829,24,0.75,0.12406881031672012
GC,hi5,dn200,1805,3.0,-1,80,0.625,0.515485228513904,-0.06421915442759711,69,0.5362318840579711,-0.1978022756186017
GC,hi5,dn50,0930,0.5,1,223,0.6098654708520179,0.5445002469287483,-0.09564301234797379,102,0.6666666666666666,-0.01356351308579438
GC,hi5,dn50,0930,0.5,-1,200,0.63,0.5612250134987606,-0.06545338220044812,140,0.6071428571428571,-0.09447754344038702
GC,hi5,dn50,0930,1.0,1,183,0.6557377049180327,0.5843318741013126,-0.021535689866022008,83,0.6746987951807228,0.009036831099830176
GC,hi5,dn50,0930,1.0,-1,169,0.6627218934911243,0.5885283045862371,-0.01081852352973398,109,0.6238532110091743,-0.06677589628113918
GC,hi5,dn50,0930,1.5,1,147,0.7074829931972789,0.6294080755015001,0.05500176317420946,68,0.7205882352941176,0.0790668878202034
GC,hi5,dn50,0930,1.5,-1,141,0.6595744680851063,0.5780554468943208,-0.016338003613282956,88,0.5681818181818182,-0.1495036700322549
GC,hi5,dn50,0930,2.0,1,117,0.6581196581196581,0.5683696349970929,-0.015298223499157229,52,0.75,0.12366136587502616
GC,hi5,dn50,0930,2.0,-1,114,0.631578947368421,0.540089035819028,-0.05530197434207064,71,0.5352112676056338,-0.19931689092771052
GC,hi5,dn50,0930,3.0,1,81,0.7037037037037037,0.5968782993287417,0.05396393885986293,39,0.6923076923076923,0.03748714545592385
GC,hi5,dn50,0930,3.0,-1,82,0.5975609756097561,0.489362574712238,-0.10553531011715571,51,0.5098039215686274,-0.23629866175938952
GC,hi5,dn50,1805,0.5,1,226,0.6548672566371682,0.5907616277113524,-0.02778649756380258,110,0.6545454545454545,-0.03058208743567693
GC,hi5,dn50,1805,0.5,-1,200,0.675,0.6073185684304498,0.003017917535925143,136,0.6323529411764706,-0.05642770247766139
GC,hi5,dn50,1805,1.0,1,180,0.6722222222222223,0.6006732896009437,0.0030646834053135053,94,0.6702127659574468,0.002415399582274676
GC,hi5,dn50,1805,1.0,-1,173,0.6358381502890174,0.5619033686518204,-0.051326661703656296,112,0.6339285714285714,-0.05245243628728013
GC,hi5,dn50,1805,1.5,1,136,0.6838235294117647,0.6015403285245278,0.02110217324842439,65,0.7230769230769231,0.08281787157089797
GC,hi5,dn50,1805,1.5,-1,140,0.6428571428571429,0.5606434835587822,-0.041797268354715506,92,0.5978260869565217,-0.1049652636521392
GC,hi5,dn50,1805,2.0,1,108,0.6759259259259259,0.5829315590730475,0.0111643579987021,51,0.7450980392156863,0.1162919352741509
GC,hi5,dn50,1805,2.0,-1,114,0.6140350877192983,0.5223413507600964,-0.08164995959648015,70,0.5714285714285714,-0.14640240978644964
GC,hi5,dn50,1805,3.0,1,74,0.6756756756756757,0.5626508503567352,0.011902162079768484,35,0.6857142857142857,0.027664126264525583
GC,hi5,dn50,1805,3.0,-1,77,0.5974025974025974,0.48576649330491517,-0.10573717339386325,50,0.52,-0.222606999435355
