sym,T,feat,x,mode,k,hold,is_n,is_wr,is_lo,is_prof,is_exp,oos_n,oos_wr,oos_exp
NQ,575,open,0.25,fade,0.1,eod,59,0.4406779661016949,0.3215001223396273,0.4406779661016949,-0.41367581642201284,56,0.5714285714285714,-0.1586087873949437
NQ,575,open,0.25,fade,0.1,next,58,0.4482758620689655,0.32749651292941145,0.4482758620689655,-0.40235962091382105,53,0.5849056603773585,-0.1383499654655825
NQ,575,open,0.25,fade,0.2,eod,59,0.5084745762711864,0.3843492802145344,0.5084745762711864,-0.274442079009823,56,0.5535714285714286,-0.1773613591423893
NQ,575,open,0.25,fade,0.2,next,58,0.5,0.3753805824767928,0.5,-0.2874927391828497,53,0.5283018867924528,-0.21542964719493476
NQ,575,open,0.25,fade,0.3,eod,59,0.5423728813559322,0.4165761502342809,0.5423728813559322,-0.20952440417245546,56,0.625,-0.06740981214357229
NQ,575,open,0.25,fade,0.3,next,58,0.5344827586206896,0.40799953310272974,0.5344827586206896,-0.2215563905780234,53,0.6037735849056604,-0.09934540137632496
NQ,575,open,0.25,fade,0.5,eod,59,0.559322033898305,0.4328913027042265,0.5932203389830508,-0.11757949091393217,56,0.5892857142857143,-0.06157596758802642
NQ,575,open,0.25,fade,0.5,next,58,0.5862068965517241,0.4579817755925391,0.5862068965517241,-0.13430892524314528,53,0.6037735849056604,-0.07671629453456419
NQ,575,open,0.25,fade,1.0,eod,59,0.423728813559322,0.3061253228310244,0.559322033898305,-0.04580585669430611,56,0.4107142857142857,-0.09574749662229996
NQ,575,open,0.25,fade,1.0,next,58,0.5172413793103449,0.39162043429213433,0.5344827586206896,-0.06628085119642085,53,0.5471698113207547,-0.07000886901567954
NQ,575,open,0.25,follow,0.1,eod,59,0.7966101694915254,0.6773174503671768,0.7966101694915254,0.13431846776674147,56,0.7321428571428571,0.08513408925190401
NQ,575,open,0.25,follow,0.1,next,58,0.7931034482758621,0.6723053695067633,0.7931034482758621,0.12861719269286592,53,0.7358490566037735,0.09065573467017163
NQ,575,open,0.25,follow,0.2,eod,59,0.6949152542372882,0.5685343274025617,0.6949152542372882,0.00959552132116766,56,0.7678571428571429,0.1455306013480612
NQ,575,open,0.25,follow,0.2,next,58,0.6896551724137931,0.5619669315326005,0.6896551724137931,0.001442061153847659,53,0.7547169811320755,0.1257392167195035
NQ,575,open,0.25,follow,0.3,eod,59,0.711864406779661,0.5861891170174913,0.711864406779661,0.04693315008995959,56,0.6785714285714286,0.013331239986612049
NQ,575,open,0.25,follow,0.3,next,58,0.7241379310344828,0.5979510037164683,0.7241379310344828,0.06538610759666616,53,0.6981132075471698,0.042699322277935985
NQ,575,open,0.25,follow,0.5,eod,59,0.6610169491525424,0.5337223255448901,0.6779661016949152,0.023109050058508995,56,0.5535714285714286,-0.09589222113299452
NQ,575,open,0.25,follow,0.5,next,58,0.7068965517241379,0.5798685554332221,0.7068965517241379,0.047544763938708455,53,0.6037735849056604,-0.09729580544397808
NQ,575,open,0.25,follow,1.0,eod,59,0.4576271186440678,0.3370110214024243,0.576271186440678,0.04604082262530369,56,0.48214285714285715,0.0524883783349108
NQ,575,open,0.25,follow,1.0,next,58,0.5862068965517241,0.4579817755925391,0.6896551724137931,0.0797760518641182,53,0.6226415094339622,0.004231502028931152
NQ,575,prev,0.25,fade,0.1,eod,1009,0.5906838453914767,0.5600553982533697,0.5906838453914767,-0.1810856807252117,755,0.6370860927152318,-0.056480473852952115
NQ,575,prev,0.25,fade,0.1,next,986,0.5872210953346856,0.5562093772144858,0.5872210953346856,-0.18646621112000433,730,0.6356164383561644,-0.05869507412996
NQ,575,prev,0.25,fade,0.2,eod,1009,0.6333002973240832,0.6031116592436663,0.6333002973240832,-0.0814811532504584,755,0.6370860927152318,-0.05280019991170635
NQ,575,prev,0.25,fade,0.2,next,986,0.6298174442190669,0.5992286589521411,0.6298174442190669,-0.08792051654605106,730,0.6356164383561644,-0.05557566610510829
NQ,575,prev,0.25,fade,0.3,eod,1009,0.6065411298315163,0.5760482717675813,0.6105054509415263,-0.09742665688688941,755,0.6437086092715232,-0.029060864773361544
NQ,575,prev,0.25,fade,0.3,next,986,0.6156186612576064,0.5848619018332717,0.6156186612576064,-0.09882401334037103,730,0.647945205479452,-0.034185711625088946
NQ,575,prev,0.25,fade,0.5,eod,1009,0.5500495540138751,0.5192205586427375,0.5817641228939544,-0.07393272925070336,755,0.5814569536423841,-0.025502945753352095
NQ,575,prev,0.25,fade,0.5,next,978,0.623721881390593,0.5929309557426985,0.6257668711656442,-0.06717156855934989,722,0.6426592797783933,-0.02253447805800304
NQ,575,prev,0.25,fade,1.0,eod,1009,0.31615460852329036,0.2882073155013647,0.5014866204162537,-0.04129203606941951,755,0.352317880794702,-0.01661071117666721
NQ,575,prev,0.25,fade,1.0,next,868,0.5011520737327189,0.46795708280666637,0.5645161290322581,-0.03921382084262514,637,0.5227629513343799,-0.01441382182361564
NQ,575,prev,0.25,follow,0.1,eod,1009,0.6174430128840436,0.5870625198877444,0.6174430128840436,-0.1403817916959062,755,0.6516556291390728,-0.03468793401066555
NQ,575,prev,0.25,follow,0.1,next,986,0.6217038539553753,0.5910157230971494,0.6217038539553753,-0.13401645357481862,730,0.6493150684931507,-0.03821958760849872
NQ,575,prev,0.25,follow,0.2,eod,1009,0.6005946481665014,0.5700471041453388,0.6005946481665014,-0.13053933067268003,755,0.6649006622516557,-0.00678660781228534
NQ,575,prev,0.25,follow,0.2,next,986,0.6064908722109533,0.5756405113970104,0.6064908722109533,-0.12357028730621016,730,0.6643835616438356,-0.009373151912398245
NQ,575,prev,0.25,follow,0.3,eod,1009,0.6174430128840436,0.5870625198877444,0.6214073339940536,-0.07764406241595154,755,0.6516556291390728,-0.013777536689058055
NQ,575,prev,0.25,follow,0.3,next,986,0.6267748478701826,0.5961477517463838,0.6288032454361054,-0.07990253897823231,730,0.663013698630137,-0.009459875360081341
NQ,575,prev,0.25,follow,0.5,eod,1009,0.5678889990089198,0.537122349366174,0.6105054509415263,-0.03299321353683141,755,0.5788079470198676,-0.01315267961515308
NQ,575,prev,0.25,follow,0.5,next,978,0.6278118609406953,0.5970711526973151,0.6349693251533742,-0.05143506568486247,725,0.6524137931034483,-0.013301454250531046
NQ,575,prev,0.25,follow,1.0,eod,1009,0.3280475718533201,0.29977742878742386,0.5480673934588701,0.006714382577720324,755,0.31390728476821195,-0.002779118503697649
NQ,575,prev,0.25,follow,1.0,next,872,0.5321100917431193,0.4989231810939672,0.6238532110091743,0.014625868475859996,632,0.5158227848101266,-0.021786072146818134
NQ,575,prev,0.5,fade,0.1,eod,382,0.5602094240837696,0.5100784493203401,0.5602094240837696,-0.22898254199278611,319,0.670846394984326,-0.0054647812408676
NQ,575,prev,0.5,fade,0.1,next,375,0.56,0.5094019654067236,0.56,-0.2291539338438787,310,0.667741935483871,-0.010146181526195607
NQ,575,prev,0.5,fade,0.2,eod,382,0.6230366492146597,0.5734392917570443,0.6230366492146597,-0.0984248141936294,319,0.6802507836990596,0.015357829911570314
NQ,575,prev,0.5,fade,0.2,next,375,0.616,0.5658336032154495,0.616,-0.10910709101229821,310,0.6741935483870968,0.005487489928066191
NQ,575,prev,0.5,fade,0.3,eod,382,0.5942408376963351,0.5442968383107307,0.599476439790576,-0.11745047831959966,319,0.6489028213166145,-0.02518541955432205
NQ,575,prev,0.5,fade,0.3,next,375,0.6026666666666667,0.5523376966987659,0.6026666666666667,-0.11873973451753352,310,0.6451612903225806,-0.04095911783548109
NQ,575,prev,0.5,fade,0.5,eod,382,0.5340314136125655,0.4839162002329347,0.5706806282722513,-0.09686124771361525,319,0.5924764890282131,-0.027328335337276057
NQ,575,prev,0.5,fade,0.5,next,375,0.6053333333333333,0.5550338341146865,0.608,-0.09296458312845782,310,0.6419354838709678,-0.036010860469863015
NQ,575,prev,0.5,fade,1.0,eod,382,0.3507853403141361,0.30463033203176737,0.4790575916230366,-0.060787264692845684,319,0.3949843260188088,-0.004837099136510761
NQ,575,prev,0.5,fade,1.0,next,367,0.49318801089918257,0.4423733215513554,0.553133514986376,-0.06263215526278494,305,0.5475409836065573,-0.009103871461080004
NQ,575,prev,0.5,follow,0.1,eod,382,0.6335078534031413,0.5840807283440216,0.6335078534031413,-0.11495572867121677,319,0.6238244514106583,-0.07642690546240148
NQ,575,prev,0.5,follow,0.1,next,375,0.6373333333333333,0.5875074296286076,0.6373333333333333,-0.10894126626151253,310,0.6225806451612903,-0.07830294432207116
NQ,575,prev,0.5,follow,0.2,eod,382,0.6308900523560209,0.5814181189359517,0.6308900523560209,-0.08376056479918922,319,0.6300940438871473,-0.06105753212179782
NQ,575,prev,0.5,follow,0.2,next,375,0.6373333333333333,0.5875074296286076,0.6373333333333333,-0.07621030935138835,310,0.6290322580645161,-0.0626459135015822
NQ,575,prev,0.5,follow,0.3,eod,382,0.6570680628272252,0.6081130749396736,0.6596858638743456,-0.019265762968988118,319,0.6394984326018809,-0.03724039633167399
NQ,575,prev,0.5,follow,0.3,next,375,0.6746666666666666,0.6256846100895416,0.6746666666666666,-0.008960474379686167,310,0.6451612903225806,-0.036311207602992356
NQ,575,prev,0.5,follow,0.5,eod,382,0.6335078534031413,0.5840807283440216,0.662303664921466,0.022600760961510327,319,0.5956112852664577,-0.02192050914734069
NQ,575,prev,0.5,follow,0.5,next,375,0.672,0.6229468129117489,0.6773333333333333,0.015721011062858333,310,0.6451612903225806,-0.0324455914573468
NQ,575,prev,0.5,follow,1.0,eod,382,0.35602094240837695,0.3096552625958941,0.5863874345549738,0.0240837241820354,319,0.3322884012539185,-0.00022440427477374248
NQ,575,prev,0.5,follow,1.0,next,359,0.5571030640668524,0.5053836405872848,0.637883008356546,0.034373967764136835,299,0.5618729096989966,0.010811648419514503
NQ,575,prev,0.75,fade,0.1,eod,122,0.6147540983606558,0.5261504993162165,0.6147540983606558,-0.14731162035451925,125,0.664,-0.01645260175291104
NQ,575,prev,0.75,fade,0.1,next,120,0.6083333333333333,0.5189361630897077,0.6083333333333333,-0.15734976542419732,123,0.6585365853658537,-0.02470009764554701
NQ,575,prev,0.75,fade,0.2,eod,122,0.6721311475409836,0.5846880613871898,0.6721311475409836,-0.02491621932637819,125,0.624,-0.07024113785958729
NQ,575,prev,0.75,fade,0.2,next,120,0.6666666666666666,0.5783093452093498,0.6666666666666666,-0.033289632013702254,123,0.6178861788617886,-0.07943829778937096
NQ,575,prev,0.75,fade,0.3,eod,122,0.6065573770491803,0.5178891519935733,0.6065573770491803,-0.10945155368347069,125,0.632,-0.053151285484430225
NQ,575,prev,0.75,fade,0.3,next,120,0.6083333333333333,0.5189361630897077,0.6083333333333333,-0.11315387887869337,123,0.6260162601626016,-0.06686237662297852
NQ,575,prev,0.75,fade,0.5,eod,122,0.5409836065573771,0.4526571969934354,0.5737704918032787,-0.09055961137561228,125,0.6,-0.04298526976778208
NQ,575,prev,0.75,fade,0.5,next,120,0.575,0.4855758824815893,0.5833333333333334,-0.12064560551794207,123,0.6341463414634146,-0.051249446481731506
NQ,575,prev,0.75,fade,1.0,eod,122,0.4262295081967213,0.34204798405707604,0.5327868852459017,-0.007786921857607818,125,0.416,-0.030637861698120952
NQ,575,prev,0.75,fade,1.0,next,120,0.525,0.43626835924004914,0.6,-0.02155794695760105,122,0.5491803278688525,-0.03202014158158822
NQ,575,prev,0.75,follow,0.1,eod,122,0.5737704918032787,0.4850849448077339,0.5737704918032787,-0.2097080569813635,125,0.632,-0.06451300541144861
NQ,575,prev,0.75,follow,0.1,next,120,0.5833333333333334,0.49387868684398173,0.5833333333333334,-0.19503576072525852,123,0.6341463414634146,-0.0612498921533137
NQ,575,prev,0.75,follow,0.2,eod,122,0.5737704918032787,0.4850849448077339,0.5737704918032787,-0.17473591265357175,125,0.632,-0.058271185222033325
NQ,575,prev,0.75,follow,0.2,next,120,0.5833333333333334,0.49387868684398173,0.5833333333333334,-0.16023112926156718,123,0.6341463414634146,-0.05503011123550767
NQ,575,prev,0.75,follow,0.3,eod,122,0.639344262295082,0.5510835061922064,0.639344262295082,-0.05111302415488094,125,0.664,-0.008218216647765984
NQ,575,prev,0.75,follow,0.3,next,120,0.6583333333333333,0.5697466444292892,0.6583333333333333,-0.03474354851541634,123,0.6585365853658537,-0.016431891691600867
NQ,575,prev,0.75,follow,0.5,eod,122,0.6229508196721312,0.534436471496458,0.6475409836065574,-0.00903790630455847,125,0.64,0.01404539364706828
NQ,575,prev,0.75,follow,0.5,next,120,0.6666666666666666,0.5783093452093498,0.675,0.004044071057445614,123,0.6666666666666666,0.008287243080574528
NQ,575,prev,0.75,follow,1.0,eod,122,0.4016393442622951,0.3189362104743908,0.6229508196721312,0.02660717651806479,125,0.376,-0.012781385138481862
NQ,575,prev,0.75,follow,1.0,next,120,0.5833333333333334,0.49387868684398173,0.6666666666666666,0.06886613376200824,123,0.5691056910569106,-0.009718988850734649
NQ,575,prev,1.0,fade,0.1,eod,38,0.631578947368421,0.47283672824260115,0.631578947368421,-0.11710746706066981,47,0.6595744680851063,-0.023637588738334516
NQ,575,prev,1.0,fade,0.1,next,36,0.6111111111111112,0.4486417029674347,0.6111111111111112,-0.1488899421099385,47,0.6595744680851063,-0.023637588738334516
NQ,575,prev,1.0,fade,0.2,eod,38,0.7105263157894737,0.5524256173381024,0.7105263157894737,0.03524716165112281,47,0.6595744680851063,-0.017039305267668715
NQ,575,prev,1.0,fade,0.2,next,36,0.6944444444444444,0.5314342132091627,0.6944444444444444,0.010678196081014878,47,0.6595744680851063,-0.017039305267668715
NQ,575,prev,1.0,fade,0.3,eod,38,0.6578947368421053,0.49891811629074545,0.6578947368421053,-0.042864497706225795,47,0.6382978723404256,-0.04671120178421998
NQ,575,prev,1.0,fade,0.3,next,36,0.6388888888888888,0.4757478039083198,0.6388888888888888,-0.0721898787607606,47,0.6382978723404256,-0.04671120178421998
NQ,575,prev,1.0,fade,0.5,eod,38,0.5526315789473685,0.3970602917908942,0.6052631578947368,-0.06907866288864202,47,0.5957446808510638,-0.062229294937974126
NQ,575,prev,1.0,fade,0.5,next,36,0.5833333333333334,0.4219996966427768,0.5833333333333334,-0.12418425416913033,47,0.6382978723404256,-0.04509059404542437
NQ,575,prev,1.0,fade,1.0,eod,38,0.5263157894736842,0.37258710742710854,0.631578947368421,0.08651155576508568,47,0.48936170212765956,-0.047566320642880563
NQ,575,prev,1.0,fade,1.0,next,36,0.6388888888888888,0.4757478039083198,0.6666666666666666,0.050739226371176935,47,0.6170212765957447,0.0006400204712065596
NQ,575,prev,1.0,follow,0.1,eod,38,0.5263157894736842,0.37258710742710854,0.5263157894736842,-0.280259086994333,47,0.6170212765957447,-0.08759185269969115
NQ,575,prev,1.0,follow,0.1,next,36,0.5555555555555556,0.3958078731600341,0.5555555555555556,-0.23527093447470365,47,0.6170212765957447,-0.08759185269969115
NQ,575,prev,1.0,follow,0.2,eod,38,0.5526315789473685,0.3970602917908942,0.5526315789473685,-0.20490015367095205,47,0.5531914893617021,-0.17690624646394496
NQ,575,prev,1.0,follow,0.2,next,36,0.5833333333333334,0.4219996966427768,0.5833333333333334,-0.15822666686523565,47,0.5531914893617021,-0.17690624646394496
NQ,575,prev,1.0,follow,0.3,eod,38,0.5789473684210527,0.42192070613127325,0.5789473684210527,-0.1379448168864406,47,0.574468085106383,-0.14279043155724952
NQ,575,prev,1.0,follow,0.3,next,36,0.6111111111111112,0.4486417029674347,0.6111111111111112,-0.10474945419647146,47,0.574468085106383,-0.14279043155724952
NQ,575,prev,1.0,follow,0.5,eod,38,0.5789473684210527,0.42192070613127325,0.5789473684210527,-0.11908014847952722,47,0.6808510638297872,0.03337668209247017
NQ,575,prev,1.0,follow,0.5,next,36,0.5833333333333334,0.4219996966427768,0.6111111111111112,-0.10531025711982758,47,0.6808510638297872,0.046825766240296315
NQ,575,prev,1.0,follow,1.0,eod,38,0.42105263157894735,0.2785227481181953,0.5789473684210527,-0.031235365551539343,47,0.46808510638297873,-0.0205331264666309
NQ,575,prev,1.0,follow,1.0,next,36,0.5277777777777778,0.3700567162693947,0.6111111111111112,0.014146414119529438,47,0.574468085106383,-0.06483749625104877
NQ,600,open,0.25,fade,0.1,eod,578,0.5363321799307958,0.49557115284490416,0.5363321799307958,-0.2690473662070688,416,0.5889423076923077,-0.12927265898205292
NQ,600,open,0.25,fade,0.1,next,565,0.536283185840708,0.49505629131281004,0.536283185840708,-0.26925798150345137,402,0.5845771144278606,-0.13584597030997914
NQ,600,open,0.25,fade,0.2,eod,578,0.5553633217993079,0.514618120399888,0.5588235294117647,-0.19895063151872316,416,0.6033653846153846,-0.09989715173668229
NQ,600,open,0.25,fade,0.2,next,565,0.5592920353982301,0.5180901188869375,0.5592920353982301,-0.19713438076613504,402,0.5970149253731343,-0.11109842039064399
NQ,600,open,0.25,fade,0.3,eod,578,0.5605536332179931,0.519823055241669,0.5743944636678201,-0.15571759301239804,416,0.5889423076923077,-0.09658033070224335
NQ,600,open,0.25,fade,0.3,next,565,0.5858407079646017,0.5447774605808873,0.5858407079646017,-0.14349314893912163,402,0.599502487562189,-0.10539668201189092
NQ,600,open,0.25,fade,0.5,eod,578,0.5086505190311419,0.46797160884556843,0.5553633217993079,-0.1014780790619508,416,0.5,-0.08814187351835881
NQ,600,open,0.25,fade,0.5,next,563,0.5932504440497336,0.5521738413633053,0.6021314387211367,-0.10259022582429998,402,0.5970149253731343,-0.09230857618285404
NQ,600,open,0.25,fade,1.0,eod,578,0.2837370242214533,0.24850614859414805,0.4844290657439446,-0.056138286930844716,416,0.2668269230769231,-0.03957385542195605
NQ,600,open,0.25,fade,1.0,next,524,0.5114503816793893,0.4687227272263703,0.5763358778625954,-0.048058659303333355,369,0.4634146341463415,-0.06293200992661654
NQ,600,open,0.25,follow,0.1,eod,578,0.6608996539792388,0.6213558937803154,0.6608996539792388,-0.07556965819288346,416,0.7019230769230769,0.04131907578514185
NQ,600,open,0.25,follow,0.1,next,565,0.6584070796460177,0.6183497760353153,0.6584070796460177,-0.07959444025863142,402,0.7064676616915423,0.04815283460119864
NQ,600,open,0.25,follow,0.2,eod,578,0.7179930795847751,0.6799623079954202,0.7179930795847751,0.0465571302187143,416,0.7211538461538461,0.07633758783700942
NQ,600,open,0.25,follow,0.2,next,565,0.7150442477876107,0.6764685395422578,0.7150442477876107,0.04046690944521328,402,0.7238805970149254,0.0800655432747653
NQ,600,open,0.25,follow,0.3,eod,578,0.7058823529411765,0.6674743234046892,0.7093425605536332,0.05562872636987824,416,0.7067307692307693,0.08074910468095904
NQ,600,open,0.25,follow,0.3,next,565,0.7132743362831858,0.6746421553828448,0.7132743362831858,0.04864972886789031,402,0.7238805970149254,0.08195649632113834
NQ,600,open,0.25,follow,0.5,eod,578,0.5951557093425606,0.5546371849954319,0.6505190311418685,0.03222167854861221,416,0.5865384615384616,0.06101853669814394
NQ,600,open,0.25,follow,0.5,next,563,0.6927175843694494,0.6534075431567964,0.69449378330373,0.033254886641847156,400,0.705,0.06422577037404664
NQ,600,open,0.25,follow,1.0,eod,578,0.314878892733564,0.2783407360876504,0.5484429065743944,0.014993511711472032,416,0.34134615384615385,0.053376594637281644
NQ,600,open,0.25,follow,1.0,next,519,0.5433526011560693,0.5003353852655049,0.6107899807321773,0.0122787182723657,378,0.58994708994709,0.07025680403971082
NQ,600,open,0.5,fade,0.1,eod,91,0.4945054945054945,0.3941040748457469,0.4945054945054945,-0.3312160310321428,59,0.6101694915254238,-0.0987065278486027
NQ,600,open,0.5,fade,0.1,next,91,0.4945054945054945,0.3941040748457469,0.4945054945054945,-0.3312160310321428,55,0.6181818181818182,-0.08643802220719732
NQ,600,open,0.5,fade,0.2,eod,91,0.5164835164835165,0.41523851975365456,0.5274725274725275,-0.24594246158595695,59,0.6440677966101694,-0.04098635254668162
NQ,600,open,0.5,fade,0.2,next,91,0.5164835164835165,0.41523851975365456,0.5164835164835165,-0.2602894793278868,55,0.6363636363636364,-0.05256427498297687
NQ,600,open,0.5,fade,0.3,eod,91,0.5054945054945055,0.40464797119502816,0.5164835164835165,-0.24762304268313046,59,0.5932203389830508,-0.11507319282473577
NQ,600,open,0.5,fade,0.3,next,91,0.5164835164835165,0.41523851975365456,0.5164835164835165,-0.2494959822643268,55,0.5636363636363636,-0.1595421747259962
NQ,600,open,0.5,fade,0.5,eod,91,0.5604395604395604,0.45806952309152443,0.5714285714285714,-0.1069498721748873,59,0.5423728813559322,-0.11295795099814042
NQ,600,open,0.5,fade,0.5,next,91,0.5934065934065934,0.49069248026578854,0.6043956043956044,-0.10714720210097821,55,0.5818181818181818,-0.13020646439428593
NQ,600,open,0.5,fade,1.0,eod,91,0.34065934065934067,0.25151222788130057,0.4945054945054945,-0.06924507381627285,59,0.3050847457627119,-0.09086271348655228
NQ,600,open,0.5,fade,1.0,next,91,0.5714285714285714,0.4688956326088688,0.6153846153846154,-0.02085317313696469,54,0.5185185185185185,-0.1272343861913055
NQ,600,open,0.5,follow,0.1,eod,91,0.6813186813186813,0.5799071714420602,0.6813186813186813,-0.04089128879140823,59,0.6949152542372882,0.029102159383176156
NQ,600,open,0.5,follow,0.1,next,91,0.6813186813186813,0.5799071714420602,0.6813186813186813,-0.04089128879140823,55,0.6909090909090909,0.023053741981903585
NQ,600,open,0.5,follow,0.2,eod,91,0.7252747252747253,0.6258502470283998,0.7252747252747253,0.05773500997862895,59,0.6949152542372882,0.035681033993879764
NQ,600,open,0.5,follow,0.2,next,91,0.7252747252747253,0.6258502470283998,0.7252747252747253,0.05773500997862895,55,0.7090909090909091,0.0570114271833898
NQ,600,open,0.5,follow,0.3,eod,91,0.7362637362637363,0.6374922768443272,0.7362637362637363,0.09251616315726291,59,0.711864406779661,0.07607884454150297
NQ,600,open,0.5,follow,0.3,next,91,0.7472527472527473,0.6492012891565241,0.7472527472527473,0.10108884150861085,55,0.7272727272727273,0.08647911516335953
NQ,600,open,0.5,follow,0.5,eod,91,0.6703296703296703,0.5685683540449548,0.7032967032967034,0.07293365634630655,59,0.6101694915254238,0.02925745323238736
NQ,600,open,0.5,follow,0.5,next,91,0.7032967032967034,0.6027577176380822,0.7032967032967034,0.05201685436887131,55,0.6909090909090909,0.03374884762357952
NQ,600,open,0.5,follow,1.0,eod,91,0.4175824175824176,0.32161134602464436,0.6043956043956044,0.015668140646610245,59,0.4745762711864407,0.10313719730171136
NQ,600,open,0.5,follow,1.0,next,90,0.5888888888888889,0.48563048727714275,0.6333333333333333,0.021699319369720645,54,0.6666666666666666,0.10041876517568214
NQ,600,prev,0.25,fade,0.1,eod,1141,0.5731814198071867,0.5442830566401151,0.5731814198071867,-0.20866523555581745,827,0.6275695284159613,-0.07060901913971167
NQ,600,prev,0.25,fade,0.1,next,1119,0.5710455764075067,0.5418522051075705,0.5710455764075067,-0.21199257331017732,804,0.6256218905472637,-0.07357053022014656
NQ,600,prev,0.25,fade,0.2,eod,1141,0.6012269938650306,0.5725214156921318,0.6029798422436459,-0.12808848060527597,827,0.6311970979443773,-0.05686418447995067
NQ,600,prev,0.25,fade,0.2,next,1119,0.5996425379803396,0.57064020738209,0.5996425379803396,-0.1342895267617322,804,0.6293532338308457,-0.061987338599935375
NQ,600,prev,0.25,fade,0.3,eod,1141,0.588957055214724,0.5601554201861829,0.6012269938650306,-0.10534741844627121,827,0.6130592503022975,-0.05895646084124271
NQ,600,prev,0.25,fade,0.3,next,1118,0.6127012522361359,0.5838066139519339,0.6127012522361359,-0.1025424767340139,804,0.6293532338308457,-0.0605506439161066
NQ,600,prev,0.25,fade,0.5,eod,1141,0.5109553023663453,0.48196181530497095,0.5635407537248028,-0.0797827976547306,827,0.5344619105199516,-0.046409802815710485
NQ,600,prev,0.25,fade,0.5,next,1106,0.6103074141048824,0.5812310466772629,0.6166365280289331,-0.07694072400881269,792,0.6287878787878788,-0.04794091029912011
NQ,600,prev,0.25,fade,1.0,eod,1141,0.2751971954425942,0.25006941821447376,0.4925503943908852,-0.03989969137073028,827,0.282950423216445,-0.01787443691775959
NQ,600,prev,0.25,fade,1.0,next,970,0.49587628865979383,0.46448984053403247,0.5742268041237113,-0.03338230106357165,672,0.4806547619047619,-0.03726600537719473
NQ,600,prev,0.25,follow,0.1,eod,1141,0.6546888694127958,0.6266222325088815,0.6546888694127958,-0.08396137435968531,827,0.694074969770254,0.0297575991929556
NQ,600,prev,0.25,follow,0.1,next,1119,0.6532618409294012,0.6248943363851054,0.6532618409294012,-0.08620716555061986,804,0.7014925373134329,0.04093955893691601
NQ,600,prev,0.25,follow,0.2,eod,1141,0.6573181419807187,0.6292925233610428,0.6581945661700263,-0.04243504740574219,827,0.6783555018137848,0.011275530121985348
NQ,600,prev,0.25,follow,0.2,next,1119,0.6595174262734584,0.6312485798854757,0.6595174262734584,-0.04314743469438728,804,0.6853233830845771,0.019329421030842463
NQ,600,prev,0.25,follow,0.3,eod,1141,0.6441717791411042,0.6159502981828027,0.656441717791411,-0.024404585552987797,827,0.6590084643288996,0.01258538048045829
NQ,600,prev,0.25,follow,0.3,next,1119,0.6630920464700626,0.6348819765185966,0.6630920464700626,-0.02628453229218114,804,0.6803482587064676,0.016206971941123183
NQ,600,prev,0.25,follow,0.5,eod,1141,0.5451358457493427,0.5161385893942884,0.6152497808939527,-0.01631418929833092,827,0.5477629987908101,-0.0015266450019003038
NQ,600,prev,0.25,follow,0.5,next,1108,0.6489169675090253,0.6203411775908252,0.6588447653429603,-0.014836965654332157,796,0.6494974874371859,-0.009539834472947538
NQ,600,prev,0.25,follow,1.0,eod,1141,0.2900964066608238,0.2645035198261529,0.5521472392638037,0.005823439867213965,827,0.26964933494558646,0.011974908219187041
NQ,600,prev,0.25,follow,1.0,next,963,0.5129802699896158,0.48142201804860163,0.6137071651090342,0.015194458353571954,682,0.5146627565982405,0.009375191605040058
NQ,600,prev,0.5,fade,0.1,eod,512,0.515625,0.4723808358908697,0.515625,-0.29729615457008907,397,0.6120906801007556,-0.09414068830382237
NQ,600,prev,0.5,fade,0.1,next,504,0.5158730158730159,0.4722874471745344,0.5158730158730159,-0.2966652390765154,384,0.6119791666666666,-0.0943394265909484
NQ,600,prev,0.5,fade,0.2,eod,512,0.544921875,0.5016118096871544,0.546875,-0.21216889497058533,397,0.6095717884130982,-0.08696863876445042
NQ,600,prev,0.5,fade,0.2,next,504,0.5456349206349206,0.5019825942932683,0.5456349206349206,-0.2162351990942492,384,0.609375,-0.09214950208812735
NQ,600,prev,0.5,fade,0.3,eod,512,0.546875,0.503565811047742,0.5625,-0.16267177076919478,397,0.5843828715365239,-0.10168599962322018
NQ,600,prev,0.5,fade,0.3,next,504,0.5773809523809523,0.533828305698623,0.5773809523809523,-0.15515769577120725,384,0.5989583333333334,-0.10693955288109991
NQ,600,prev,0.5,fade,0.5,eod,512,0.48828125,0.44523156918003665,0.537109375,-0.11801678385105546,397,0.5188916876574308,-0.07265906762049622
NQ,600,prev,0.5,fade,0.5,next,503,0.5805168986083499,0.5369402753329879,0.5825049701789264,-0.12704108961770455,384,0.5963541666666666,-0.09783939996475494
NQ,600,prev,0.5,fade,1.0,eod,512,0.26953125,0.23291758180748345,0.462890625,-0.06063300417513645,397,0.3047858942065491,-0.02250324850481077
NQ,600,prev,0.5,fade,1.0,next,492,0.47764227642276424,0.43384884838401755,0.5528455284552846,-0.05858612111720262,371,0.4743935309973046,-0.04958232301129208
NQ,600,prev,0.5,follow,0.1,eod,512,0.693359375,0.6521016843782845,0.693359375,-0.023260795205973586,397,0.7153652392947103,0.061822246592362545
NQ,600,prev,0.5,follow,0.1,next,504,0.6924603174603174,0.6508415004782024,0.6924603174603174,-0.02451020902215359,384,0.7213541666666666,0.07086445773745383
NQ,600,prev,0.5,follow,0.2,eod,512,0.712890625,0.672230910253659,0.712890625,0.03916120583151164,397,0.7027707808564232,0.05192482723836293
NQ,600,prev,0.5,follow,0.2,next,504,0.7142857142857143,0.673340239890979,0.7142857142857143,0.04022271130649734,384,0.7083333333333334,0.056894874004045935
NQ,600,prev,0.5,follow,0.3,eod,512,0.69921875,0.6581315098953576,0.708984375,0.05077887119743436,397,0.6876574307304786,0.05864528301767097
NQ,600,prev,0.5,follow,0.3,next,504,0.7123015873015873,0.6712904124144906,0.7123015873015873,0.047693079281351594,384,0.7083333333333334,0.06091906109081632
NQ,600,prev,0.5,follow,0.5,eod,512,0.59375,0.5506626123220859,0.66015625,0.0311882556281195,397,0.5642317380352645,0.013186031498851693
NQ,600,prev,0.5,follow,0.5,next,504,0.6825396825396826,0.6406497056197087,0.6924603174603174,0.035477158352129376,384,0.6614583333333334,0.006916698295843238
NQ,600,prev,0.5,follow,1.0,eod,512,0.314453125,0.27574341719197293,0.583984375,0.02155280897042664,397,0.2947103274559194,0.029759635967104518
NQ,600,prev,0.5,follow,1.0,next,485,0.5298969072164949,0.4854163321540617,0.6185567010309279,0.015549523291281536,369,0.5447154471544715,0.030816880266669486
NQ,600,prev,0.75,fade,0.1,eod,221,0.4796380090497738,0.4146828579022791,0.4796380090497738,-0.3538102532189934,163,0.5521472392638037,-0.1850358860947412
NQ,600,prev,0.75,fade,0.1,next,218,0.481651376146789,0.41621589673099213,0.481651376146789,-0.35048293629792426,161,0.546583850931677,-0.19342986780431556
NQ,600,prev,0.75,fade,0.2,eod,221,0.5203619909502263,0.45471103774088545,0.5248868778280543,-0.24468141499937066,163,0.588957055214724,-0.11999070520696711
NQ,600,prev,0.75,fade,0.2,next,218,0.518348623853211,0.45227766332481395,0.518348623853211,-0.25799351728342734,161,0.5838509316770186,-0.13080512250246049
NQ,600,prev,0.75,fade,0.3,eod,221,0.5248868778280543,0.45918494568975055,0.5475113122171946,-0.18486143423863677,163,0.588957055214724,-0.1017429050238603
NQ,600,prev,0.75,fade,0.3,next,218,0.5458715596330275,0.4795531062909348,0.5458715596330275,-0.20116886675405743,161,0.5962732919254659,-0.10987328774996405
NQ,600,prev,0.75,fade,0.5,eod,221,0.45701357466063347,0.39262953070501455,0.5113122171945701,-0.1722416159524254,163,0.5521472392638037,-0.07125076321414334
NQ,600,prev,0.75,fade,0.5,next,218,0.536697247706422,0.4704393732510692,0.536697247706422,-0.1896448617444582,161,0.5838509316770186,-0.11817748979636647
NQ,600,prev,0.75,fade,1.0,eod,221,0.27149321266968324,0.21713464173902505,0.45248868778280543,-0.09604069521119168,163,0.3558282208588957,-0.025553419343344517
NQ,600,prev,0.75,fade,1.0,next,217,0.4608294930875576,0.39576444859411986,0.5576036866359447,-0.08647205532467707,161,0.5093167701863354,-0.05892929161847883
NQ,600,prev,0.75,follow,0.1,eod,221,0.6923076923076923,0.6286036183466077,0.6923076923076923,-0.0237544829854379,163,0.7177914110429447,0.06548799619724388
NQ,600,prev,0.75,follow,0.1,next,218,0.6880733944954128,0.6237649608184047,0.6880733944954128,-0.03024837619654809,161,0.7204968944099379,0.06957675925806885
NQ,600,prev,0.75,follow,0.2,eod,221,0.746606334841629,0.6853828944389448,0.746606334841629,0.09121745272145,163,0.7116564417177914,0.06179996341322442
NQ,600,prev,0.75,follow,0.2,next,218,0.7568807339449541,0.695808139245675,0.7568807339449541,0.10558198460961658,161,0.7142857142857143,0.06576209740110821
NQ,600,prev,0.75,follow,0.3,eod,221,0.7285067873303167,0.666339771038941,0.7420814479638009,0.09900812669058576,163,0.6748466257668712,0.0204346386990715
NQ,600,prev,0.75,follow,0.3,next,218,0.7522935779816514,0.6909505371598468,0.7522935779816514,0.10824620065315561,161,0.6770186335403726,0.011581162732062734
NQ,600,prev,0.75,follow,0.5,eod,221,0.5972850678733032,0.5314940365787371,0.6561085972850679,0.035160489171489645,163,0.5460122699386503,-0.041020467860989146
NQ,600,prev,0.75,follow,0.5,next,218,0.6926605504587156,0.6285165688884522,0.7064220183486238,0.05316886454078536,161,0.6273291925465838,-0.06133973253813367
NQ,600,prev,0.75,follow,1.0,eod,221,0.3665158371040724,0.3057709887017852,0.5882352941176471,0.043459649354838085,163,0.36809815950920244,0.02307828798420472
NQ,600,prev,0.75,follow,1.0,next,218,0.5596330275229358,0.49326507391591295,0.6467889908256881,0.0481755592649025,160,0.58125,0.045946607243722605
NQ,600,prev,1.0,fade,0.1,eod,77,0.4935064935064935,0.38482830636471144,0.4935064935064935,-0.3326399493567487,69,0.5507246376811594,-0.18808452952323157
NQ,600,prev,1.0,fade,0.1,next,75,0.49333333333333335,0.3832981847341953,0.49333333333333335,-0.33276784060257314,69,0.5507246376811594,-0.18808452952323157
NQ,600,prev,1.0,fade,0.2,eod,77,0.5714285714285714,0.46010331091803647,0.5714285714285714,-0.1774018992944393,69,0.5652173913043478,-0.15926360605579437
NQ,600,prev,1.0,fade,0.2,next,75,0.56,0.44746569425928456,0.56,-0.1948656443933061,69,0.5652173913043478,-0.15926360605579437
NQ,600,prev,1.0,fade,0.3,eod,77,0.5974025974025974,0.48576649330491517,0.6103896103896104,-0.09394163262020136,69,0.5217391304347826,-0.2127987186214096
NQ,600,prev,1.0,fade,0.3,next,75,0.6,0.48687832160076594,0.6,-0.12295697437137186,69,0.5217391304347826,-0.22231927220523662
NQ,600,prev,1.0,fade,0.5,eod,77,0.5844155844155844,0.472898399364154,0.6103896103896104,-0.04337098567046352,69,0.463768115942029,-0.1815631100005914
NQ,600,prev,1.0,fade,0.5,next,75,0.6,0.48687832160076594,0.6,-0.10149806859710203,69,0.4927536231884058,-0.2509460452067949
NQ,600,prev,1.0,fade,1.0,eod,77,0.36363636363636365,0.26505270593089814,0.5064935064935064,-0.03187840232949405,69,0.36231884057971014,-0.055408367951212956
NQ,600,prev,1.0,fade,1.0,next,75,0.5066666666666667,0.39598184412213266,0.5733333333333334,-0.05266381534937384,69,0.4927536231884058,-0.080536584170888
NQ,600,prev,1.0,follow,0.1,eod,77,0.6753246753246753,0.5645787430085915,0.6753246753246753,-0.05019565654044009,69,0.6956521739130435,0.03118766690830391
NQ,600,prev,1.0,follow,0.1,next,75,0.6666666666666666,0.5541721417516369,0.6666666666666666,-0.06366692961688286,69,0.6956521739130435,0.03118766690830391
NQ,600,prev,1.0,follow,0.2,eod,77,0.7012987012987013,0.5915034528407916,0.7012987012987013,0.02088413904853931,69,0.7391304347826086,0.10270137651368011
NQ,600,prev,1.0,follow,0.2,next,75,0.72,0.6095909606557163,0.72,0.04930832718780296,69,0.7391304347826086,0.10270137651368011
NQ,600,prev,1.0,follow,0.3,eod,77,0.6753246753246753,0.5645787430085915,0.6883116883116883,0.012175481780599833,69,0.7391304347826086,0.11886721072709858
NQ,600,prev,1.0,follow,0.3,next,75,0.6933333333333334,0.5816933204791398,0.6933333333333334,0.018104723002043705,69,0.7536231884057971,0.12645766279478948
NQ,600,prev,1.0,follow,0.5,eod,77,0.5064935064935064,0.39719817534305907,0.5714285714285714,-0.09600344446050688,69,0.5797101449275363,0.0029480916106856907
NQ,600,prev,1.0,follow,0.5,next,75,0.6,0.48687832160076594,0.6266666666666667,-0.07339969347539034,69,0.6956521739130435,0.040956938321434044
NQ,600,prev,1.0,follow,1.0,eod,77,0.37662337662337664,0.27669846411806526,0.5714285714285714,-0.00034203474438396366,69,0.42028985507246375,0.05187763040274795
NQ,600,prev,1.0,follow,1.0,next,75,0.5466666666666666,0.4344817369914825,0.6533333333333333,0.0068976135384031375,69,0.6231884057971014,0.02104749324242336
NQ,630,open,0.25,fade,0.1,eod,836,0.5741626794258373,0.5403793794769078,0.5741626794258373,-0.21097902266509855,606,0.6089108910891089,-0.09908009343284054
NQ,630,open,0.25,fade,0.1,next,818,0.5745721271393643,0.5404193730723564,0.5745721271393643,-0.21018975813583593,589,0.6078098471986417,-0.10072604156472016
NQ,630,open,0.25,fade,0.2,eod,836,0.5909090909090909,0.5572379001361906,0.5944976076555024,-0.13813075374124,606,0.5874587458745875,-0.11940318352845539
NQ,630,open,0.25,fade,0.2,next,818,0.5929095354523227,0.5588830762300318,0.5929095354523227,-0.1461959085870558,589,0.5874363327674024,-0.1266800542390296
NQ,630,open,0.25,fade,0.3,eod,836,0.5825358851674641,0.5488037205542234,0.5921052631578947,-0.11301724420210407,606,0.570957095709571,-0.11239616602291452
NQ,630,open,0.25,fade,0.3,next,818,0.6112469437652812,0.5773950288645282,0.6112469437652812,-0.10596458737385465,589,0.5942275042444821,-0.11446530165847597
NQ,630,open,0.25,fade,0.5,eod,836,0.49760765550239233,0.46380258290839477,0.5490430622009569,-0.0726805524765922,606,0.46204620462046203,-0.0970094858961772
NQ,630,open,0.25,fade,0.5,next,809,0.6056860321384425,0.571586028471281,0.61557478368356,-0.08038004526042736,586,0.5802047781569966,-0.10836875769090382
NQ,630,open,0.25,fade,1.0,eod,836,0.2811004784688995,0.25168187612686166,0.48325358851674644,-0.022915206744042974,606,0.23267326732673269,-0.030130588762035716
NQ,630,open,0.25,fade,1.0,next,728,0.5068681318681318,0.47060971736012946,0.5686813186813187,-0.040911496278955455,515,0.4349514563106796,-0.0785089257839431
NQ,630,open,0.25,follow,0.1,eod,836,0.65311004784689,0.620210188925452,0.65311004784689,-0.0881275766482121,606,0.6996699669966997,0.0379487609959476
NQ,630,open,0.25,follow,0.1,next,818,0.6503667481662592,0.6170540536153638,0.6503667481662592,-0.09220130896795008,589,0.6960950764006791,0.032555715997065984
NQ,630,open,0.25,follow,0.2,eod,836,0.6543062200956937,0.6214268996565068,0.6566985645933014,-0.04473013931804377,606,0.6749174917491749,0.008103775065705254
NQ,630,open,0.25,follow,0.2,next,818,0.6589242053789731,0.6257608688167917,0.6589242053789731,-0.044902730478924076,589,0.6757215619694398,0.007700372055971286
NQ,630,open,0.25,follow,0.3,eod,836,0.6375598086124402,0.6044130684700659,0.6471291866028708,-0.03584540642429995,606,0.665016501650165,0.03191176806872356
NQ,630,open,0.25,follow,0.3,next,818,0.6638141809290954,0.6307414245488825,0.6638141809290954,-0.024651781266358037,589,0.6859083191850595,0.021708977570865325
NQ,630,open,0.25,follow,0.5,eod,836,0.5167464114832536,0.4828722947676647,0.5789473684210527,-0.054754676866755565,606,0.5726072607260726,0.04279998624677428
NQ,630,open,0.25,follow,0.5,next,806,0.6141439205955335,0.5800703890313125,0.6166253101736973,-0.07613590672877917,584,0.690068493150685,0.04281766573347147
NQ,630,open,0.25,follow,1.0,eod,836,0.2583732057416268,0.22985223344224087,0.5155502392344498,-0.022193066308453347,606,0.2623762376237624,0.04704428473650722
NQ,630,open,0.25,follow,1.0,next,720,0.49444444444444446,0.45805076767863906,0.5736111111111111,-0.030181858912905153,519,0.5664739884393064,0.062015688008218384
NQ,630,open,0.5,fade,0.1,eod,238,0.542016806722689,0.4785513166223543,0.542016806722689,-0.26193236007273124,156,0.5384615384615384,-0.2064665759681874
NQ,630,open,0.5,fade,0.1,next,237,0.540084388185654,0.47649691498297053,0.540084388185654,-0.26485533910845593,151,0.543046357615894,-0.19958799656341814
NQ,630,open,0.5,fade,0.2,eod,238,0.5630252100840336,0.49950127677590717,0.5630252100840336,-0.18679221898337325,156,0.5448717948717948,-0.1898935812168518
NQ,630,open,0.5,fade,0.2,next,237,0.5611814345991561,0.4975243742452271,0.5611814345991561,-0.19526155123751407,151,0.5496688741721855,-0.18270843668356998
NQ,630,open,0.5,fade,0.3,eod,238,0.5840336134453782,0.520563393892939,0.592436974789916,-0.1252580905841874,156,0.5641025641025641,-0.15361614069919272
NQ,630,open,0.5,fade,0.3,next,237,0.6033755274261603,0.5399209115279603,0.6033755274261603,-0.11673720948930236,151,0.5761589403973509,-0.14033908775479995
NQ,630,open,0.5,fade,0.5,eod,238,0.4957983193277311,0.4328498386012444,0.5294117647058824,-0.1430787188444763,156,0.4358974358974359,-0.2055149579215329
NQ,630,open,0.5,fade,0.5,next,237,0.569620253164557,0.505966945688367,0.569620253164557,-0.15514826703498577,151,0.5364238410596026,-0.20235811643490254
NQ,630,open,0.5,fade,1.0,eod,238,0.3319327731092437,0.27519178690905527,0.4579831932773109,-0.07518776591844045,156,0.26282051282051283,-0.04365362185974626
NQ,630,open,0.5,fade,1.0,next,230,0.5173913043478261,0.45305743894292294,0.5521739130434783,-0.087863076725157,149,0.5100671140939598,-0.040201515206090215
NQ,630,open,0.5,follow,0.1,eod,238,0.6680672268907563,0.6059868196908431,0.6680672268907563,-0.06640695968965847,156,0.6858974358974359,0.016286384234548305
NQ,630,open,0.5,follow,0.1,next,237,0.6708860759493671,0.6087522473450615,0.6708860759493671,-0.061883897674796066,151,0.6821192052980133,0.010565973891005298
NQ,630,open,0.5,follow,0.2,eod,238,0.6974789915966386,0.6363631133270679,0.7016806722689075,0.01795594256746115,156,0.717948717948718,0.070807186427479
NQ,630,open,0.5,follow,0.2,next,237,0.70042194092827,0.6392838960565901,0.70042194092827,0.017516893311713824,151,0.7086092715231788,0.0567439129431399
NQ,630,open,0.5,follow,0.3,eod,238,0.6890756302521008,0.6276569632254247,0.6974789915966386,0.020928409126193807,156,0.7115384615384616,0.09330245329023343
NQ,630,open,0.5,follow,0.3,next,237,0.6962025316455697,0.6349055520685414,0.6962025316455697,0.022086085605406258,151,0.7218543046357616,0.07878077487123042
NQ,630,open,0.5,follow,0.5,eod,238,0.5672268907563025,0.5037046695511521,0.6092436974789915,-0.057173547791043576,156,0.6217948717948718,0.05832653961941667
NQ,630,open,0.5,follow,0.5,next,237,0.6118143459915611,0.5484561475646409,0.6118143459915611,-0.08840692785153302,151,0.7152317880794702,0.07527240037593202
NQ,630,open,0.5,follow,1.0,eod,238,0.3697478991596639,0.3109401615809454,0.5588235294117647,0.005107796883371966,156,0.3717948717948718,0.06325828756961467
NQ,630,open,0.5,follow,1.0,next,232,0.5431034482758621,0.4788210414177294,0.5862068965517241,-0.022462669321878435,149,0.6174496644295302,0.0981554908180616
NQ,630,open,0.75,fade,0.1,eod,58,0.5862068965517241,0.4579817755925391,0.5862068965517241,-0.19714202643496564,30,0.36666666666666664,-0.4659982976406013
NQ,630,open,0.75,fade,0.1,next,58,0.5862068965517241,0.4579817755925391,0.5862068965517241,-0.19714202643496564,29,0.3448275862068966,-0.4989649088179452
NQ,630,open,0.75,fade,0.2,eod,58,0.6379310344827587,0.5092728615828533,0.6379310344827587,-0.07887970681219153,30,0.5666666666666667,-0.15741586393330337
NQ,630,open,0.75,fade,0.2,next,58,0.6379310344827587,0.5092728615828533,0.6379310344827587,-0.07887970681219153,29,0.5517241379310345,-0.1799135390086299
NQ,630,open,0.75,fade,0.3,eod,58,0.6379310344827587,0.5092728615828533,0.6379310344827587,-0.06630531219497017,30,0.5,-0.25533560624227214
NQ,630,open,0.75,fade,0.3,next,58,0.6379310344827587,0.5092728615828533,0.6379310344827587,-0.06630531219497017,29,0.5172413793103449,-0.22942840706677192
NQ,630,open,0.75,fade,0.5,eod,58,0.6379310344827587,0.5092728615828533,0.6551724137931034,-0.019923507436374475,30,0.4,-0.3682068544247846
NQ,630,open,0.75,fade,0.5,next,58,0.6724137931034483,0.5442381364257336,0.6724137931034483,-0.005189834598803048,29,0.4482758620689655,-0.3308602991641045
NQ,630,open,0.75,fade,1.0,eod,58,0.5,0.3753805824767928,0.5862068965517241,0.022768035046354825,30,0.3,-0.0359148596465672
NQ,630,open,0.75,fade,1.0,next,58,0.7241379310344828,0.5979510037164683,0.7241379310344828,0.0975857562172996,29,0.4827586206896552,-0.009949308112830613
NQ,630,open,0.75,follow,0.1,eod,58,0.6206896551724138,0.4920257173616557,0.6206896551724138,-0.13758339771902917,30,0.6666666666666666,-0.014159837710350693
NQ,630,open,0.75,follow,0.1,next,58,0.6206896551724138,0.4920257173616557,0.6206896551724138,-0.13758339771902917,29,0.6896551724137931,0.020522000540854318
NQ,630,open,0.75,follow,0.2,eod,58,0.6551724137931034,0.5266753715786767,0.6551724137931034,-0.051167509492612305,30,0.8333333333333334,0.24417783640872812
NQ,630,open,0.75,follow,0.2,next,58,0.6551724137931034,0.5266753715786767,0.6551724137931034,-0.051167509492612305,29,0.8275862068965517,0.23552821996588544
NQ,630,open,0.75,follow,0.3,eod,58,0.6206896551724138,0.4920257173616557,0.6206896551724138,-0.09248810315560306,30,0.8333333333333334,0.2459796439564587
NQ,630,open,0.75,follow,0.3,next,58,0.6206896551724138,0.4920257173616557,0.6206896551724138,-0.09248810315560306,29,0.8275862068965517,0.23733487965033245
NQ,630,open,0.75,follow,0.5,eod,58,0.5172413793103449,0.39162043429213433,0.5172413793103449,-0.18818113613491916,30,0.6333333333333333,0.08682869833606092
NQ,630,open,0.75,follow,0.5,next,58,0.5344827586206896,0.40799953310272974,0.5344827586206896,-0.21313305033833,29,0.7931034482758621,0.18716273981164722
NQ,630,open,0.75,follow,1.0,eod,58,0.41379310344827586,0.29627832678138283,0.5,-0.08125609665732947,30,0.5666666666666667,0.11535638054334883
NQ,630,open,0.75,follow,1.0,next,58,0.5172413793103449,0.39162043429213433,0.5344827586206896,-0.13122647540811963,28,0.7142857142857143,0.18264569857923493
NQ,630,prev,0.25,fade,0.1,eod,1193,0.5834031852472757,0.5552036067185775,0.5834031852472757,-0.1947921086593247,867,0.6320645905420992,-0.06386117431287121
NQ,630,prev,0.25,fade,0.1,next,1164,0.584192439862543,0.555646577477269,0.584192439862543,-0.19351079731027795,840,0.6321428571428571,-0.06372587521807208
NQ,630,prev,0.25,fade,0.2,eod,1193,0.5984911986588433,0.5704008168415654,0.6018440905280805,-0.1240183330976213,867,0.6170703575547867,-0.0717806597525083
NQ,630,prev,0.25,fade,0.2,next,1164,0.6065292096219931,0.5781580061313363,0.6065292096219931,-0.12407411031860908,840,0.6166666666666667,-0.08219160362314387
NQ,630,prev,0.25,fade,0.3,eod,1193,0.575859178541492,0.5476150871427667,0.5884325230511316,-0.10581394904724528,867,0.5916955017301038,-0.06953037456225354
NQ,630,prev,0.25,fade,0.3,next,1164,0.6151202749140894,0.5868324375750259,0.615979381443299,-0.09872614153341554,840,0.6202380952380953,-0.075330766418554
NQ,630,prev,0.25,fade,0.5,eod,1193,0.4886839899413244,0.4604000775817465,0.5515507124895223,-0.06322124743578077,867,0.4798154555940023,-0.06761283216476285
NQ,630,prev,0.25,fade,0.5,next,1143,0.6106736657917761,0.582079931144014,0.6176727909011374,-0.06868532580819564,829,0.594692400482509,-0.08234133772107642
NQ,630,prev,0.25,fade,1.0,eod,1193,0.2539815590947192,0.23009741894735466,0.48197820620285,-0.024580520000706825,867,0.25144175317185696,-0.017241559285167223
NQ,630,prev,0.25,fade,1.0,next,994,0.48490945674044267,0.4539578124700581,0.562374245472837,-0.02623127072326793,698,0.46275071633237824,-0.04692465426910329
NQ,630,prev,0.25,follow,0.1,eod,1193,0.6412405699916177,0.613609667380015,0.6412405699916177,-0.10471674616111279,867,0.6678200692041523,-0.009883202298015757
NQ,630,prev,0.25,follow,0.1,next,1164,0.6400343642611683,0.6120404996815032,0.6400343642611683,-0.10651670543079733,840,0.6654761904761904,-0.01337771333459903
NQ,630,prev,0.25,follow,0.2,eod,1193,0.6387259010896899,0.6110616609893661,0.6420787929589271,-0.06783535342527795,867,0.6724336793540946,0.009669688777286294
NQ,630,prev,0.25,follow,0.2,next,1164,0.6417525773195877,0.6137819033792918,0.6417525773195877,-0.07050537799963698,840,0.6714285714285714,0.0014062966568832778
NQ,630,prev,0.25,follow,0.3,eod,1193,0.6169321039396479,0.5890122948318572,0.633696563285834,-0.047577313688939686,867,0.6424452133794695,0.0046289813285465935
NQ,630,prev,0.25,follow,0.3,next,1164,0.6537800687285223,0.6259825112981958,0.6537800687285223,-0.03910238123446724,840,0.669047619047619,-0.00333469971681588
NQ,630,prev,0.25,follow,0.5,eod,1193,0.49706621961441744,0.46874865578181574,0.5775356244761106,-0.045159701002303515,867,0.5305651672433679,0.007757924658979385
NQ,630,prev,0.25,follow,0.5,next,1146,0.6178010471204188,0.5893176684901276,0.6265270506108203,-0.058219191137842366,832,0.6682692307692307,0.016259149801518404
NQ,630,prev,0.25,follow,1.0,eod,1193,0.22296730930427494,0.2002579090386593,0.5171835708298408,-0.017361902943489705,867,0.2295271049596309,0.026521036729133723
NQ,630,prev,0.25,follow,1.0,next,992,0.46975806451612906,0.438876405931487,0.5695564516129032,-0.0296350204727911,711,0.5457102672292545,0.05219407573739029
NQ,630,prev,0.5,fade,0.1,eod,608,0.5608552631578947,0.5211465763725991,0.5608552631578947,-0.22845141696404786,452,0.6039823008849557,-0.10657072356226015
NQ,630,prev,0.5,fade,0.1,next,599,0.5592654424040067,0.5192534254188303,0.5592654424040067,-0.23073136447713685,440,0.6,-0.11257618489627878
NQ,630,prev,0.5,fade,0.2,eod,608,0.5674342105263158,0.5277512260861047,0.5707236842105263,-0.17128800924948795,452,0.5995575221238938,-0.09559076368109859
NQ,630,prev,0.5,fade,0.2,next,599,0.5742904841402338,0.5343433369197967,0.5742904841402338,-0.1727437439488596,440,0.6045454545454545,-0.10149443280386412
NQ,630,prev,0.5,fade,0.3,eod,608,0.5476973684210527,0.5079581547463747,0.5592105263157895,-0.15796162164553473,452,0.5641592920353983,-0.10977319411866628
NQ,630,prev,0.5,fade,0.3,next,599,0.5809682804674458,0.5410618209456391,0.5809682804674458,-0.15136621573672757,440,0.6022727272727273,-0.10281049756029909
NQ,630,prev,0.5,fade,0.5,eod,608,0.4786184210526316,0.43916940556520045,0.5361842105263158,-0.09568990843030561,452,0.45353982300884954,-0.12098257778649887
NQ,630,prev,0.5,fade,0.5,next,599,0.5843071786310517,0.5444238199934577,0.5926544240400667,-0.10963691731558062,440,0.575,-0.11770026829224632
NQ,630,prev,0.5,fade,1.0,eod,608,0.27631578947368424,0.24225893036114077,0.4621710526315789,-0.044695330263256436,452,0.24778761061946902,-0.04101467482141871
NQ,630,prev,0.5,fade,1.0,next,573,0.47294938917975565,0.43238536383131837,0.5514834205933682,-0.04488303381233303,421,0.4418052256532066,-0.07088067636639471
NQ,630,prev,0.5,follow,0.1,eod,608,0.6578947368421053,0.619298352524574,0.6578947368421053,-0.07839417531651464,452,0.6858407079646017,0.017134712659790385
NQ,630,prev,0.5,follow,0.1,next,599,0.659432387312187,0.6205723367062613,0.659432387312187,-0.0758232413532203,440,0.6840909090909091,0.01451979627177191
NQ,630,prev,0.5,follow,0.2,eod,608,0.6743421052631579,0.6360985393299603,0.6776315789473685,-0.012851478064349317,452,0.7013274336283186,0.052001083762539244
NQ,630,prev,0.5,follow,0.2,next,599,0.6811352253756261,0.6427603455688854,0.6811352253756261,-0.009774770931697067,440,0.6977272727272728,0.04091572580106723
NQ,630,prev,0.5,follow,0.3,eod,608,0.65625,0.6176211034070423,0.6677631578947368,-0.0019102222507030718,452,0.6946902654867256,0.07362104909084097
NQ,630,prev,0.5,follow,0.3,next,599,0.6844741235392321,0.6461819459049551,0.6844741235392321,0.008106148369803421,440,0.7090909090909091,0.05441145827012218
NQ,630,prev,0.5,follow,0.5,eod,608,0.5476973684210527,0.5079581547463747,0.6085526315789473,-0.0189995304399495,452,0.5685840707964602,0.050043280320748784
NQ,630,prev,0.5,follow,0.5,next,598,0.6321070234113713,0.5927270299612952,0.6421404682274248,-0.031192620073986387,440,0.6863636363636364,0.04293951453068648
NQ,630,prev,0.5,follow,1.0,eod,608,0.26151315789473684,0.22815629551406374,0.5460526315789473,0.001906461706579516,452,0.2743362831858407,0.055750074361272016
NQ,630,prev,0.5,follow,1.0,next,565,0.49911504424778763,0.4580316277058009,0.5964601769911504,-0.006046295078516578,416,0.5625,0.06825308542814243
NQ,630,prev,0.75,fade,0.1,eod,284,0.5387323943661971,0.48062377470037493,0.5387323943661971,-0.26524440844659425,211,0.6066350710900474,-0.10292170112294888
NQ,630,prev,0.75,fade,0.1,next,282,0.5390070921985816,0.4806924672795895,0.5390070921985816,-0.2648004395161564,207,0.6038647342995169,-0.1071553446707914
NQ,630,prev,0.75,fade,0.2,eod,284,0.573943661971831,0.5158204775992812,0.5774647887323944,-0.15843500358133436,211,0.5734597156398105,-0.13052400705084474
NQ,630,prev,0.75,fade,0.2,next,282,0.5815602836879432,0.5232653429253383,0.5815602836879432,-0.16314249027199015,207,0.5845410628019324,-0.1326193909128564
NQ,630,prev,0.75,fade,0.3,eod,284,0.545774647887324,0.48764011682266617,0.5528169014084507,-0.15870822511718682,211,0.5687203791469194,-0.10476697514184188
NQ,630,prev,0.75,fade,0.3,next,282,0.574468085106383,0.5161403481439144,0.574468085106383,-0.162225708563186,207,0.6038647342995169,-0.09901546484596449
NQ,630,prev,0.75,fade,0.5,eod,284,0.4507042253521127,0.3938768541995886,0.49295774647887325,-0.13749965445206883,211,0.4928909952606635,-0.096119643787935
NQ,630,prev,0.75,fade,0.5,next,282,0.5567375886524822,0.4983797443110569,0.5638297872340425,-0.1538627930577642,207,0.5748792270531401,-0.119287642228773
NQ,630,prev,0.75,fade,1.0,eod,284,0.27816901408450706,0.22927821718241043,0.43661971830985913,-0.0608067824946527,211,0.2890995260663507,-0.010898150508501058
NQ,630,prev,0.75,fade,1.0,next,281,0.4555160142348754,0.39827678315419285,0.5480427046263345,-0.07354912668302178,206,0.47572815533980584,-0.0479462752821573
NQ,630,prev,0.75,follow,0.1,eod,284,0.6690140845070423,0.6123488228454134,0.6690140845070423,-0.062328301493721455,211,0.6872037914691943,0.019201085089619135
NQ,630,prev,0.75,follow,0.1,next,282,0.6702127659574468,0.6133746610103166,0.6702127659574468,-0.06059144745549843,207,0.6859903381642513,0.017343867834039278
NQ,630,prev,0.75,follow,0.2,eod,284,0.6971830985915493,0.6414048030133758,0.704225352112676,0.024726336238949136,211,0.6919431279620853,0.03554142014129594
NQ,630,prev,0.75,follow,0.2,next,282,0.7021276595744681,0.6463244299972433,0.7021276595744681,0.021548811579101053,207,0.6859903381642513,0.023206612844172463
NQ,630,prev,0.75,follow,0.3,eod,284,0.6795774647887324,0.623218654085039,0.7007042253521126,0.04950963826793094,211,0.6777251184834123,0.04821496421957036
NQ,630,prev,0.75,follow,0.3,next,282,0.7163120567375887,0.6610646473144407,0.7163120567375887,0.058414976630560764,207,0.6908212560386473,0.02076719998557642
NQ,630,prev,0.75,follow,0.5,eod,284,0.5528169014084507,0.49466790693230195,0.6232394366197183,-0.0017712871032076662,211,0.5545023696682464,0.006544574935832719
NQ,630,prev,0.75,follow,0.5,next,282,0.6524822695035462,0.5951914954948034,0.6595744680851063,-0.004250624185516893,207,0.6763285024154589,0.022982322209560153
NQ,630,prev,0.75,follow,1.0,eod,284,0.30633802816901406,0.2556058211937648,0.5774647887323944,0.028622928665763176,211,0.2890995260663507,0.029940437830310907
NQ,630,prev,0.75,follow,1.0,next,279,0.5268817204301075,0.46832847757630924,0.6308243727598566,0.027669744129394633,203,0.5812807881773399,0.08359938106428508
NQ,630,prev,1.0,fade,0.1,eod,109,0.4954128440366973,0.40331743223547967,0.4954128440366973,-0.33076192761885737,82,0.6097560975609756,-0.09875755537075903
NQ,630,prev,1.0,fade,0.1,next,108,0.49074074074074076,0.39840728023407807,0.49074074074074076,-0.3382282083429341,81,0.6049382716049383,-0.1060265798383286
NQ,630,prev,1.0,fade,0.2,eod,109,0.6330275229357798,0.5394532218030395,0.6330275229357798,-0.07748651740124812,82,0.573170731707317,-0.14700931300926656
NQ,630,prev,1.0,fade,0.2,next,108,0.6296296296296297,0.5355679840159537,0.6296296296296297,-0.08990841579280619,81,0.5679012345679012,-0.1549355602470497
NQ,630,prev,1.0,fade,0.3,eod,109,0.5779816513761468,0.4841617801567371,0.5871559633027523,-0.1185391461981554,82,0.5975609756097561,-0.09197631879259392
NQ,630,prev,1.0,fade,0.3,next,108,0.6018518518518519,0.5075620937035107,0.6018518518518519,-0.115820112728529,81,0.6049382716049383,-0.09696545253189337
NQ,630,prev,1.0,fade,0.5,eod,109,0.47706422018348627,0.3856835270334659,0.5412844036697247,-0.10385825225952001,82,0.5,-0.13848277345517263
NQ,630,prev,1.0,fade,0.5,next,108,0.5740740740740741,0.4798501364705287,0.5833333333333334,-0.12538341845199666,81,0.5679012345679012,-0.13156510145845365
NQ,630,prev,1.0,fade,1.0,eod,109,0.3302752293577982,0.24908361228527495,0.45871559633027525,-0.05649181185489208,82,0.2926829268292683,-0.03153936403273265
NQ,630,prev,1.0,fade,1.0,next,108,0.5092592592592593,0.4162897139617787,0.5740740740740741,-0.035882517245062584,81,0.49382716049382713,-0.08273818811835434
NQ,630,prev,1.0,follow,0.1,eod,109,0.6605504587155964,0.5675439020618452,0.6605504587155964,-0.07530363445243791,82,0.6951219512195121,0.03117923727010823
NQ,630,prev,1.0,follow,0.1,next,108,0.6666666666666666,0.5733874039358369,0.6666666666666666,-0.06628971237480083,81,0.7037037037037037,0.044155933372150256
NQ,630,prev,1.0,follow,0.2,eod,109,0.7155963302752294,0.6246952697236742,0.7247706422018348,0.05797065650931124,82,0.7195121951219512,0.07359929480179678
NQ,630,prev,1.0,follow,0.2,next,108,0.7222222222222222,0.6312274537719466,0.7222222222222222,0.05194283616354497,81,0.7160493827160493,0.06839661062340952
NQ,630,prev,1.0,follow,0.3,eod,109,0.6330275229357798,0.5394532218030395,0.6605504587155964,0.0048644895051128696,82,0.7195121951219512,0.10091756937332697
NQ,630,prev,1.0,follow,0.3,next,108,0.6944444444444444,0.6021321544819462,0.6944444444444444,0.026978585607702596,81,0.7407407407407407,0.10736071385098782
NQ,630,prev,1.0,follow,0.5,eod,109,0.5321100917431193,0.4389455497458302,0.5963302752293578,-0.04808655468916928,82,0.5853658536585366,0.03185268386489296
NQ,630,prev,1.0,follow,0.5,next,108,0.6296296296296297,0.5355679840159537,0.6388888888888888,-0.03914572255336502,81,0.7283950617283951,0.09027541523405305
NQ,630,prev,1.0,follow,1.0,eod,109,0.3302752293577982,0.24908361228527495,0.5871559633027523,0.0010086882344208035,82,0.36585365853658536,0.05443247499631678
NQ,630,prev,1.0,follow,1.0,next,108,0.5185185185185185,0.4252769806921216,0.6111111111111112,-0.016172329624018385,81,0.6172839506172839,0.0784457415163291
NQ,690,open,0.25,fade,0.1,eod,1055,0.576303317535545,0.5462610304766401,0.576303317535545,-0.20660893269455716,747,0.6238286479250335,-0.07781865478298089
NQ,690,open,0.25,fade,0.1,next,1033,0.5779283639883833,0.5475754088550439,0.5779283639883833,-0.20397927832946963,726,0.6225895316804407,-0.07971074967185744
NQ,690,open,0.25,fade,0.2,eod,1055,0.5838862559241706,0.5538903105816079,0.5876777251184834,-0.13691641998656742,747,0.5890227576974565,-0.08908248732208086
NQ,690,open,0.25,fade,0.2,next,1033,0.5963213939980639,0.5660976973095908,0.5963213939980639,-0.14302510717205816,726,0.6046831955922864,-0.0999576726544384
NQ,690,open,0.25,fade,0.3,eod,1055,0.5251184834123223,0.49494831886563356,0.5535545023696683,-0.13319094188733957,747,0.5475234270414994,-0.07834555137292055
NQ,690,open,0.25,fade,0.3,next,1033,0.5750242013552759,0.5446547487725888,0.5759922555663117,-0.16182524055527095,726,0.6060606060606061,-0.0971036467575287
NQ,690,open,0.25,fade,0.5,eod,1055,0.4075829383886256,0.378318340095192,0.4976303317535545,-0.09404535137193903,747,0.38821954484605087,-0.07666328484714105
NQ,690,open,0.25,fade,0.5,next,1015,0.5635467980295567,0.5328527935782758,0.5753694581280788,-0.13351440916136778,717,0.5871687587168759,-0.08329516164494824
NQ,690,open,0.25,fade,1.0,eod,1055,0.18104265402843603,0.15897776372760067,0.45308056872037916,-0.039636162680135964,747,0.15930388219544847,-0.03144416726090993
NQ,690,open,0.25,fade,1.0,next,887,0.4689966178128523,0.43635906958787646,0.5535512965050733,-0.04456375135601295,631,0.44849445324881143,-0.06659371735841337
NQ,690,open,0.25,follow,0.1,eod,1055,0.6341232227488152,0.6046193815323406,0.6341232227488152,-0.11658055913023409,747,0.7095046854082999,0.0527355644031439
NQ,690,open,0.25,follow,0.1,next,1033,0.6350435624394967,0.6052352631455262,0.6350435624394967,-0.11494133120929273,726,0.7107438016528925,0.05462990319738331
NQ,690,open,0.25,follow,0.2,eod,1055,0.6549763033175355,0.6257747876151699,0.6635071090047393,-0.028634751636775983,747,0.7014725568942436,0.05830830302139563
NQ,690,open,0.25,follow,0.2,next,1033,0.6718296224588577,0.6426047746811896,0.6718296224588577,-0.02631939827474666,726,0.7107438016528925,0.06038629047688739
NQ,690,open,0.25,follow,0.3,eod,1055,0.6066350710900474,0.5768216136839962,0.64739336492891,-0.016621558698506914,747,0.6372155287817939,0.042145914546802526
NQ,690,open,0.25,follow,0.3,next,1033,0.6737657308809293,0.6445769407885266,0.6747337850919651,-0.011008174823564677,726,0.696969696969697,0.036450919661313724
NQ,690,open,0.25,follow,0.5,eod,1055,0.47488151658767774,0.44489361757698004,0.595260663507109,-0.0009685554166683071,747,0.47925033467202144,0.041611186194761556
NQ,690,open,0.25,follow,0.5,next,1020,0.6617647058823529,0.6321712148468622,0.6686274509803921,0.0017848381406006847,718,0.6810584958217271,0.041015765346389614
NQ,690,open,0.25,follow,1.0,eod,1055,0.1981042654028436,0.17516713250378282,0.5364928909952607,0.008329586277618114,747,0.17938420348058903,0.0267188270623761
NQ,690,open,0.25,follow,1.0,next,899,0.5027808676307007,0.4701543186246302,0.5995550611790879,0.013498285037548751,633,0.5165876777251185,0.04220606910602831
NQ,690,open,0.5,fade,0.1,eod,389,0.5784061696658098,0.5288006961189443,0.5784061696658098,-0.20485280951067278,276,0.6268115942028986,-0.07309223308477153
NQ,690,open,0.5,fade,0.1,next,384,0.5833333333333334,0.5334348552671013,0.5833333333333334,-0.19704351735833536,267,0.6254681647940075,-0.07510736889270885
NQ,690,open,0.5,fade,0.2,eod,389,0.5912596401028277,0.5417451487765947,0.5938303341902313,-0.12681090529019168,276,0.572463768115942,-0.11777193086443774
NQ,690,open,0.5,fade,0.2,next,384,0.609375,0.5597226194702362,0.609375,-0.12467008369866611,267,0.5842696629213483,-0.13032910521527932
NQ,690,open,0.5,fade,0.3,eod,389,0.519280205655527,0.46968365188983385,0.5372750642673522,-0.16180480936623587,276,0.5471014492753623,-0.10382938065019591
NQ,690,open,0.5,fade,0.3,next,384,0.5520833333333334,0.5020733477199837,0.5520833333333334,-0.195145872379587,267,0.5842696629213483,-0.1321506084451284
NQ,690,open,0.5,fade,0.5,eod,389,0.4190231362467866,0.37101690568811235,0.480719794344473,-0.13166563123849112,276,0.43478260869565216,-0.045634974270663944
NQ,690,open,0.5,fade,0.5,next,384,0.5442708333333334,0.4942637090486519,0.5546875,-0.17321073643162666,267,0.6179775280898876,-0.05176066964342569
NQ,690,open,0.5,fade,1.0,eod,389,0.2185089974293059,0.18030479754731488,0.4473007712082262,-0.055595096300848704,276,0.18840579710144928,-0.016907515235924472
NQ,690,open,0.5,fade,1.0,next,374,0.4893048128342246,0.4390086456496268,0.5721925133689839,-0.048416444883226425,261,0.5172413793103449,-0.010810602515338056
NQ,690,open,0.5,follow,0.1,eod,389,0.6503856041131105,0.6017370885413456,0.6503856041131105,-0.09227609858057344,276,0.7065217391304348,0.047387195627512625
NQ,690,open,0.5,follow,0.1,next,384,0.6484375,0.5994258120459385,0.6484375,-0.09534200226458149,267,0.7078651685393258,0.049399940724006344
NQ,690,open,0.5,follow,0.2,eod,389,0.6760925449871465,0.6280619669627563,0.6863753213367609,0.003940241987988899,276,0.7101449275362319,0.06865040306781887
NQ,690,open,0.5,follow,0.2,next,384,0.6953125,0.6475285675749675,0.6953125,0.009693626357551091,267,0.7153558052434457,0.06691026382039367
NQ,690,open,0.5,follow,0.3,eod,389,0.6452442159383034,0.5964902485957722,0.6709511568123393,0.006268686223646661,276,0.6413043478260869,0.01697814426958668
NQ,690,open,0.5,follow,0.3,next,384,0.6848958333333334,0.6367934506830428,0.6848958333333334,0.0045803913151068005,267,0.6816479400749064,0.013228839391229276
NQ,690,open,0.5,follow,0.5,eod,389,0.519280205655527,0.46968365188983385,0.6246786632390745,0.007857108877578064,276,0.5289855072463768,0.04409884974937645
NQ,690,open,0.5,follow,0.5,next,384,0.6770833333333334,0.6287596102245633,0.6796875,0.022157192393303205,267,0.6779026217228464,0.03204820196345458
NQ,690,open,0.5,follow,1.0,eod,389,0.2570694087403599,0.21616357503092265,0.5552699228791774,0.01749962160434416,276,0.2028985507246377,0.010642969055966988
NQ,690,open,0.5,follow,1.0,next,367,0.5177111716621253,0.4666693752183167,0.5831062670299727,-0.005372713004487463,260,0.5115384615384615,0.023481691789357165
NQ,690,open,0.75,fade,0.1,eod,137,0.5109489051094891,0.42809223799497464,0.5109489051094891,-0.31022030299434483,88,0.5909090909090909,-0.12783538840281025
NQ,690,open,0.75,fade,0.1,next,137,0.5109489051094891,0.42809223799497464,0.5109489051094891,-0.31022030299434483,87,0.5862068965517241,-0.13493732880401924
NQ,690,open,0.75,fade,0.2,eod,137,0.5620437956204379,0.4783949456364911,0.5620437956204379,-0.1873623753312148,88,0.5909090909090909,-0.12068308835961386
NQ,690,open,0.75,fade,0.2,next,137,0.5620437956204379,0.4783949456364911,0.5620437956204379,-0.20327310222670203,87,0.5862068965517241,-0.12776009757353085
NQ,690,open,0.75,fade,0.3,eod,137,0.5109489051094891,0.42809223799497464,0.5182481751824818,-0.21826648646951355,88,0.5795454545454546,-0.11842521254401978
NQ,690,open,0.75,fade,0.3,next,137,0.5109489051094891,0.42809223799497464,0.5109489051094891,-0.26528200037909,87,0.5747126436781609,-0.1550470134301836
NQ,690,open,0.75,fade,0.5,eod,137,0.4306569343065693,0.35074717847414594,0.48905109489051096,-0.15914647991465572,88,0.5,-0.0372023751188797
NQ,690,open,0.75,fade,0.5,next,137,0.48905109489051096,0.4067917131500425,0.5036496350364964,-0.2477679795904664,87,0.6436781609195402,-0.03076876284129684
NQ,690,open,0.75,fade,1.0,eod,137,0.23357664233576642,0.17058889348268463,0.45255474452554745,-0.07447248496449028,88,0.26136363636363635,0.0037391143927755777
NQ,690,open,0.75,fade,1.0,next,136,0.4485294117647059,0.3674994885807923,0.5073529411764706,-0.13163946323007086,87,0.5862068965517241,0.01578298671259293
NQ,690,open,0.75,follow,0.1,eod,137,0.6788321167883211,0.5966853501218425,0.6788321167883211,-0.049552678530769834,88,0.6818181818181818,0.00976590244144565
NQ,690,open,0.75,follow,0.1,next,137,0.6788321167883211,0.5966853501218425,0.6788321167883211,-0.049552678530769834,87,0.6896551724137931,0.021601523699339226
NQ,690,open,0.75,follow,0.2,eod,137,0.7299270072992701,0.6500596327063737,0.7372262773722628,0.06944135225248006,88,0.7840909090909091,0.17017699897808394
NQ,690,open,0.75,follow,0.2,next,137,0.7372262773722628,0.6577770435397969,0.7372262773722628,0.07291007533482201,87,0.7931034482758621,0.18374186762723016
NQ,690,open,0.75,follow,0.3,eod,137,0.7007299270072993,0.6194262854825955,0.708029197080292,0.04302287093692006,88,0.6931818181818182,0.061662921556424714
NQ,690,open,0.75,follow,0.3,next,137,0.7153284671532847,0.6346967920164778,0.7153284671532847,0.05109478172172751,87,0.7241379310344828,0.08192407002435696
NQ,690,open,0.75,follow,0.5,eod,137,0.6204379562043796,0.5369397166630846,0.6715328467153284,0.058673090895861875,88,0.6136363636363636,0.06262678259194629
NQ,690,open,0.75,follow,0.5,next,137,0.7445255474452555,0.66551925900429,0.7445255474452555,0.10891065245573156,87,0.735632183908046,0.10074419058631495
NQ,690,open,0.75,follow,1.0,eod,137,0.31386861313868614,0.24213533131272647,0.5766423357664233,0.03791768161977806,88,0.2727272727272727,-0.04134122969216209
NQ,690,open,0.75,follow,1.0,next,137,0.5766423357664233,0.4929236708993527,0.635036496350365,0.03684626325689871,87,0.5402298850574713,0.0030177050099739733
NQ,690,open,1.0,fade,0.1,eod,48,0.5,0.36389098932037767,0.5,-0.3314391004186263,36,0.5,-0.26577421136101875
NQ,690,open,1.0,fade,0.1,next,48,0.5,0.36389098932037767,0.5,-0.3314391004186263,35,0.4857142857142857,-0.28736871529997277
NQ,690,open,1.0,fade,0.2,eod,48,0.5625,0.4227477150100165,0.5625,-0.19587712087421558,36,0.5833333333333334,-0.13230522002028447
NQ,690,open,1.0,fade,0.2,next,48,0.5625,0.4227477150100165,0.5625,-0.19587712087421558,35,0.5714285714285714,-0.15022870382804016
NQ,690,open,1.0,fade,0.3,eod,48,0.5416666666666666,0.4029083309494732,0.5416666666666666,-0.21414544058560844,36,0.5555555555555556,-0.15452565069650775
NQ,690,open,1.0,fade,0.3,next,48,0.5416666666666666,0.4029083309494732,0.5416666666666666,-0.21414544058560844,35,0.5428571428571428,-0.19063162171557516
NQ,690,open,1.0,fade,0.5,eod,48,0.4583333333333333,0.3257502185455351,0.4791666666666667,-0.2055592934827939,36,0.5833333333333334,-0.027603516344597803
NQ,690,open,1.0,fade,0.5,next,48,0.4791666666666667,0.34471090015787464,0.4791666666666667,-0.27189143075119176,35,0.6571428571428571,-0.017115717784573835
NQ,690,open,1.0,fade,1.0,eod,48,0.25,0.1492048880971003,0.4166666666666667,-0.15928289578335655,36,0.2222222222222222,-0.027503179356474814
NQ,690,open,1.0,fade,1.0,next,48,0.4791666666666667,0.34471090015787464,0.5,-0.14740467179513675,35,0.6,0.008781789633901166
NQ,690,open,1.0,follow,0.1,eod,48,0.625,0.48362506125249566,0.625,-0.13356006366261522,36,0.6666666666666666,-0.013481440521614645
NQ,690,open,1.0,follow,0.1,next,48,0.625,0.48362506125249566,0.625,-0.13356006366261522,35,0.6857142857142857,0.01527432252049054
NQ,690,open,1.0,follow,0.2,eod,48,0.7916666666666666,0.6574082647864651,0.7916666666666666,0.15560918770336665,36,0.8055555555555556,0.2024438252677657
NQ,690,open,1.0,follow,0.2,next,48,0.7916666666666666,0.6574082647864651,0.7916666666666666,0.15560918770336665,35,0.8285714285714286,0.23708412237534873
NQ,690,open,1.0,follow,0.3,eod,48,0.7291666666666666,0.5900276538379887,0.7291666666666666,0.07118343921778986,36,0.6944444444444444,0.037175977320290335
NQ,690,open,1.0,follow,0.3,next,48,0.7291666666666666,0.5900276538379887,0.7291666666666666,0.07118343921778986,35,0.7142857142857143,0.06699941616749236
NQ,690,open,1.0,follow,0.5,eod,48,0.7083333333333334,0.5682047226383246,0.7291666666666666,0.10297991607711184,36,0.5833333333333334,0.0218761618087602
NQ,690,open,1.0,follow,0.5,next,48,0.75,0.6121535625207293,0.75,0.11204585044955855,35,0.7142857142857143,0.06843466001059686
NQ,690,open,1.0,follow,1.0,eod,48,0.4166666666666667,0.28849459734577015,0.6458333333333334,0.09596945678276932,36,0.3611111111111111,-0.020013551504985624
NQ,690,open,1.0,follow,1.0,next,48,0.6458333333333334,0.5043879645406409,0.7083333333333334,0.0572688981290704,35,0.5428571428571428,0.03677276113384179
NQ,690,prev,0.25,fade,0.1,eod,1263,0.6033254156769596,0.5760708676851103,0.604117181314331,-0.1623812984306329,911,0.6267837541163557,-0.0728872427435319
NQ,690,prev,0.25,fade,0.1,next,1228,0.6058631921824105,0.5782419390773247,0.6058631921824105,-0.1591982018268695,883,0.6262740656851642,-0.0736869223334569
NQ,690,prev,0.25,fade,0.2,eod,1263,0.5827395091053048,0.5553333259743692,0.5882818685669042,-0.13400010543668095,911,0.5993413830954994,-0.06599072672881734
NQ,690,prev,0.25,fade,0.2,next,1228,0.5977198697068404,0.5700297487452239,0.5977198697068404,-0.13962205512932183,883,0.6194790486976217,-0.07970428580697383
NQ,690,prev,0.25,fade,0.3,eod,1263,0.5407759303246239,0.5132099923050354,0.5684877276326208,-0.10279692605183943,911,0.5554335894621295,-0.061951140744588656
NQ,690,prev,0.25,fade,0.3,next,1228,0.5952768729641694,0.5675676213589086,0.5960912052117264,-0.1296268969287437,883,0.6115515288788222,-0.08875618834295453
NQ,690,prev,0.25,fade,0.5,eod,1263,0.4077593032462391,0.38097643749402504,0.5051464766429137,-0.08320777823923675,911,0.4061470911086718,-0.06491708042746604
NQ,690,prev,0.25,fade,0.5,next,1205,0.5809128630705395,0.5528395419578584,0.5900414937759336,-0.10581365256607747,874,0.5949656750572082,-0.07571046916717061
NQ,690,prev,0.25,fade,1.0,eod,1263,0.17577197149643706,0.1557720177946184,0.46872525732383213,-0.030486201422056332,911,0.1712403951701427,-0.025690695646443454
NQ,690,prev,0.25,fade,1.0,next,1045,0.46698564593301434,0.4369122084611732,0.5569377990430622,-0.02507025400842446,747,0.4538152610441767,-0.04948162956688407
NQ,690,prev,0.25,follow,0.1,eod,1263,0.6239113222486145,0.5968581056110985,0.6239113222486145,-0.13109420643629854,911,0.6904500548847421,0.024522744274794336
NQ,690,prev,0.25,follow,0.1,next,1228,0.6245928338762216,0.5971601365164804,0.6245928338762216,-0.12979386784256405,883,0.6930917327293318,0.028006286641091768
NQ,690,prev,0.25,follow,0.2,eod,1263,0.6429136975455265,0.6160917183103075,0.6524148851939826,-0.044118043047358925,911,0.681668496158068,0.037172381503783374
NQ,690,prev,0.25,follow,0.2,next,1228,0.6612377850162866,0.6342996949564543,0.6612377850162866,-0.04153750670082453,883,0.6976217440543602,0.04069688237585039
NQ,690,prev,0.25,follow,0.3,eod,1263,0.6001583531274742,0.5728772747762096,0.6357878068091845,-0.025139864845274206,911,0.6048298572996706,0.011576732648826252
NQ,690,prev,0.25,follow,0.3,next,1228,0.6661237785016286,0.6392646709279046,0.6669381107491856,-0.020415432367745928,883,0.6828992072480181,0.015956709242104808
NQ,690,prev,0.25,follow,0.5,eod,1263,0.4433887569279493,0.4162032171052345,0.5716547901821061,-0.019907956232309145,911,0.45773874862788144,0.02537206538437526
NQ,690,prev,0.25,follow,0.5,next,1215,0.6378600823045267,0.610439498055141,0.6477366255144033,-0.02557727112737917,876,0.6757990867579908,0.02945329385254884
NQ,690,prev,0.25,follow,1.0,eod,1263,0.18131433095803642,0.16104242660460077,0.5241488519398259,0.003996565600282236,911,0.17672886937431395,0.025943393384265816
NQ,690,prev,0.25,follow,1.0,next,1041,0.47262247838616717,0.4424504324525011,0.5782901056676273,-0.010139362978660365,744,0.4959677419354839,0.031960451787870936
NQ,690,prev,0.5,fade,0.1,eod,694,0.5706051873198847,0.5334884282025423,0.5720461095100865,-0.21294573704269962,522,0.6187739463601533,-0.08599746169770248
NQ,690,prev,0.5,fade,0.1,next,681,0.5726872246696035,0.5352268621361305,0.5726872246696035,-0.21136734652464317,508,0.6141732283464567,-0.09301429636394931
NQ,690,prev,0.5,fade,0.2,eod,694,0.5576368876080692,0.5204677780258284,0.5634005763688761,-0.17422914130823536,522,0.5613026819923371,-0.12058335320690186
NQ,690,prev,0.5,fade,0.2,next,681,0.5712187958883994,0.5337507678459756,0.5712187958883994,-0.18219490631763435,508,0.5826771653543307,-0.13708888917664938
NQ,690,prev,0.5,fade,0.3,eod,694,0.5244956772334294,0.48730737402176366,0.5504322766570605,-0.13288984319572247,522,0.5287356321839081,-0.09037530662026355
NQ,690,prev,0.5,fade,0.3,next,681,0.5756240822320118,0.5381800458984942,0.5770925110132159,-0.15991752734265544,508,0.5866141732283464,-0.12749681457558334
NQ,690,prev,0.5,fade,0.5,eod,694,0.40778097982708933,0.37182379629781187,0.48703170028818443,-0.09951383852290843,522,0.39655172413793105,-0.06622183776620631
NQ,690,prev,0.5,fade,0.5,next,681,0.5682819383259912,0.5307995723147975,0.57856093979442,-0.1256056151719282,508,0.594488188976378,-0.07371580289871933
NQ,690,prev,0.5,fade,1.0,eod,694,0.19164265129682997,0.1640879936146294,0.4495677233429395,-0.03506995189479579,522,0.1724137931034483,-0.020587303606551904
NQ,690,prev,0.5,fade,1.0,next,643,0.447900466562986,0.40988589766088235,0.5381026438569206,-0.04237982897665866,492,0.46747967479674796,-0.025289838960140597
NQ,690,prev,0.5,follow,0.1,eod,694,0.6469740634005764,0.610696916680987,0.6469740634005764,-0.09632973192473565,522,0.7011494252873564,0.04027487952645653
NQ,690,prev,0.5,follow,0.1,next,681,0.6475770925110133,0.6109598134090228,0.6475770925110133,-0.09541958660300837,508,0.7086614173228346,0.051560472729466705
NQ,690,prev,0.5,follow,0.2,eod,694,0.6714697406340058,0.6356649662463641,0.6801152737752162,-0.005826089601674263,522,0.6954022988505747,0.05514958804411978
NQ,690,prev,0.5,follow,0.2,next,681,0.6872246696035242,0.6514348093023139,0.6872246696035242,-0.001506332823488278,508,0.7086614173228346,0.057269018461584394
NQ,690,prev,0.5,follow,0.3,eod,694,0.6268011527377522,0.5902113492149397,0.6628242074927954,0.00451367527782112,522,0.6360153256704981,0.04583623481536845
NQ,690,prev,0.5,follow,0.3,next,681,0.6828193832599119,0.6469236064816093,0.6828193832599119,0.0034703913163320315,508,0.7047244094488189,0.04768237347870704
NQ,690,prev,0.5,follow,0.5,eod,694,0.46829971181556196,0.43145068791838315,0.5922190201729106,-0.01959734305993127,522,0.47701149425287354,0.046083592884575246
NQ,690,prev,0.5,follow,0.5,next,681,0.6475770925110133,0.6109598134090228,0.6563876651982379,-0.013370642174271058,507,0.6804733727810651,0.03638920976786391
NQ,690,prev,0.5,follow,1.0,eod,694,0.1930835734870317,0.16543813892788445,0.5489913544668588,0.005379115823738553,522,0.17624521072796934,0.0268873839914785
NQ,690,prev,0.5,follow,1.0,next,645,0.48372093023255813,0.4453645295366047,0.5937984496124031,0.0017487081258309803,476,0.4852941176470588,0.025017241149077104
NQ,690,prev,0.75,fade,0.1,eod,366,0.5683060109289617,0.5171105938948615,0.5683060109289617,-0.21769712226354634,257,0.5914396887159533,-0.12574434491022732
NQ,690,prev,0.75,fade,0.1,next,363,0.5702479338842975,0.518847831324895,0.5702479338842975,-0.2145498099698979,249,0.5823293172690763,-0.13951698037801102
NQ,690,prev,0.75,fade,0.2,eod,366,0.5491803278688525,0.4979553355800648,0.5519125683060109,-0.19030619070758842,257,0.5252918287937743,-0.16857112614816275
NQ,690,prev,0.75,fade,0.2,next,363,0.559228650137741,0.5077982461708067,0.559228650137741,-0.20326506102570532,249,0.5421686746987951,-0.20324753264249465
NQ,690,prev,0.75,fade,0.3,eod,366,0.4890710382513661,0.43823792414363805,0.5136612021857924,-0.18368697028569803,257,0.490272373540856,-0.14193968512154762
NQ,690,prev,0.75,fade,0.3,next,363,0.5289256198347108,0.4775408762514794,0.5316804407713499,-0.23032627559058805,249,0.5381526104417671,-0.20505404838284313
NQ,690,prev,0.75,fade,0.5,eod,366,0.3797814207650273,0.3315505942057443,0.453551912568306,-0.15145039493824172,257,0.40077821011673154,-0.0791673260494556
NQ,690,prev,0.75,fade,0.5,next,363,0.5179063360881543,0.46658467101341305,0.5344352617079889,-0.1923287612571871,249,0.5622489959839357,-0.1340657009270267
NQ,690,prev,0.75,fade,1.0,eod,366,0.16939890710382513,0.13444938995375294,0.41530054644808745,-0.07659743318765547,257,0.1828793774319066,-0.03425425240950684
NQ,690,prev,0.75,fade,1.0,next,357,0.40336134453781514,0.35376223664478773,0.5042016806722689,-0.10663506079504498,248,0.42338709677419356,-0.10011120280431517
NQ,690,prev,0.75,follow,0.1,eod,366,0.6530054644808743,0.6028760556529804,0.6530054644808743,-0.08581115941113987,257,0.6809338521400778,0.009415805775069393
NQ,690,prev,0.75,follow,0.1,next,363,0.650137741046832,0.5997347500070659,0.650137741046832,-0.09021184483491836,249,0.6947791164658634,0.030266896269749207
NQ,690,prev,0.75,follow,0.2,eod,366,0.7158469945355191,0.6675845555267185,0.726775956284153,0.06030177208428835,257,0.6964980544747081,0.06083232508778625
NQ,690,prev,0.75,follow,0.2,next,363,0.7300275482093664,0.6821245044234533,0.7300275482093664,0.06397345431712259,249,0.7108433734939759,0.060362276138577704
NQ,690,prev,0.75,follow,0.3,eod,366,0.680327868852459,0.6308887687925773,0.7076502732240437,0.06394539879924846,257,0.6614785992217899,0.05887812629560947
NQ,690,prev,0.75,follow,0.3,next,363,0.7245179063360881,0.6763882308081672,0.7245179063360881,0.06793089447967723,249,0.7108433734939759,0.053518489770468136
NQ,690,prev,0.75,follow,0.5,eod,366,0.5136612021857924,0.4625794447410728,0.6366120218579235,0.026411219269208096,257,0.5330739299610895,0.08961591382060385
NQ,690,prev,0.75,follow,0.5,next,363,0.6887052341597796,0.6393052505663669,0.696969696969697,0.04594177085174484,249,0.7429718875502008,0.11726451525339486
NQ,690,prev,0.75,follow,1.0,eod,366,0.22950819672131148,0.1893678974087059,0.5956284153005464,0.0333841238198461,257,0.20233463035019456,0.04814597898785949
NQ,690,prev,0.75,follow,1.0,next,359,0.5125348189415042,0.460970217953137,0.6323119777158774,0.047746054474531334,247,0.5546558704453441,0.09371731616461024
NQ,690,prev,1.0,fade,0.1,eod,168,0.5357142857142857,0.46034382553061526,0.5357142857142857,-0.26872825015575225,114,0.6052631578947368,-0.10550545788319503
NQ,690,prev,1.0,fade,0.1,next,166,0.536144578313253,0.4603217064180836,0.536144578313253,-0.2680160118728296,111,0.5945945945945946,-0.12161434609436944
NQ,690,prev,1.0,fade,0.2,eod,168,0.5416666666666666,0.4662306656259674,0.5416666666666666,-0.2059071203723884,114,0.5263157894736842,-0.20211255195265632
NQ,690,prev,1.0,fade,0.2,next,166,0.5481927710843374,0.4722472790686796,0.5481927710843374,-0.22018167256068563,111,0.5315315315315315,-0.20969300824469628
NQ,690,prev,1.0,fade,0.3,eod,168,0.5,0.4252412688200498,0.5178571428571429,-0.1930269982759701,114,0.5087719298245614,-0.16244072364909082
NQ,690,prev,1.0,fade,0.3,next,166,0.5180722891566265,0.44251393128004035,0.5180722891566265,-0.2479934341571696,111,0.5405405405405406,-0.19381849650482746
NQ,690,prev,1.0,fade,0.5,eod,168,0.3869047619047619,0.31656796625878286,0.47023809523809523,-0.1589640043846187,114,0.3684210526315789,-0.1279224687550257
NQ,690,prev,1.0,fade,0.5,next,166,0.5,0.4248023896888422,0.5180722891566265,-0.20952372834991884,111,0.5135135135135135,-0.21878778223776577
NQ,690,prev,1.0,fade,1.0,eod,168,0.22023809523809523,0.16421635802623952,0.43452380952380953,-0.07672985091619741,114,0.18421052631578946,-0.057374979057070716
NQ,690,prev,1.0,fade,1.0,next,166,0.42771084337349397,0.3549204324019173,0.5120481927710844,-0.11583560333731001,111,0.40540540540540543,-0.14414592249019956
NQ,690,prev,1.0,follow,0.1,eod,168,0.6547619047619048,0.5801305303723674,0.6547619047619048,-0.08187819018026744,114,0.6491228070175439,-0.038992071468859364
NQ,690,prev,1.0,follow,0.1,next,166,0.6506024096385542,0.5754097149725329,0.6506024096385542,-0.08834632601167026,111,0.6666666666666666,-0.012506635883167562
NQ,690,prev,1.0,follow,0.2,eod,168,0.7023809523809523,0.629346041395244,0.7083333333333334,0.0325817728546577,114,0.7017543859649122,0.05815672713550436
NQ,690,prev,1.0,follow,0.2,next,166,0.7108433734939759,0.6377229915781075,0.7108433734939759,0.03531287692876655,111,0.7207207207207207,0.07489499226343417
NQ,690,prev,1.0,follow,0.3,eod,168,0.6785714285714286,0.6046369856631577,0.7023809523809523,0.04779200472654349,114,0.7105263157894737,0.09350686251529267
NQ,690,prev,1.0,follow,0.3,next,166,0.7168674698795181,0.6440287830256708,0.7168674698795181,0.05904220129894938,111,0.7387387387387387,0.1041188272012246
NQ,690,prev,1.0,follow,0.5,eod,168,0.5535714285714286,0.4780357736540186,0.6369047619047619,0.01713391638316129,114,0.6140350877192983,0.12799611088951723
NQ,690,prev,1.0,follow,0.5,next,166,0.6987951807228916,0.625153782581412,0.7048192771084337,0.05185838817862207,111,0.7837837837837838,0.18778528937119224
NQ,690,prev,1.0,follow,1.0,eod,168,0.25595238095238093,0.19593178226370972,0.5952380952380952,0.029870560963038476,114,0.21929824561403508,0.06990102897387379
NQ,690,prev,1.0,follow,1.0,next,166,0.5180722891566265,0.44251393128004035,0.6385542168674698,0.038260609073256825,111,0.6306306306306306,0.15523594093319407
NQ,780,open,0.25,fade,0.1,eod,1162,0.5946643717728055,0.566168205618859,0.5946643717728055,-0.17652899651175075,832,0.6466346153846154,-0.040749235534770514
NQ,780,open,0.25,fade,0.1,next,1136,0.5950704225352113,0.5662506411595802,0.5950704225352113,-0.17717500038780704,808,0.6534653465346535,-0.032171639370133835
NQ,780,open,0.25,fade,0.2,eod,1162,0.580895008605852,0.5523037196684669,0.5895008605851979,-0.11261539909082349,832,0.5661057692307693,-0.07793258415833068
NQ,780,open,0.25,fade,0.2,next,1136,0.6117957746478874,0.5831242509696961,0.6117957746478874,-0.11813031064459037,808,0.620049504950495,-0.07897947038535093
NQ,780,open,0.25,fade,0.3,eod,1162,0.5103270223752151,0.48159748304128347,0.5567986230636833,-0.07878065073043136,832,0.4651442307692308,-0.0846673831991376
NQ,780,open,0.25,fade,0.3,next,1136,0.6197183098591549,0.5911291649631351,0.6197183098591549,-0.0931217719283221,808,0.6002475247524752,-0.10742036129450476
NQ,780,open,0.25,fade,0.5,eod,1162,0.34509466437177283,0.3183108805863999,0.504302925989673,-0.04323884931723977,832,0.3245192307692308,-0.04821155310616236
NQ,780,open,0.25,fade,0.5,next,1113,0.5911949685534591,0.5620469819665285,0.6019766397124887,-0.08738659201007584,796,0.5942211055276382,-0.0708679057231881
NQ,780,open,0.25,fade,1.0,eod,1162,0.11273666092943202,0.0958129985404883,0.4569707401032702,-0.02318920948158063,832,0.11538461538461539,-0.02044712911171761
NQ,780,open,0.25,fade,1.0,next,966,0.4337474120082816,0.40281774444240015,0.546583850931677,-0.051173655911600203,688,0.40406976744186046,-0.07918056033362897
NQ,780,open,0.25,follow,0.1,eod,1162,0.617039586919105,0.5887470499206426,0.617039586919105,-0.14088065127709368,832,0.6574519230769231,-0.023249600410708202
NQ,780,open,0.25,follow,0.1,next,1136,0.6188380281690141,0.5902393400159557,0.6188380281690141,-0.13971052457562416,808,0.655940594059406,-0.027938967928665157
NQ,780,open,0.25,follow,0.2,eod,1162,0.6230636833046471,0.5948365377490558,0.6419965576592083,-0.04795043984165903,832,0.6694711538461539,0.053861096802469415
NQ,780,open,0.25,follow,0.2,next,1136,0.6628521126760564,0.634853452604601,0.6628521126760564,-0.040948546149221964,808,0.719059405940594,0.07218647756773189
NQ,780,open,0.25,follow,0.3,eod,1162,0.5309810671256454,0.5022323358647862,0.6041308089500861,-0.03343589918039537,832,0.5769230769230769,0.04646583850683304
NQ,780,open,0.25,follow,0.3,next,1136,0.664612676056338,0.6366433785629353,0.664612676056338,-0.027163090328140047,808,0.7103960396039604,0.059541587367363986
NQ,780,open,0.25,follow,0.5,eod,1162,0.35456110154905335,0.32757559891946025,0.544750430292599,-0.017123348869599677,832,0.3737980769230769,0.024964850904813117
NQ,780,open,0.25,follow,0.5,next,1121,0.6583407671721677,0.630078606818379,0.6690454950936664,0.01363297186480443,799,0.6808510638297872,0.05449683317562899
NQ,780,open,0.25,follow,1.0,eod,1162,0.12650602409638553,0.10861517784100562,0.49827882960413084,-0.01018179768731194,832,0.1045673076923077,0.016068060670561022
NQ,780,open,0.25,follow,1.0,next,969,0.4757481940144479,0.44446088028510367,0.5933952528379773,0.008531170992996325,692,0.49710982658959535,0.04618349964826435
NQ,780,open,0.5,fade,0.1,eod,520,0.5865384615384616,0.5437272801139722,0.5865384615384616,-0.19281133606929352,378,0.6481481481481481,-0.04004863396009832
NQ,780,open,0.5,fade,0.1,next,514,0.585603112840467,0.5425338524592178,0.585603112840467,-0.19424705182690824,364,0.6538461538461539,-0.03175237197433473
NQ,780,open,0.5,fade,0.2,eod,520,0.5692307692307692,0.5263144849819703,0.573076923076923,-0.1426722947707875,378,0.5873015873015873,-0.06913267401207261
NQ,780,open,0.5,fade,0.2,next,514,0.5972762645914397,0.5543060332063984,0.5972762645914397,-0.14205044304802839,364,0.6181318681318682,-0.08397286937502707
NQ,780,open,0.5,fade,0.3,eod,520,0.5173076923076924,0.47438826733488343,0.5442307692307692,-0.10323882032395283,378,0.49206349206349204,-0.06470469757591425
NQ,780,open,0.5,fade,0.3,next,514,0.6128404669260701,0.5700407285537975,0.6128404669260701,-0.10318899570244697,364,0.6126373626373627,-0.08983127246570669
NQ,780,open,0.5,fade,0.5,eod,520,0.36346153846153845,0.32326012246396624,0.49038461538461536,-0.0670421802971739,378,0.3835978835978836,-0.026556250698541523
NQ,780,open,0.5,fade,0.5,next,513,0.6062378167641326,0.5633181009975957,0.6159844054580896,-0.06972643662444515,364,0.6098901098901099,-0.05056204185655922
NQ,780,open,0.5,fade,1.0,eod,520,0.13076923076923078,0.1044783248602864,0.43653846153846154,-0.03510592036930427,378,0.1455026455026455,-0.0039314163787132995
NQ,780,open,0.5,fade,1.0,next,489,0.45194274028629855,0.40837604221422413,0.5603271983640081,-0.058002179766341706,348,0.4224137931034483,-0.07158194011724989
NQ,780,open,0.5,follow,0.1,eod,520,0.6423076923076924,0.600203715660192,0.6423076923076924,-0.1070639369424569,378,0.6666666666666666,-0.012290095123145817
NQ,780,open,0.5,follow,0.1,next,514,0.6400778210116731,0.5976848524771247,0.6400778210116731,-0.11060199118753948,364,0.6648351648351648,-0.015065410889889714
NQ,780,open,0.5,follow,0.2,eod,520,0.65,0.608039421891309,0.6538461538461539,-0.0390546913873281,378,0.6587301587301587,0.028523009534440265
NQ,780,open,0.5,follow,0.2,next,514,0.6712062256809338,0.6294542023359929,0.6712062256809338,-0.03235245648576699,364,0.7115384615384616,0.05969968909896702
NQ,780,open,0.5,follow,0.3,eod,520,0.5788461538461539,0.5359817357322356,0.6326923076923077,-0.002731623434564248,378,0.5846560846560847,0.01914929565051432
NQ,780,open,0.5,follow,0.3,next,514,0.6926070038910506,0.6514106289113992,0.6926070038910506,0.011599740810574494,364,0.6978021978021978,0.04247132254193401
NQ,780,open,0.5,follow,0.5,eod,520,0.4076923076923077,0.3662818368398793,0.575,0.01280625105296758,378,0.3915343915343915,-0.001355638793025851
NQ,780,open,0.5,follow,0.5,next,514,0.6906614785992218,0.6494105623158218,0.6945525291828794,0.04750642043098224,364,0.6758241758241759,0.05094265258521349
NQ,780,open,0.5,follow,1.0,eod,520,0.16153846153846155,0.1324066552812611,0.5134615384615384,0.0021398373107236845,378,0.1455026455026455,0.009795183518729413
NQ,780,open,0.5,follow,1.0,next,490,0.47959183673469385,0.4356877002967911,0.5755102040816327,-0.009954135102508832,353,0.49575070821529743,0.03653874389200429
NQ,780,open,0.75,fade,0.1,eod,213,0.539906103286385,0.47285662773507336,0.539906103286385,-0.26329262319140656,125,0.672,-0.005150290512592699
NQ,780,open,0.75,fade,0.1,next,210,0.5333333333333333,0.4658646918107044,0.5333333333333333,-0.2738642952224121,123,0.6829268292682927,0.011245668496846124
NQ,780,open,0.75,fade,0.2,eod,213,0.5164319248826291,0.44962509673315865,0.5164319248826291,-0.23805378899261959,125,0.64,-0.030324371257658578
NQ,780,open,0.75,fade,0.2,next,210,0.5285714285714286,0.4611494586780967,0.5285714285714286,-0.2481861438326103,123,0.6422764227642277,-0.05355803440942629
NQ,780,open,0.75,fade,0.3,eod,213,0.5070422535211268,0.44037294730355464,0.5258215962441315,-0.1427388648394363,125,0.608,0.008103248585391288
NQ,780,open,0.75,fade,0.3,next,210,0.580952380952381,0.5133500657730352,0.580952380952381,-0.15093986996618497,123,0.6829268292682927,0.015973129939488125
NQ,780,open,0.75,fade,0.5,eod,213,0.38028169014084506,0.31775264631954214,0.48826291079812206,-0.10897599606892859,125,0.488,0.03018510228511104
NQ,780,open,0.75,fade,0.5,next,210,0.5761904761904761,0.508573995001491,0.5761904761904761,-0.128117646751739,123,0.6585365853658537,0.010167589670116016
NQ,780,open,0.75,fade,1.0,eod,213,0.15492957746478872,0.11249513407942463,0.4131455399061033,-0.06297338085822023,125,0.248,0.045544701410977065
NQ,780,open,0.75,fade,1.0,next,209,0.42105263157894735,0.3561314093555926,0.5454545454545454,-0.11492973479496806,121,0.512396694214876,-0.02724150923555076
NQ,780,open,0.75,follow,0.1,eod,213,0.6525821596244131,0.5864448421505286,0.6525821596244131,-0.09069159061155242,125,0.672,-0.005238984387659588
NQ,780,open,0.75,follow,0.1,next,210,0.6523809523809524,0.5857566286462984,0.6523809523809524,-0.09145828615379412,123,0.6666666666666666,-0.013344481941986886
NQ,780,open,0.75,follow,0.2,eod,213,0.7136150234741784,0.6495400501379702,0.7136150234741784,0.04808866898179002,125,0.64,-0.03320100250149815
NQ,780,open,0.75,follow,0.2,next,210,0.7285714285714285,0.6647201539124723,0.7285714285714285,0.04866840912267364,123,0.6504065040650406,-0.031072205085735306
NQ,780,open,0.75,follow,0.3,eod,213,0.6666666666666666,0.6008996254370196,0.6854460093896714,0.07755802590304592,125,0.576,-0.06741500237273913
NQ,780,open,0.75,follow,0.3,next,210,0.7571428571428571,0.6948636318926094,0.7571428571428571,0.11000557343778099,123,0.6260162601626016,-0.06556025911337617
NQ,780,open,0.75,follow,0.5,eod,213,0.49765258215962443,0.43114386094634993,0.6291079812206573,0.07808541878444557,125,0.424,-0.09044495468933378
NQ,780,open,0.75,follow,0.5,next,210,0.7761904761904762,0.7151447122852139,0.780952380952381,0.17010452272505688,123,0.6341463414634146,-0.0404743281341542
NQ,780,open,0.75,follow,1.0,eod,213,0.24413145539906103,0.19130826385689534,0.5492957746478874,0.04144418764202318,125,0.184,-0.028074295511055253
NQ,780,open,0.75,follow,1.0,next,209,0.5645933014354066,0.4968066665108104,0.6411483253588517,0.052042697196341366,123,0.5284552845528455,-0.008501287961647966
NQ,780,open,1.0,fade,0.1,eod,79,0.45569620253164556,0.35048276758066016,0.45569620253164556,-0.39453590339763045,50,0.76,0.12820788123188318
NQ,780,open,1.0,fade,0.1,next,79,0.45569620253164556,0.35048276758066016,0.45569620253164556,-0.39453590339763045,50,0.76,0.12820788123188318
NQ,780,open,1.0,fade,0.2,eod,79,0.5063291139240507,0.3983720753430729,0.5063291139240507,-0.2674686487199614,50,0.7,0.04379339708927725
NQ,780,open,1.0,fade,0.2,next,79,0.5189873417721519,0.41050913955969837,0.5189873417721519,-0.2595949561157769,50,0.7,0.04379339708927725
NQ,780,open,1.0,fade,0.3,eod,79,0.4810126582278481,0.3742954498192782,0.4936708860759494,-0.19214484230282688,50,0.68,0.07546603974108552
NQ,780,open,1.0,fade,0.3,next,79,0.569620253164557,0.4597200056030372,0.569620253164557,-0.16141157244655407,50,0.7,0.04574571549728202
NQ,780,open,1.0,fade,0.5,eod,79,0.4430379746835443,0.33867609150989586,0.4936708860759494,-0.09293587392511544,50,0.6,0.07333501844463891
NQ,780,open,1.0,fade,0.5,next,79,0.5949367088607594,0.48472952838439765,0.5949367088607594,-0.08675764472239492,50,0.74,0.11994570054712622
NQ,780,open,1.0,fade,1.0,eod,79,0.17721518987341772,0.10860327950089017,0.3924050632911392,-0.08816179867861808,50,0.34,0.04368697997742383
NQ,780,open,1.0,fade,1.0,next,79,0.4430379746835443,0.33867609150989586,0.6075949367088608,-0.040093370439654344,50,0.6,-0.010843760746729105
NQ,780,open,1.0,follow,0.1,eod,79,0.7341772151898734,0.6275675648945112,0.7341772151898734,0.03798823290665486,50,0.56,-0.17425215372996977
NQ,780,open,1.0,follow,0.1,next,79,0.7341772151898734,0.6275675648945112,0.7341772151898734,0.03798823290665486,50,0.56,-0.17425215372996977
NQ,780,open,1.0,follow,0.2,eod,79,0.7468354430379747,0.6410553271149313,0.7468354430379747,0.08909388268580622,50,0.56,-0.15585164644300176
NQ,780,open,1.0,follow,0.2,next,79,0.7468354430379747,0.6410553271149313,0.7468354430379747,0.08909388268580622,50,0.58,-0.13692977010298737
NQ,780,open,1.0,follow,0.3,eod,79,0.6708860759493671,0.5614636997987789,0.6708860759493671,0.023154919397488177,50,0.52,-0.1869273651679735
NQ,780,open,1.0,follow,0.3,next,79,0.7088607594936709,0.6008691203651904,0.7088607594936709,0.04218402668752529,50,0.56,-0.16474106035447497
NQ,780,open,1.0,follow,0.5,eod,79,0.5316455696202531,0.42271215907094595,0.6708860759493671,0.08860451323843972,50,0.44,-0.159668028687899
NQ,780,open,1.0,follow,0.5,next,79,0.7341772151898734,0.6275675648945112,0.7468354430379747,0.12538934833111556,50,0.58,-0.13281385557118838
NQ,780,open,1.0,follow,1.0,eod,79,0.27848101265822783,0.19168037554546474,0.5949367088607594,0.05133019160073251,50,0.26,-0.04514970181429314
NQ,780,open,1.0,follow,1.0,next,79,0.6075949367088608,0.4973378852028524,0.620253164556962,0.060122105456120324,50,0.54,-0.06436407348542157
NQ,780,prev,0.25,fade,0.1,eod,1325,0.579622641509434,0.5528507945964529,0.579622641509434,-0.19976993935190532,950,0.6673684210526316,-0.010829297149849652
NQ,780,prev,0.25,fade,0.1,next,1287,0.5773115773115773,0.5501319934350904,0.5773115773115773,-0.203870243035438,919,0.6692056583242655,-0.008203126291720467
NQ,780,prev,0.25,fade,0.2,eod,1325,0.5637735849056604,0.5369244281978993,0.5818867924528301,-0.12212116251851611,950,0.5852631578947368,-0.05119163792262526
NQ,780,prev,0.25,fade,0.2,next,1287,0.5990675990675991,0.5720353499806488,0.5998445998445998,-0.13574949516393603,919,0.6332970620239391,-0.06054930442163965
NQ,780,prev,0.25,fade,0.3,eod,1325,0.4981132075471698,0.47123512653944355,0.5569811320754717,-0.0796817317853671,950,0.47789473684210526,-0.06520089568471366
NQ,780,prev,0.25,fade,0.3,next,1287,0.6146076146076146,0.5877140042002055,0.6153846153846154,-0.0988930768698147,919,0.6137105549510338,-0.08755857125066258
NQ,780,prev,0.25,fade,0.5,eod,1325,0.3267924528301887,0.3020690927925876,0.49735849056603776,-0.05548175297521489,950,0.3336842105263158,-0.03916786059651999
NQ,780,prev,0.25,fade,0.5,next,1258,0.5826709062003179,0.555209552528316,0.5922098569157392,-0.08925849711809783,903,0.6057585825027686,-0.05086281129693525
NQ,780,prev,0.25,fade,1.0,eod,1325,0.10566037735849057,0.09023287407915404,0.45660377358490567,-0.025918218232285288,950,0.12631578947368421,-0.012677961251778174
NQ,780,prev,0.25,fade,1.0,next,1071,0.42857142857142855,0.39924029033774844,0.5350140056022409,-0.048846265715160146,766,0.42428198433420367,-0.043675315611625916
NQ,780,prev,0.25,follow,0.1,eod,1325,0.6452830188679245,0.6191357594550058,0.6460377358490565,-0.09587938923356527,950,0.6378947368421053,-0.0512605307523366
NQ,780,prev,0.25,follow,0.1,next,1287,0.6511266511266511,0.6246722309761475,0.6511266511266511,-0.08903010440381962,919,0.6376496191512514,-0.05532078371410274
NQ,780,prev,0.25,follow,0.2,eod,1325,0.6188679245283019,0.5924090577616404,0.6384905660377358,-0.04043622696892865,950,0.6442105263157895,0.014029375695970767
NQ,780,prev,0.25,follow,0.2,next,1287,0.6728826728826729,0.6467688262191774,0.6728826728826729,-0.024981592566279548,919,0.690968443960827,0.029131688741013618
NQ,780,prev,0.25,follow,0.3,eod,1325,0.5215094339622641,0.49458834039237903,0.5932075471698113,-0.03316584322164314,950,0.5568421052631579,0.028585948800604888
NQ,780,prev,0.25,follow,0.3,next,1286,0.6640746500777605,0.6378052160409443,0.6648522550544324,-0.02655338520601196,918,0.7015250544662309,0.045712549087070474
NQ,780,prev,0.25,follow,0.5,eod,1325,0.3388679245283019,0.3138800108081654,0.5350943396226415,-0.01419863830320185,950,0.3631578947368421,0.01406732028050465
NQ,780,prev,0.25,follow,0.5,next,1269,0.6493301812450749,0.6226605480705312,0.665090622537431,0.0020119223560128995,906,0.6699779249448123,0.03870423983172167
NQ,780,prev,0.25,follow,1.0,eod,1325,0.11773584905660377,0.10147676434088074,0.4981132075471698,-0.003766604938180097,950,0.0968421052631579,0.01506852627852072
NQ,780,prev,0.25,follow,1.0,next,1091,0.45004582951420713,0.4207511372473204,0.5857011915673694,-0.0021078378640794733,755,0.47549668874172185,0.027281136577482247
NQ,780,prev,0.5,fade,0.1,eod,772,0.5712435233160622,0.5360644210218369,0.5712435233160622,-0.2120737342154101,561,0.6916221033868093,0.026287159890077152
NQ,780,prev,0.5,fade,0.1,next,759,0.5718050065876152,0.5363272703647851,0.5718050065876152,-0.21269262575040968,546,0.6941391941391941,0.029861869101683758
NQ,780,prev,0.5,fade,0.2,eod,772,0.5492227979274611,0.5139655871583296,0.5660621761658031,-0.14563213356431,561,0.5739750445632799,-0.05649211246269032
NQ,780,prev,0.5,fade,0.2,next,759,0.5849802371541502,0.5495838331828921,0.5849802371541502,-0.15945041645967542,546,0.63003663003663,-0.06711967892483096
NQ,780,prev,0.5,fade,0.3,eod,772,0.4896373056994819,0.45451259578612646,0.5466321243523317,-0.09976248329728309,561,0.47237076648841353,-0.05912575853661922
NQ,780,prev,0.5,fade,0.3,next,759,0.5955204216073782,0.560207508043923,0.5955204216073782,-0.12848776094094128,546,0.6135531135531136,-0.08898052645391731
NQ,780,prev,0.5,fade,0.5,eod,772,0.34585492227979275,0.31313964001218064,0.4948186528497409,-0.06203192412242865,561,0.33868092691622104,-0.025155398772139168
NQ,780,prev,0.5,fade,0.5,next,758,0.5857519788918206,0.5503376230826094,0.5936675461741425,-0.08483937756254402,546,0.6025641025641025,-0.0522733100423774
NQ,780,prev,0.5,fade,1.0,eod,772,0.11917098445595854,0.09818061518850546,0.4520725388601036,-0.02902863072920809,561,0.1354723707664884,-0.000978631096559102
NQ,780,prev,0.5,fade,1.0,next,715,0.4433566433566434,0.40734154167099906,0.5412587412587413,-0.0361689802756848,513,0.42105263157894735,-0.031209799416033357
NQ,780,prev,0.5,follow,0.1,eod,772,0.6606217616580311,0.6264982536295899,0.6606217616580311,-0.0739281411678412,561,0.6327985739750446,-0.05709129399836844
NQ,780,prev,0.5,follow,0.1,next,759,0.6600790513833992,0.6256488070613352,0.6600790513833992,-0.07506690764846705,546,0.63003663003663,-0.06701383274673839
NQ,780,prev,0.5,follow,0.2,eod,772,0.6347150259067358,0.6001589633209409,0.6515544041450777,-0.028801155445713263,561,0.6417112299465241,0.00582745050265426
NQ,780,prev,0.5,follow,0.2,next,759,0.6785243741765481,0.6444698590325029,0.6785243741765481,-0.017733490702277043,546,0.684981684981685,0.02054983441381335
NQ,780,prev,0.5,follow,0.3,eod,772,0.5479274611398963,0.5126678112789032,0.6075129533678757,-0.021811213389746037,561,0.5579322638146168,0.020016997739660026
NQ,780,prev,0.5,follow,0.3,next,759,0.6693017127799736,0.6350521297464532,0.6693017127799736,-0.021769586500863823,546,0.6941391941391941,0.032572221914201456
NQ,780,prev,0.5,follow,0.5,eod,772,0.36787564766839376,0.3345906320377957,0.5505181347150259,-0.008592456709021846,561,0.37254901960784315,0.01721153565666801
NQ,780,prev,0.5,follow,0.5,next,759,0.6574440052700923,0.6229647483095547,0.6679841897233202,0.002019019357148621,546,0.6721611721611722,0.044605099458228485
NQ,780,prev,0.5,follow,1.0,eod,772,0.13989637305699482,0.11720549901935877,0.5064766839378239,-0.0036881938279545714,561,0.09803921568627451,0.004719394933871575
NQ,780,prev,0.5,follow,1.0,next,716,0.46089385474860334,0.4246873843912616,0.5963687150837989,-0.005330516735871258,504,0.4623015873015873,0.02075647418719292
NQ,780,prev,0.75,fade,0.1,eod,437,0.5446224256292906,0.4977431456086393,0.5446224256292906,-0.25557297011186814,302,0.6754966887417219,0.001594117001930778
NQ,780,prev,0.75,fade,0.1,next,432,0.5416666666666666,0.4945192274495118,0.5416666666666666,-0.2601932002600722,293,0.6825938566552902,0.012262794958883829
NQ,780,prev,0.75,fade,0.2,eod,437,0.5217391304347826,0.47491839290336335,0.5331807780320366,-0.19293683616701948,302,0.5397350993377483,-0.10132323489909742
NQ,780,prev,0.75,fade,0.2,next,432,0.5439814814814815,0.4968321558354339,0.5439814814814815,-0.22410663017406215,293,0.5938566552901023,-0.12407583516879263
NQ,780,prev,0.75,fade,0.3,eod,437,0.4576659038901602,0.4115259011024234,0.5102974828375286,-0.1355681946049608,302,0.4470198675496689,-0.0932191945908165
NQ,780,prev,0.75,fade,0.3,next,432,0.5717592592592593,0.5246663976173918,0.5717592592592593,-0.1649671545782733,293,0.5836177474402731,-0.14010137997183936
NQ,780,prev,0.75,fade,0.5,eod,437,0.32036613272311215,0.2783446187975194,0.45537757437070936,-0.09367579793581698,302,0.33112582781456956,-0.0490101003547246
NQ,780,prev,0.75,fade,0.5,next,432,0.5578703703703703,0.5107309586725356,0.5671296296296297,-0.12369324555905986,293,0.5597269624573379,-0.12695723840433476
NQ,780,prev,0.75,fade,1.0,eod,437,0.10983981693363844,0.08385278230754875,0.40274599542334094,-0.055892765243253324,302,0.152317880794702,-0.0028244278251612176
NQ,780,prev,0.75,fade,1.0,next,425,0.3811764705882353,0.33626074263102557,0.5105882352941177,-0.08705666737344797,288,0.4166666666666667,-0.06768228022946539
NQ,780,prev,0.75,follow,0.1,eod,437,0.6704805491990846,0.625091638411909,0.6704805491990846,-0.05949186874240258,302,0.6688741721854304,0.00041290594031358034
NQ,780,prev,0.75,follow,0.1,next,432,0.6712962962962963,0.6256593407577704,0.6712962962962963,-0.05826500609923313,293,0.6655290102389079,-0.013707470320395935
NQ,780,prev,0.75,follow,0.2,eod,437,0.6796338672768879,0.6344816076842306,0.6910755148741419,0.02523381728034121,302,0.6721854304635762,0.043895545091528564
NQ,780,prev,0.75,follow,0.2,next,432,0.7106481481481481,0.6661781861735236,0.7106481481481481,0.03281367387613662,293,0.7098976109215017,0.05702696614000869
NQ,780,prev,0.75,follow,0.3,eod,437,0.5926773455377574,0.5459963732692505,0.6453089244851259,0.025233143340927307,302,0.5827814569536424,0.0436887996869087
NQ,780,prev,0.75,follow,0.3,next,432,0.7106481481481481,0.6661781861735236,0.7106481481481481,0.0434979063362134,293,0.7167235494880546,0.07101840257139279
NQ,780,prev,0.75,follow,0.5,eod,437,0.4073226544622426,0.3622569076652786,0.6018306636155606,0.045975626512900866,302,0.4271523178807947,0.050183672619109214
NQ,780,prev,0.75,follow,0.5,next,432,0.7152777777777778,0.6709696271520208,0.7245370370370371,0.09199428639604507,293,0.7167235494880546,0.10677629703783315
NQ,780,prev,0.75,follow,1.0,eod,437,0.14874141876430205,0.11844455215714192,0.5491990846681922,0.015456573565188765,302,0.12582781456953643,0.012608394392253103
NQ,780,prev,0.75,follow,1.0,next,427,0.48009367681498827,0.43309465472612924,0.6182669789227166,0.03564180666369019,287,0.5296167247386759,0.0766273951305447
NQ,780,prev,1.0,fade,0.1,eod,216,0.5555555555555556,0.48889146019267704,0.5555555555555556,-0.24083938702887941,150,0.68,0.00826364862618196
NQ,780,prev,1.0,fade,0.1,next,213,0.5539906103286385,0.48686528976259585,0.5539906103286385,-0.24342987311576486,147,0.6870748299319728,0.018885457918795753
NQ,780,prev,1.0,fade,0.2,eod,216,0.5740740740740741,0.5074008248475179,0.5740740740740741,-0.144362079046832,150,0.5866666666666667,-0.05783965681627989
NQ,780,prev,1.0,fade,0.2,next,213,0.5821596244131455,0.5150415220698465,0.5821596244131455,-0.1629640513730306,147,0.6394557823129252,-0.0565127261625285
NQ,780,prev,1.0,fade,0.3,eod,216,0.4861111111111111,0.4202834848831271,0.5277777777777778,-0.13173300733707535,150,0.49333333333333335,-0.06665137217618007
NQ,780,prev,1.0,fade,0.3,next,213,0.5821596244131455,0.5150415220698465,0.5821596244131455,-0.14696693201756908,147,0.6190476190476191,-0.07893987986681722
NQ,780,prev,1.0,fade,0.5,eod,216,0.35185185185185186,0.29126014926669325,0.47685185185185186,-0.08862673530190518,150,0.3933333333333333,-0.015542351780431028
NQ,780,prev,1.0,fade,0.5,next,213,0.5774647887323944,0.5103306291285946,0.5868544600938967,-0.10331567137477023,147,0.5986394557823129,-0.0763417580391792
NQ,780,prev,1.0,fade,1.0,eod,216,0.12962962962962962,0.09123014953550997,0.4074074074074074,-0.06566871867401435,150,0.20666666666666667,0.0294152343191739
NQ,780,prev,1.0,fade,1.0,next,213,0.40375586854460094,0.34013221332399923,0.5258215962441315,-0.09535509078474484,146,0.4794520547945205,-0.04327245149316799
NQ,780,prev,1.0,follow,0.1,eod,216,0.6481481481481481,0.5823788456371708,0.6481481481481481,-0.09540441282529546,150,0.66,-0.016087184127063933
NQ,780,prev,1.0,follow,0.1,next,213,0.6431924882629108,0.5768417095514018,0.6431924882629108,-0.10329695196531814,147,0.6530612244897959,-0.0330740141066389
NQ,780,prev,1.0,follow,0.2,eod,216,0.6898148148148148,0.6252606303661626,0.6898148148148148,0.020196350651792344,150,0.68,0.0431828826241996
NQ,780,prev,1.0,follow,0.2,next,213,0.6995305164319249,0.6348710423970132,0.6995305164319249,0.0143545851595427,147,0.7074829931972789,0.055252024539533054
NQ,780,prev,1.0,follow,0.3,eod,216,0.5972222222222222,0.530667209446227,0.6296296296296297,-3.496766315263049e-05,150,0.56,-0.0010695168818531601
NQ,780,prev,1.0,follow,0.3,next,213,0.6854460093896714,0.62026901473335,0.6854460093896714,0.003587030167883518,147,0.6802721088435374,0.016324033165929376
NQ,780,prev,1.0,follow,0.5,eod,216,0.4675925925925926,0.4022000545221055,0.6018518518518519,0.05210140465855129,150,0.46,-0.0010489427698559162
NQ,780,prev,1.0,follow,0.5,next,213,0.704225352112676,0.6397531379664895,0.7183098591549296,0.08667099368476047,147,0.6802721088435374,0.042193536736960094
NQ,780,prev,1.0,follow,1.0,eod,216,0.18518518518518517,0.13904334197821697,0.5416666666666666,0.01644469100796025,150,0.14666666666666667,-0.004168294851617901
NQ,780,prev,1.0,follow,1.0,next,212,0.5188679245283019,0.4518737564297509,0.6037735849056604,0.017921859928567447,147,0.5510204081632653,0.058711773774533654
NQ,780,prev,1.5,fade,0.1,eod,37,0.4864864864864865,0.33446153327211037,0.4864864864864865,-0.3460290636915571,32,0.78125,0.15896383034457912
NQ,780,prev,1.5,fade,0.1,next,37,0.4864864864864865,0.33446153327211037,0.4864864864864865,-0.3460290636915571,32,0.78125,0.15896383034457912
NQ,780,prev,1.5,fade,0.2,eod,37,0.6486486486486487,0.48758729517569566,0.6486486486486487,-0.06057564782215306,32,0.65625,-0.022675967746893774
NQ,780,prev,1.5,fade,0.2,next,37,0.6486486486486487,0.48758729517569566,0.6486486486486487,-0.06057564782215306,32,0.65625,-0.022675967746893774
NQ,780,prev,1.5,fade,0.3,eod,37,0.5675675675675675,0.40913906334200717,0.5945945945945946,-0.11021150075667828,32,0.65625,0.026705808029173814
NQ,780,prev,1.5,fade,0.3,next,37,0.5945945945945946,0.4348568313132931,0.5945945945945946,-0.13222017570782307,32,0.65625,-0.02046564188660708
NQ,780,prev,1.5,fade,0.5,eod,37,0.4594594594594595,0.31038327828457724,0.5675675675675675,0.0013104946511195575,32,0.5,-0.019069378994194773
NQ,780,prev,1.5,fade,0.5,next,37,0.6756756756756757,0.5146336850482394,0.6756756756756757,0.025858813271855144,32,0.65625,-0.018468553203394696
NQ,780,prev,1.5,fade,1.0,eod,37,0.10810810810810811,0.04285120520506268,0.40540540540540543,-0.11913595875915753,32,0.25,-0.030523057468448706
NQ,780,prev,1.5,fade,1.0,next,37,0.40540540540540543,0.26346295839940137,0.5135135135135135,-0.22163872597200426,32,0.5,-0.15477451230761996
NQ,780,prev,1.5,follow,0.1,eod,37,0.6756756756756757,0.5146336850482394,0.6756756756756757,-0.051591059284073836,32,0.59375,-0.12388393214948115
NQ,780,prev,1.5,follow,0.1,next,37,0.6756756756756757,0.5146336850482394,0.6756756756756757,-0.051591059284073836,32,0.59375,-0.12388393214948115
NQ,780,prev,1.5,follow,0.2,eod,37,0.6216216216216216,0.4610014255281996,0.6216216216216216,-0.11478811013267633,32,0.71875,0.07142317485868477
NQ,780,prev,1.5,follow,0.2,next,37,0.6216216216216216,0.4610014255281996,0.6216216216216216,-0.11478811013267633,32,0.71875,0.07142317485868477
NQ,780,prev,1.5,follow,0.3,eod,37,0.6216216216216216,0.4610014255281996,0.6486486486486487,-0.019297126105154036,32,0.65625,0.056224110898062056
NQ,780,prev,1.5,follow,0.3,next,37,0.6486486486486487,0.48758729517569566,0.6486486486486487,-0.04918011567649602,32,0.75,0.12060554037632826
NQ,780,prev,1.5,follow,0.5,eod,37,0.6216216216216216,0.4610014255281996,0.7567567567567568,0.20096973651361993,32,0.59375,0.07635041473862571
NQ,780,prev,1.5,follow,0.5,next,37,0.7837837837837838,0.628045387261231,0.7837837837837838,0.18461857472031182,32,0.75,0.12237739098802602
NQ,780,prev,1.5,follow,1.0,eod,37,0.21621621621621623,0.11386376851955585,0.5945945945945946,0.039813457888969644,32,0.28125,0.07226528875006374
NQ,780,prev,1.5,follow,1.0,next,37,0.5945945945945946,0.4348568313132931,0.5945945945945946,0.055628561373268076,32,0.59375,-0.01958288109534535
NQ,870,open,0.25,fade,0.1,eod,1216,0.5904605263157895,0.562578074586319,0.5904605263157895,-0.17965181363038918,887,0.6324689966178129,-0.03863549763308502
NQ,870,open,0.25,fade,0.1,next,1193,0.5926236378876781,0.5644875755270342,0.5926236378876781,-0.18054814143577066,863,0.6500579374275782,-0.03719588944355432
NQ,870,open,0.25,fade,0.2,eod,1216,0.5337171052631579,0.5056154503065176,0.578125,-0.08932435335986472,887,0.532130777903044,-0.019890902257269586
NQ,870,open,0.25,fade,0.2,next,1193,0.6186085498742665,0.5907063027810967,0.6186085498742665,-0.10767049918958464,863,0.645422943221321,-0.04260589363586384
NQ,870,open,0.25,fade,0.3,eod,1216,0.41776315789473684,0.39034391572748584,0.5427631578947368,-0.04781254976204416,887,0.3979706877113867,-0.02440712809200035
NQ,870,open,0.25,fade,0.3,next,1193,0.6236378876781223,0.5957904070323514,0.6244761106454317,-0.08820022194233239,863,0.6303592120509849,-0.06387284079056632
NQ,870,open,0.25,fade,0.5,eod,1216,0.20888157894736842,0.1869673515060622,0.4753289473684211,-0.042573309452452864,887,0.22322435174746336,-0.01217228754928868
NQ,870,open,0.25,fade,0.5,next,1174,0.5954003407155025,0.5670570194364477,0.6124361158432708,-0.06545959249783632,847,0.5950413223140496,-0.06579975015382473
NQ,870,open,0.25,fade,1.0,eod,1216,0.04276315789473684,0.03275816864307991,0.45805921052631576,-0.02391427275133896,887,0.043968432919954906,-0.014069283871764662
NQ,870,open,0.25,fade,1.0,next,1008,0.40773809523809523,0.37780694862876507,0.5476190476190477,-0.03979724658577052,722,0.4113573407202216,-0.059369757220910716
NQ,870,open,0.25,follow,0.1,eod,1216,0.6233552631578947,0.5957722002466611,0.625,-0.12643756830019381,887,0.6617812852311161,-0.007960650526060688
NQ,870,open,0.25,follow,0.1,next,1193,0.6303436714165969,0.6025741009047708,0.6303436714165969,-0.12308059516438877,863,0.6674391657010429,-0.011695936447574941
NQ,870,open,0.25,follow,0.2,eod,1216,0.537828947368421,0.5097308426610008,0.5953947368421053,-0.07345773388360949,887,0.5501691093573844,-0.006826103081324315
NQ,870,open,0.25,follow,0.2,next,1193,0.6504610226320201,0.6229593060910708,0.6504610226320201,-0.060390782828476465,863,0.6709154113557358,-0.003795541977720318
NQ,870,open,0.25,follow,0.3,eod,1216,0.41776315789473684,0.39034391572748584,0.555921052631579,-0.04136620008418345,887,0.41488162344983087,0.0004667016964062038
NQ,870,open,0.25,follow,0.3,next,1193,0.6630343671416596,0.6357266907365012,0.6630343671416596,-0.03204710285068257,862,0.6879350348027842,0.02415062929671716
NQ,870,open,0.25,follow,0.5,eod,1216,0.22779605263157895,0.20510110270808268,0.5148026315789473,-0.019696259408129954,887,0.2254791431792559,0.008602496235537866
NQ,870,open,0.25,follow,0.5,next,1178,0.6595925297113752,0.6320532391109267,0.6757215619694398,0.024542577559691317,851,0.6686251468860165,0.04602543669967875
NQ,870,open,0.25,follow,1.0,eod,1216,0.05180921052631579,0.040702702897893545,0.48930921052631576,-0.011978052829976498,887,0.04735062006764374,0.006201755359369029
NQ,870,open,0.25,follow,1.0,next,1010,0.4524752475247525,0.4220160985746407,0.596039603960396,0.021178841601211845,733,0.47885402455661663,0.043003700812193436
NQ,870,open,0.5,fade,0.1,eod,598,0.5852842809364549,0.5453744587899189,0.5852842809364549,-0.19363240273359414,448,0.6629464285714286,0.0009308453440720303
NQ,870,open,0.5,fade,0.1,next,588,0.5850340136054422,0.5447819173218647,0.5850340136054422,-0.19448451419660895,436,0.676605504587156,0.002581332547632167
NQ,870,open,0.5,fade,0.2,eod,598,0.5501672240802675,0.5101002212256296,0.5852842809364549,-0.10398365023353044,448,0.5736607142857143,0.010459335145639138
NQ,870,open,0.5,fade,0.2,next,588,0.6173469387755102,0.5774198347141521,0.6173469387755102,-0.10935071768933997,436,0.6559633027522935,-0.027796315018517426
NQ,870,open,0.5,fade,0.3,eod,598,0.451505016722408,0.41205462094924117,0.5518394648829431,-0.0663889131996944,448,0.43973214285714285,-0.002968039005951606
NQ,870,open,0.5,fade,0.3,next,588,0.6258503401360545,0.586038666733208,0.6275510204081632,-0.0811545463162118,436,0.6330275229357798,-0.05932897769405471
NQ,870,open,0.5,fade,0.5,eod,598,0.22742474916387959,0.19563029407591642,0.46488294314381273,-0.06653868168926785,448,0.27455357142857145,0.019031994174352584
NQ,870,open,0.5,fade,0.5,next,588,0.5952380952380952,0.555069450039893,0.6071428571428571,-0.078521971390122,436,0.6284403669724771,-0.02933331649044244
NQ,870,open,0.5,fade,1.0,eod,598,0.04180602006688963,0.02847497614028332,0.44481605351170567,-0.03967336776499045,448,0.05580357142857143,-0.0043292552938980445
NQ,870,open,0.5,fade,1.0,next,562,0.4288256227758007,0.38852727736182113,0.5302491103202847,-0.06614415283581494,415,0.43614457831325304,-0.038801091569191606
NQ,870,open,0.5,follow,0.1,eod,598,0.6254180602006689,0.5859392729164378,0.6270903010033445,-0.12811385168169054,448,0.640625,-0.04561404543481889
NQ,870,open,0.5,follow,0.1,next,588,0.6309523809523809,0.5912160806636189,0.6309523809523809,-0.12399173930056175,436,0.6467889908256881,-0.042500231470503545
NQ,870,open,0.5,follow,0.2,eod,598,0.580267558528428,0.5403229103707046,0.6237458193979933,-0.04807635723184934,448,0.5401785714285714,-0.05637518509463646
NQ,870,open,0.5,follow,0.2,next,588,0.6717687074829932,0.6328058749729182,0.6717687074829932,-0.030719851614257918,436,0.6376146788990825,-0.05028405715374996
NQ,870,open,0.5,follow,0.3,eod,598,0.47157190635451507,0.4318704974517225,0.5886287625418061,-0.0178435895869365,448,0.42410714285714285,-0.022996630491995303
NQ,870,open,0.5,follow,0.3,next,588,0.6802721088435374,0.6415099771653643,0.6802721088435374,-0.010568728481228631,436,0.676605504587156,0.009704784956411068
NQ,870,open,0.5,follow,0.5,eod,598,0.28595317725752506,0.2511920655958673,0.5434782608695652,0.005180527755144698,448,0.24107142857142858,-0.015971415198549038
NQ,870,open,0.5,follow,0.5,next,588,0.6972789115646258,0.6589612306494661,0.7091836734693877,0.06152704575969125,436,0.6697247706422018,0.030333655753564216
NQ,870,open,0.5,follow,1.0,eod,598,0.07357859531772576,0.055264563865785335,0.5117056856187291,0.0028338981348082076,448,0.05803571428571429,-0.0077922664282671006
NQ,870,open,0.5,follow,1.0,next,558,0.48566308243727596,0.44443336320347593,0.6039426523297491,0.03024720746374154,409,0.4767726161369193,0.03937712664915615
NQ,870,open,0.75,fade,0.1,eod,283,0.5618374558303887,0.5035839991939918,0.5618374558303887,-0.23021518859746376,184,0.657608695652174,-0.009377140585413588
NQ,870,open,0.75,fade,0.1,next,278,0.5611510791366906,0.5023752482487814,0.5611510791366906,-0.2316887586614872,180,0.6722222222222223,-0.004319985334226221
NQ,870,open,0.75,fade,0.2,eod,283,0.5477031802120141,0.48946116881979257,0.5724381625441696,-0.13485224298913903,184,0.6086956521739131,0.03474597374735897
NQ,870,open,0.75,fade,0.2,next,278,0.5971223021582733,0.5385204961371923,0.5971223021582733,-0.1403078201340016,180,0.6777777777777778,0.0036590509722020615
NQ,870,open,0.75,fade,0.3,eod,283,0.45936395759717313,0.4022334927650237,0.5406360424028268,-0.09898172957129284,184,0.5271739130434783,0.04658437540807488
NQ,870,open,0.75,fade,0.3,next,278,0.5935251798561151,0.5348919752926742,0.5935251798561151,-0.13104418464301879,180,0.6666666666666666,-0.014512032726755683
NQ,870,open,0.75,fade,0.5,eod,283,0.22614840989399293,0.18126446594590143,0.4416961130742049,-0.10465046896580874,184,0.3804347826086957,0.06161689545162476
NQ,870,open,0.75,fade,0.5,next,278,0.5611510791366906,0.5023752482487814,0.5683453237410072,-0.1363127443880922,180,0.65,-0.009145243407443927
NQ,870,open,0.75,fade,1.0,eod,283,0.028268551236749116,0.014392130074093845,0.4134275618374558,-0.07129173356053838,184,0.06521739130434782,0.013698612585700121
NQ,870,open,0.75,fade,1.0,next,276,0.42391304347826086,0.36704762286269704,0.5217391304347826,-0.11340096067613838,178,0.46629213483146065,-0.0332197803861368
NQ,870,open,0.75,follow,0.1,eod,283,0.6325088339222615,0.5749114124565516,0.6325088339222615,-0.12132100353493881,184,0.6032608695652174,-0.10371481844251414
NQ,870,open,0.75,follow,0.1,next,278,0.6330935251798561,0.5749817022325721,0.6330935251798561,-0.12092371303405632,180,0.6,-0.11350320521638686
NQ,870,open,0.75,follow,0.2,eod,283,0.6466431095406361,0.589325328878141,0.6749116607773852,0.017462260358531382,184,0.5543478260869565,-0.10242484702408017
NQ,870,open,0.75,follow,0.2,next,278,0.7158273381294964,0.6601473083634687,0.7158273381294964,0.03400309305961398,180,0.6,-0.10673519059765192
NQ,870,open,0.75,follow,0.3,eod,283,0.5547703180212014,0.49651677840233466,0.6537102473498233,0.05188317158933291,184,0.44565217391304346,-0.07441112557553024
NQ,870,open,0.75,follow,0.3,next,278,0.7230215827338129,0.667647471165107,0.7230215827338129,0.05186522203963979,180,0.6277777777777778,-0.06538027654154265
NQ,870,open,0.75,follow,0.5,eod,283,0.3710247349823322,0.31682006026753406,0.607773851590106,0.0620573061686935,184,0.28804347826086957,-0.045830964022918995
NQ,870,open,0.75,follow,0.5,next,278,0.7158273381294964,0.6601473083634687,0.7266187050359713,0.08573597479401385,180,0.6444444444444445,-0.011564662287610054
NQ,870,open,0.75,follow,1.0,eod,283,0.10600706713780919,0.07526887601996829,0.5547703180212014,0.031366099966154595,184,0.07608695652173914,-0.03001720131532364
NQ,870,open,0.75,follow,1.0,next,276,0.5217391304347826,0.46291256257872687,0.6159420289855072,0.03771552291717071,179,0.49162011173184356,-0.004169548539069924
NQ,870,open,1.0,fade,0.1,eod,121,0.512396694214876,0.4243319030267372,0.512396694214876,-0.30705329688180444,70,0.6571428571428571,-0.027988284986452134
NQ,870,open,1.0,fade,0.1,next,120,0.5083333333333333,0.4200238208480169,0.5083333333333333,-0.31365326961162465,69,0.6521739130434783,-0.035515872360263705
NQ,870,open,1.0,fade,0.2,eod,121,0.5041322314049587,0.4162985233990828,0.5371900826446281,-0.17651946224644977,70,0.6571428571428571,0.05961077550520011
NQ,870,open,1.0,fade,0.2,next,120,0.5833333333333334,0.49387868684398173,0.5833333333333334,-0.1612945823328967,69,0.6956521739130435,0.03671738105840277
NQ,870,open,1.0,fade,0.3,eod,121,0.4628099173553719,0.3764803403232706,0.5702479338842975,-0.09325354124015639,70,0.6428571428571429,0.12099706080483928
NQ,870,open,1.0,fade,0.3,next,120,0.6083333333333333,0.5189361630897077,0.6083333333333333,-0.10497446449410118,69,0.7391304347826086,0.10390183302124445
NQ,870,open,1.0,fade,0.5,eod,121,0.2727272727272727,0.2012835839658439,0.4793388429752066,-0.08719538323804746,70,0.45714285714285713,0.04642685188330372
NQ,870,open,1.0,fade,0.5,next,120,0.625,0.5357678452838708,0.6333333333333333,-0.04327741525984759,69,0.6956521739130435,0.042853422996676716
NQ,870,open,1.0,fade,1.0,eod,121,0.024793388429752067,0.008467160919079428,0.4462809917355372,-0.0676313908420586,70,0.11428571428571428,0.023928301560681858
NQ,870,open,1.0,fade,1.0,next,120,0.475,0.3878193727928457,0.5833333333333334,-0.04608933776475228,69,0.5362318840579711,-0.012881237179946324
NQ,870,open,1.0,follow,0.1,eod,121,0.6611570247933884,0.5730213220975752,0.6611570247933884,-0.07695286237775248,70,0.5857142857142857,-0.13637959487453885
NQ,870,open,1.0,follow,0.1,next,120,0.6666666666666666,0.5783093452093498,0.6666666666666666,-0.06900986007584399,69,0.5942028985507246,-0.12361452360624522
NQ,870,open,1.0,follow,0.2,eod,121,0.6694214876033058,0.5815227437972955,0.6776859504132231,0.02322836398456647,70,0.5857142857142857,-0.08851846759519094
NQ,870,open,1.0,follow,0.2,next,120,0.7166666666666667,0.6302963078582111,0.7166666666666667,0.04176661987028226,69,0.6231884057971014,-0.0725500820998179
NQ,870,open,1.0,follow,0.3,eod,121,0.5867768595041323,0.497686903764853,0.6611570247933884,0.05787548862855433,70,0.4714285714285714,-0.12877870935433372
NQ,870,open,1.0,follow,0.3,next,120,0.7166666666666667,0.6302963078582111,0.7166666666666667,0.04798600219296274,69,0.5652173913043478,-0.16417471039202505
NQ,870,open,1.0,follow,0.5,eod,121,0.4297520661157025,0.3450473325021868,0.6033057851239669,0.06117041921422163,70,0.3142857142857143,-0.08995764626106342
NQ,870,open,1.0,follow,0.5,next,120,0.7083333333333334,0.6215559807865156,0.725,0.08591083894207523,69,0.5942028985507246,-0.10195016235851345
NQ,870,open,1.0,follow,1.0,eod,121,0.12396694214876033,0.07658322802477277,0.5289256198347108,0.017690275736794533,70,0.11428571428571428,-0.039019455943619316
NQ,870,open,1.0,follow,1.0,next,120,0.49166666666666664,0.4038741586989492,0.5583333333333333,-0.009513635513304102,69,0.5217391304347826,-0.04915003881637677
NQ,870,prev,0.25,fade,0.1,eod,1356,0.5936578171091446,0.5672867536979723,0.5943952802359882,-0.1722938475845818,970,0.6371134020618556,-0.03703055021126481
NQ,870,prev,0.25,fade,0.1,next,1318,0.5963581183611533,0.5696270602048247,0.5963581183611533,-0.17454523190638466,944,0.6440677966101694,-0.04573255418021438
NQ,870,prev,0.25,fade,0.2,eod,1356,0.5390855457227138,0.5124806910661618,0.5877581120943953,-0.07046457140674793,970,0.5164948453608248,-0.03695614389591749
NQ,870,prev,0.25,fade,0.2,next,1318,0.6320182094081942,0.605633438298498,0.6327769347496206,-0.08735199233981944,944,0.625,-0.0747155536513452
NQ,870,prev,0.25,fade,0.3,eod,1356,0.4299410029498525,0.40382482153861826,0.5523598820058997,-0.02853448912258675,970,0.3835051546391753,-0.03355277977274481
NQ,870,prev,0.25,fade,0.3,next,1318,0.6388467374810318,0.612545394822217,0.6403641881638846,-0.06376815529787103,944,0.6133474576271186,-0.09161347136848919
NQ,870,prev,0.25,fade,0.5,eod,1356,0.21902654867256638,0.19782341438097206,0.48451327433628316,-0.026254197653002277,970,0.20824742268041238,-0.0193321103739315
NQ,870,prev,0.25,fade,0.5,next,1292,0.6021671826625387,0.5752130874688159,0.618421052631579,-0.051350531773385596,928,0.5959051724137931,-0.06780630775888496
NQ,870,prev,0.25,fade,1.0,eod,1356,0.046460176991150445,0.036481101324948716,0.4646017699115044,-0.01700146820924418,970,0.04020618556701031,-0.013090742443285768
NQ,870,prev,0.25,fade,1.0,next,1103,0.3980054397098821,0.36951999875665137,0.5258386219401632,-0.05304868359667562,781,0.43661971830985913,-0.01895987244943357
NQ,870,prev,0.25,follow,0.1,eod,1356,0.6076696165191741,0.581411615249159,0.6106194690265486,-0.14812506431783756,970,0.6628865979381443,-0.003914729977181922
NQ,870,prev,0.25,follow,0.1,next,1318,0.6153262518968133,0.5887609325318827,0.6153262518968133,-0.14646510649219546,944,0.6758474576271186,0.002077765086682816
NQ,870,prev,0.25,follow,0.2,eod,1356,0.5228613569321534,0.49624895896999627,0.584070796460177,-0.09252957125279118,970,0.568041237113402,0.012995080050558576
NQ,870,prev,0.25,follow,0.2,next,1318,0.6441578148710166,0.6179252652704376,0.6441578148710166,-0.07001926911541491,944,0.6970338983050848,0.03253379601195615
NQ,870,prev,0.25,follow,0.3,eod,1356,0.3952802359882006,0.36958826297526165,0.5420353982300885,-0.06550802699436954,970,0.42783505154639173,0.015871995626264516
NQ,870,prev,0.25,follow,0.3,next,1318,0.6547799696509864,0.6286954002205591,0.6555386949924128,-0.04110133380363701,944,0.7086864406779662,0.05532179671622989
NQ,870,prev,0.25,follow,0.5,eod,1356,0.21312684365781712,0.19215595128518012,0.5051622418879056,-0.03247534208921835,970,0.2154639175257732,0.009982545673290934
NQ,870,prev,0.25,follow,0.5,next,1296,0.6442901234567902,0.6178346612976126,0.6628086419753086,0.00836518480436285,931,0.6788399570354458,0.052885034847377214
NQ,870,prev,0.25,follow,1.0,eod,1356,0.04277286135693215,0.033232424181220424,0.4830383480825959,-0.018606556696384103,970,0.04020618556701031,0.006010494192081347
NQ,870,prev,0.25,follow,1.0,next,1114,0.42998204667863554,0.40119913798616325,0.5816876122082585,0.009371815896295661,783,0.4495530012771392,0.0173380088103874
NQ,870,prev,0.5,fade,0.1,eod,819,0.5763125763125763,0.5421907352871888,0.5763125763125763,-0.2000434765523864,610,0.6426229508196721,-0.02473147018623349
NQ,870,prev,0.5,fade,0.1,next,804,0.5808457711442786,0.5464331926081393,0.5808457711442786,-0.19774620461212583,596,0.6510067114093959,-0.035251362275614005
NQ,870,prev,0.5,fade,0.2,eod,819,0.5482295482295483,0.5139990012495104,0.5934065934065934,-0.06871105080316203,610,0.5147540983606558,-0.028238167040708355
NQ,870,prev,0.5,fade,0.2,next,804,0.6318407960199005,0.5979485166336644,0.6318407960199005,-0.08954727878603809,596,0.6258389261744967,-0.07382243718443039
NQ,870,prev,0.5,fade,0.3,eod,819,0.4371184371184371,0.40351805186351525,0.5604395604395604,-0.028013724624748656,610,0.3901639344262295,-0.019756578193115715
NQ,870,prev,0.5,fade,0.3,next,804,0.6330845771144279,0.5992098315413164,0.6330845771144279,-0.07125797202276085,596,0.6174496644295302,-0.08724586233978436
NQ,870,prev,0.5,fade,0.5,eod,819,0.21978021978021978,0.19276383667804808,0.4822954822954823,-0.03271340594454769,610,0.2180327868852459,-0.009913929083175788
NQ,870,prev,0.5,fade,0.5,next,803,0.5853051058530511,0.5509013312680835,0.597758405977584,-0.07287209016596985,596,0.5906040268456376,-0.0749722143458347
NQ,870,prev,0.5,fade,1.0,eod,819,0.045177045177045176,0.03295131837561463,0.4590964590964591,-0.0214662753234186,610,0.047540983606557376,-0.012851455155295424
NQ,870,prev,0.5,fade,1.0,next,751,0.4021304926764314,0.36764543000785643,0.5153129161118508,-0.05902365130719253,558,0.4175627240143369,-0.028943956665824496
NQ,870,prev,0.5,follow,0.1,eod,819,0.6117216117216118,0.5778957607042363,0.6141636141636142,-0.14351331386850413,610,0.6524590163934426,-0.016249184828334675
NQ,870,prev,0.5,follow,0.1,next,804,0.6194029850746269,0.5853482933044177,0.6194029850746269,-0.13937645329029752,596,0.6644295302013423,-0.015182197750911942
NQ,870,prev,0.5,follow,0.2,eod,819,0.5409035409035409,0.5066626099107645,0.5934065934065934,-0.07475218306529569,610,0.5557377049180328,-0.007642426163944476
NQ,870,prev,0.5,follow,0.2,next,804,0.6629353233830846,0.6295537301519853,0.6629353233830846,-0.041399189989456686,596,0.674496644295302,-0.0010513597550087445
NQ,870,prev,0.5,follow,0.3,eod,819,0.42124542124542125,0.3878736092662372,0.5567765567765568,-0.0501767353065719,610,0.43278688524590164,0.016884355423228636
NQ,870,prev,0.5,follow,0.3,next,804,0.6753731343283582,0.6422392139217029,0.6753731343283582,-0.012975939378840768,596,0.7013422818791947,0.04442166129333526
NQ,870,prev,0.5,follow,0.5,eod,819,0.23565323565323565,0.20786235137521128,0.5164835164835165,-0.022944847510417216,610,0.22459016393442624,0.010566665360367046
NQ,870,prev,0.5,follow,0.5,next,804,0.6529850746268657,0.6194234574605139,0.6716417910447762,0.016462111205330008,596,0.674496644295302,0.05473473349597146
NQ,870,prev,0.5,follow,1.0,eod,819,0.04884004884004884,0.03606956330620122,0.4884004884004884,-0.016089621320702047,610,0.04262295081967213,0.0029422525729301025
NQ,870,prev,0.5,follow,1.0,next,761,0.4467805519053876,0.411812502968413,0.59526938239159,0.024069049077328597,554,0.45126353790613716,0.03005073001764708
NQ,870,prev,0.75,fade,0.1,eod,490,0.5755102040816327,0.5313252879396925,0.5755102040816327,-0.20479085345566658,350,0.6485714285714286,-0.02170391341347927
NQ,870,prev,0.75,fade,0.1,next,482,0.5746887966804979,0.5301321510088369,0.5746887966804979,-0.20802112551053475,342,0.6549707602339181,-0.02964674260069564
NQ,870,prev,0.75,fade,0.2,eod,490,0.5571428571428572,0.5128856742038308,0.5959183673469388,-0.06884562680216681,350,0.54,0.004922086291374639
NQ,870,prev,0.75,fade,0.2,next,482,0.6244813278008299,0.5804247823782425,0.6244813278008299,-0.10119931283284382,342,0.6432748538011696,-0.04994295955859246
NQ,870,prev,0.75,fade,0.3,eod,490,0.46122448979591835,0.41755854531571285,0.573469387755102,-0.019598597835770674,350,0.41714285714285715,0.007235182408248296
NQ,870,prev,0.75,fade,0.3,next,482,0.6410788381742739,0.5972943151391371,0.6410788381742739,-0.05877611304223699,342,0.6403508771929824,-0.055656275251078274
NQ,870,prev,0.75,fade,0.5,eod,490,0.22653061224489796,0.1916779226299924,0.48775510204081635,-0.03819525716019246,350,0.2542857142857143,0.011121968213274191
NQ,870,prev,0.75,fade,0.5,next,482,0.5892116182572614,0.5447530048690584,0.6037344398340249,-0.06804669196931856,342,0.5994152046783626,-0.059258778732160254
NQ,870,prev,0.75,fade,1.0,eod,490,0.03469387755102041,0.021771962693699732,0.46122448979591835,-0.03231989043368784,350,0.06,-0.0044394137073623646
NQ,870,prev,0.75,fade,1.0,next,476,0.39915966386554624,0.35614080228068995,0.5210084033613446,-0.06613979126549342,337,0.4362017804154303,-0.014577567461548539
NQ,870,prev,0.75,follow,0.1,eod,490,0.6,0.5560067294848531,0.6040816326530613,-0.1608153800793555,350,0.6571428571428571,-0.010862712390782035
NQ,870,prev,0.75,follow,0.1,next,482,0.6120331950207469,0.567807802995952,0.6120331950207469,-0.15120049248001488,342,0.6695906432748538,-0.007768849695733843
NQ,870,prev,0.75,follow,0.2,eod,490,0.5571428571428572,0.5128856742038308,0.610204081632653,-0.06647843758988822,350,0.5628571428571428,-0.02488988182317543
NQ,870,prev,0.75,follow,0.2,next,482,0.6701244813278008,0.6269494504025159,0.6701244813278008,-0.028468510425154334,342,0.6637426900584795,-0.02205301461001585
NQ,870,prev,0.75,follow,0.3,eod,490,0.44081632653061226,0.3974849656584429,0.573469387755102,-0.03681564023149318,350,0.4257142857142857,-0.01832399922197404
NQ,870,prev,0.75,follow,0.3,next,482,0.6784232365145229,0.6354546959487222,0.6784232365145229,-0.0052383664774155875,342,0.6871345029239766,0.018554058392431284
NQ,870,prev,0.75,follow,0.5,eod,490,0.25510204081632654,0.2185124814979621,0.5306122448979592,-0.014939637750133154,350,0.2342857142857143,-0.008304592592646943
NQ,870,prev,0.75,follow,0.5,next,482,0.6576763485477178,0.6142188602340722,0.6763485477178424,0.02240430756425472,342,0.672514619883041,0.04337381306151388
NQ,870,prev,0.75,follow,1.0,eod,490,0.0673469387755102,0.048353270894540445,0.4959183673469388,-0.00939795168325956,350,0.06285714285714286,-0.005975784634406144
NQ,870,prev,0.75,follow,1.0,next,476,0.45168067226890757,0.4075371724335598,0.592436974789916,0.027198435713798878,337,0.4599406528189911,0.03458182981993894
NQ,870,prev,1.0,fade,0.1,eod,278,0.5719424460431655,0.5131863957309202,0.5719424460431655,-0.21300031346572343,181,0.6464088397790055,-0.03304642995192974
NQ,870,prev,1.0,fade,0.1,next,275,0.5672727272727273,0.5081844213577502,0.5672727272727273,-0.22194315977477921,176,0.6477272727272727,-0.041381343233307076
NQ,870,prev,1.0,fade,0.2,eod,278,0.564748201438849,0.5059759054733943,0.6007194244604317,-0.07993670871692876,181,0.5414364640883977,-0.008162247783727376
NQ,870,prev,1.0,fade,0.2,next,275,0.6290909090909091,0.5705865383455354,0.6290909090909091,-0.09099638794715106,176,0.6420454545454546,-0.05043122112841263
NQ,870,prev,1.0,fade,0.3,eod,278,0.4748201438848921,0.41686186519921137,0.579136690647482,-0.037227026608528994,181,0.46408839779005523,0.030202991225680476
NQ,870,prev,1.0,fade,0.3,next,275,0.6254545454545455,0.5668895270606221,0.6254545454545455,-0.08226554580983417,176,0.6363636363636364,-0.06353969476287696
NQ,870,prev,1.0,fade,0.5,eod,278,0.23741007194244604,0.19118426101476702,0.48201438848920863,-0.05328362317172815,181,0.2983425414364641,0.011691700826940248
NQ,870,prev,1.0,fade,0.5,next,275,0.6,0.5411038038072222,0.6072727272727273,-0.06745535837067233,176,0.625,-0.04825358836623949
NQ,870,prev,1.0,fade,1.0,eod,278,0.02877697841726619,0.014652239153212725,0.4460431654676259,-0.050868581933435165,181,0.06629834254143646,-0.008091643751759761
NQ,870,prev,1.0,fade,1.0,next,275,0.4036363636363636,0.3473611930250763,0.5054545454545455,-0.09484782831540281,176,0.4715909090909091,-0.035670010771884454
NQ,870,prev,1.0,follow,0.1,eod,278,0.6223021582733813,0.5640092907112508,0.6258992805755396,-0.13398210708944114,181,0.6408839779005525,-0.04360435389476998
NQ,870,prev,1.0,follow,0.1,next,275,0.6327272727272727,0.5742869398142337,0.6327272727272727,-0.12244019192510817,176,0.6534090909090909,-0.03294317934304724
NQ,870,prev,1.0,follow,0.2,eod,278,0.5863309352517986,0.5276443450544237,0.6402877697841727,-0.03543648341999737,181,0.6022099447513812,-0.010414324044819208
NQ,870,prev,1.0,follow,0.2,next,275,0.6909090909090909,0.6339738105516299,0.6909090909090909,0.0012403087648113081,176,0.6818181818181818,0.01639905132321842
NQ,870,prev,1.0,follow,0.3,eod,278,0.4784172661870504,0.42039056563763655,0.5971223021582733,-0.024122908926710165,181,0.4530386740331492,-0.027153049741680427
NQ,870,prev,1.0,follow,0.3,next,275,0.68,0.6227111600079865,0.68,-0.004594263794343434,176,0.6647727272727273,-0.009882741489280993
NQ,870,prev,1.0,follow,0.5,eod,278,0.302158273381295,0.2511767232338864,0.5611510791366906,0.01627136805916045,181,0.27624309392265195,-0.006921928081212027
NQ,870,prev,1.0,follow,0.5,next,275,0.6763636363636364,0.6189645058706633,0.6981818181818182,0.04721013981998204,176,0.6818181818181818,0.044450945249135905
NQ,870,prev,1.0,follow,1.0,eod,278,0.08992805755395683,0.06165358884915249,0.5179856115107914,0.006724364416121324,181,0.08839779005524862,0.001448951025485702
NQ,870,prev,1.0,follow,1.0,next,274,0.4635036496350365,0.405369684379064,0.5912408759124088,0.012114588521639533,175,0.49714285714285716,0.03763635367838568
NQ,870,prev,1.5,fade,0.1,eod,57,0.49122807017543857,0.3661606806374018,0.49122807017543857,-0.339878800859782,42,0.6190476190476191,-0.08487029001809678
NQ,870,prev,1.5,fade,0.1,next,56,0.48214285714285715,0.35668005624426746,0.48214285714285715,-0.35444085784980345,42,0.6190476190476191,-0.08487029001809678
NQ,870,prev,1.5,fade,0.2,eod,57,0.5614035087719298,0.43277781142939187,0.5614035087719298,-0.12956074335392662,42,0.5714285714285714,-0.07587570980891217
NQ,870,prev,1.5,fade,0.2,next,56,0.6071428571428571,0.476331653784818,0.6071428571428571,-0.12508207717578476,42,0.5952380952380952,-0.11460234337348062
NQ,870,prev,1.5,fade,0.3,eod,57,0.543859649122807,0.41590460831272247,0.5964912280701754,-0.03782019099233243,42,0.6428571428571429,0.036756051306497645
NQ,870,prev,1.5,fade,0.3,next,56,0.625,0.494051260344893,0.625,-0.08638242782826182,42,0.6428571428571429,-0.040148252232746894
NQ,870,prev,1.5,fade,0.5,eod,57,0.3157894736842105,0.2100412363168152,0.42105263157894735,-0.11014795707413733,42,0.38095238095238093,-0.0004817417129295287
NQ,870,prev,1.5,fade,0.5,next,56,0.5892857142857143,0.45877362113703657,0.6071428571428571,-0.09012841716189114,42,0.5952380952380952,-0.12422279818050319
NQ,870,prev,1.5,fade,1.0,eod,57,0.0,0.0,0.3333333333333333,-0.1286237975356621,42,0.047619047619047616,-0.07905531897200867
NQ,870,prev,1.5,fade,1.0,next,56,0.48214285714285715,0.35668005624426746,0.5178571428571429,-0.14226777630748774,42,0.5238095238095238,-0.11596349506392445
NQ,870,prev,1.5,follow,0.1,eod,57,0.6842105263157895,0.5551998120281706,0.6842105263157895,-0.04354804490312866,42,0.6428571428571429,-0.049548106426922145
NQ,870,prev,1.5,follow,0.1,next,56,0.6964285714285714,0.5666388751588567,0.6964285714285714,-0.025596988225733718,42,0.6428571428571429,-0.049548106426922145
NQ,870,prev,1.5,follow,0.2,eod,57,0.7543859649122807,0.6289745615892073,0.7719298245614035,0.133024618407802,42,0.6666666666666666,-0.006566474966027118
NQ,870,prev,1.5,follow,0.2,next,56,0.7857142857142857,0.6618028634399505,0.7857142857142857,0.14699461603206637,42,0.6666666666666666,-0.006566474966027118
NQ,870,prev,1.5,follow,0.3,eod,57,0.631578947368421,0.5017755948554761,0.7719298245614035,0.13448561051733476,42,0.5952380952380952,0.006209086180033846
NQ,870,prev,1.5,follow,0.3,next,56,0.75,0.6230710799856808,0.75,0.10375799544880351,42,0.7142857142857143,0.06710429981510488
NQ,870,prev,1.5,follow,0.5,eod,57,0.43859649122807015,0.31772495285894004,0.7543859649122807,0.14660836793534515,42,0.5,0.1374910996511384
NQ,870,prev,1.5,follow,0.5,next,56,0.7142857142857143,0.5852450091364125,0.7321428571428571,0.09188263064226847,42,0.8333333333333334,0.2476722458181327
NQ,870,prev,1.5,follow,1.0,eod,57,0.14035087719298245,0.07287189227128286,0.6666666666666666,0.06176179590708189,42,0.16666666666666666,0.06532958069038336
NQ,870,prev,1.5,follow,1.0,next,56,0.5,0.37331520958682995,0.5714285714285714,0.009139062012104324,42,0.6428571428571429,0.04985903089432805
NQ,930,open,0.25,fade,0.1,eod,1267,0.5714285714285714,0.5440033985884839,0.5864246250986582,-0.14305017399419148,976,0.6424180327868853,0.016070044347889258
NQ,930,open,0.25,fade,0.1,next,1241,0.613215149073328,0.5858089672701592,0.613215149073328,-0.14884413259804793,949,0.6912539515279241,0.023633890106919794
NQ,930,open,0.25,fade,0.2,eod,1267,0.40094711917916337,0.3742993653911979,0.5114443567482242,-0.06985179862485448,976,0.4323770491803279,0.005493458494963671
NQ,930,open,0.25,fade,0.2,next,1241,0.6236905721192587,0.5963935228701354,0.6236905721192587,-0.10894526854507544,949,0.6743940990516333,-0.001584612825918491
NQ,930,open,0.25,fade,0.3,eod,1267,0.24230465666929754,0.2195127556787298,0.47987371744277824,-0.04098983483477471,976,0.257172131147541,0.0018396097184812342
NQ,930,open,0.25,fade,0.3,next,1241,0.6220789685737309,0.594764265617758,0.6244963738920226,-0.09434922402410707,949,0.6480505795574288,-0.03838513398230944
NQ,930,open,0.25,fade,0.5,eod,1267,0.07813733228097869,0.06460143084988945,0.4585635359116022,-0.03141374378338757,976,0.09836065573770492,-0.002480933879754003
NQ,930,open,0.25,fade,0.5,next,1207,0.584092792046396,0.5560626602065696,0.6031483015741508,-0.06831550546570293,940,0.6170212765957447,-0.04122364170084689
NQ,930,open,0.25,fade,1.0,eod,1267,0.006314127861089187,0.0032028468195731737,0.4554064719810576,-0.018347247667687985,976,0.014344262295081968,-0.0017117878315062146
NQ,930,open,0.25,fade,1.0,next,1029,0.3974732750242954,0.3680065115281598,0.5451895043731778,-0.03176579858143378,777,0.42084942084942084,-0.03529550566984021
NQ,930,open,0.25,follow,0.1,eod,1267,0.5445935280189423,0.5170775913304624,0.5737963693764798,-0.1737421377861673,976,0.5706967213114754,-0.08085396980053468
NQ,930,open,0.25,follow,0.1,next,1241,0.5962933118452861,0.5687385390399385,0.5962933118452861,-0.17612261484010877,949,0.6101159114857745,-0.10396459649354522
NQ,930,open,0.25,follow,0.2,eod,1267,0.38752959747434884,0.36108157926100637,0.5122336227308603,-0.08554897514265977,976,0.4047131147540984,-0.034103684246286424
NQ,930,open,0.25,follow,0.2,next,1241,0.6567284448025785,0.6298642280729366,0.6567284448025785,-0.05491528925545011,949,0.6638566912539515,-0.01863087010999806
NQ,930,open,0.25,follow,0.3,eod,1267,0.22415153906866614,0.20204205276080583,0.4617205998421468,-0.06382360261675143,976,0.25,-0.024389957472999144
NQ,930,open,0.25,follow,0.3,next,1240,0.6645161290322581,0.637763206031206,0.6661290322580645,-0.030785452463466992,949,0.678609062170706,0.006146347692861222
NQ,930,open,0.25,follow,0.5,eod,1267,0.09076558800315707,0.07615967336424505,0.4451460142067877,-0.03326750821210416,976,0.09221311475409837,-0.01301908116705826
NQ,930,open,0.25,follow,0.5,next,1210,0.6421487603305785,0.6147274167645805,0.6636363636363637,0.015134133969477034,932,0.6373390557939914,0.002749954229993571
NQ,930,open,0.25,follow,1.0,eod,1267,0.013417521704814523,0.008393879249925715,0.4404104183109708,-0.013267716666500486,976,0.009221311475409836,-0.007334831587505894
NQ,930,open,0.25,follow,1.0,next,1036,0.41505791505791506,0.38542101726400657,0.5781853281853282,0.011830648729755212,804,0.44029850746268656,0.009563197573539165
NQ,930,open,0.5,fade,0.1,eod,664,0.5783132530120482,0.5404062657620914,0.588855421686747,-0.15386876484373657,519,0.651252408477842,0.008228868727049761
NQ,930,open,0.5,fade,0.1,next,655,0.6137404580152672,0.5758923539880392,0.6137404580152672,-0.14910353194202994,505,0.6772277227722773,0.0019501107804171618
NQ,930,open,0.5,fade,0.2,eod,664,0.43373493975903615,0.39652685560562856,0.5316265060240963,-0.0711553456712662,519,0.47591522157996147,0.02651453614284254
NQ,930,open,0.5,fade,0.2,next,655,0.6305343511450382,0.5929094719344896,0.6305343511450382,-0.09053880606125353,505,0.697029702970297,0.03405097154360117
NQ,930,open,0.5,fade,0.3,eod,664,0.29066265060240964,0.25740757418012683,0.49698795180722893,-0.034233760461446314,519,0.32947976878612717,0.030431424085982525
NQ,930,open,0.5,fade,0.3,next,655,0.6351145038167939,0.5975587071895789,0.6366412213740458,-0.0742694946089411,505,0.6712871287128713,0.00046830512910477404
NQ,930,open,0.5,fade,0.5,eod,664,0.10240963855421686,0.0815884704324234,0.4743975903614458,-0.029434679721079913,519,0.1252408477842004,0.013263244238272964
NQ,930,open,0.5,fade,0.5,next,655,0.5725190839694656,0.5343176141745039,0.5847328244274809,-0.09406160090416885,505,0.6198019801980198,-0.05328686565909864
NQ,930,open,0.5,fade,1.0,eod,664,0.009036144578313253,0.00414768248258437,0.4713855421686747,-0.018340260614743222,519,0.017341040462427744,0.007099429020783433
NQ,930,open,0.5,fade,1.0,next,625,0.4016,0.3638805950506804,0.5184,-0.051395341845838195,472,0.451271186440678,-0.019996335316195487
NQ,930,open,0.5,follow,0.1,eod,664,0.5677710843373494,0.5298073488127261,0.588855421686747,-0.15680133884828962,519,0.558766859344894,-0.11367297923968973
NQ,930,open,0.5,follow,0.1,next,655,0.6030534351145038,0.565087489797666,0.6030534351145038,-0.16621577211133837,505,0.5881188118811881,-0.13143244752233227
NQ,930,open,0.5,follow,0.2,eod,664,0.42620481927710846,0.3891203697725245,0.5240963855421686,-0.09182893151135,519,0.42196531791907516,-0.0620879961149152
NQ,930,open,0.5,follow,0.2,next,655,0.6534351145038167,0.6161916096752326,0.6534351145038167,-0.06236642486097261,505,0.6594059405940594,-0.02463447999380234
NQ,930,open,0.5,follow,0.3,eod,664,0.2605421686746988,0.22860101204649863,0.46536144578313254,-0.07463392291906361,519,0.279383429672447,-0.04656118280427329
NQ,930,open,0.5,follow,0.3,next,655,0.6687022900763359,0.631764070068775,0.6702290076335878,-0.02976373087238287,505,0.6613861386138614,-0.017671789477135776
NQ,930,open,0.5,follow,0.5,eod,664,0.10843373493975904,0.08699692742245133,0.44126506024096385,-0.03841096781311318,519,0.10404624277456648,-0.028799493235392975
NQ,930,open,0.5,follow,0.5,next,655,0.6534351145038167,0.6161916096752326,0.6702290076335878,0.0082302324630648,505,0.6158415841584158,-0.037996450411066106
NQ,930,open,0.5,follow,1.0,eod,664,0.01957831325301205,0.011476665506726455,0.4322289156626506,-0.015299663825082766,519,0.011560693641618497,-0.0163542393672502
NQ,930,open,0.5,follow,1.0,next,620,0.4258064516129032,0.3874586377881353,0.5919354838709677,0.012993756122666532,474,0.4767932489451477,0.03626965887856115
NQ,930,open,0.75,fade,0.1,eod,313,0.5878594249201278,0.5325843003051471,0.597444089456869,-0.145752237761378,223,0.6681614349775785,0.013943137199644719
NQ,930,open,0.75,fade,0.1,next,308,0.6168831168831169,0.5614659803446872,0.6168831168831169,-0.14267703101801807,218,0.6743119266055045,-0.003707138055083714
NQ,930,open,0.75,fade,0.2,eod,313,0.476038338658147,0.42133531614836783,0.5527156549520766,-0.0795110175259444,223,0.5650224215246636,0.05658115937617507
NQ,930,open,0.75,fade,0.2,next,308,0.6428571428571429,0.58788584629371,0.6428571428571429,-0.06963779180908848,218,0.7018348623853211,0.04131166401498428
NQ,930,open,0.75,fade,0.3,eod,313,0.33865814696485624,0.28846673904697595,0.5143769968051118,-0.04466542358362761,223,0.4260089686098655,0.061815876346723767
NQ,930,open,0.75,fade,0.3,next,308,0.6525974025974026,0.5978361576463677,0.6525974025974026,-0.041227513987465346,218,0.6467889908256881,-0.036985380337630165
NQ,930,open,0.75,fade,0.5,eod,313,0.10543130990415335,0.07606226163638433,0.4792332268370607,-0.05379433552460177,223,0.19282511210762332,0.04203881285385226
NQ,930,open,0.75,fade,0.5,next,308,0.5746753246753247,0.5188744422736675,0.5811688311688312,-0.11038015319817528,218,0.6192660550458715,-0.06730483713488124
NQ,930,open,0.75,fade,1.0,eod,313,0.006389776357827476,0.0017540229665585928,0.476038338658147,-0.03482617284520882,223,0.03139013452914798,0.01907505306135187
NQ,930,open,0.75,fade,1.0,next,307,0.43973941368078173,0.3852994436231916,0.5439739413680782,-0.05708742103565429,218,0.48623853211009177,0.010102502412974905
NQ,930,open,0.75,follow,0.1,eod,313,0.610223642172524,0.5551689891190559,0.6230031948881789,-0.11445158836583708,223,0.5515695067264574,-0.16551149036677212
NQ,930,open,0.75,follow,0.1,next,308,0.6298701298701299,0.5746554039902667,0.6298701298701299,-0.1240278625222609,218,0.5596330275229358,-0.17587452550597565
NQ,930,open,0.75,follow,0.2,eod,313,0.4984025559105431,0.44336616121203914,0.5718849840255591,-0.04415323316697843,223,0.4618834080717489,-0.11442294228961075
NQ,930,open,0.75,follow,0.2,next,308,0.6883116883116883,0.6345302264732742,0.6883116883116883,6.502232930000977e-05,218,0.6146788990825688,-0.0960402578543323
NQ,930,open,0.75,follow,0.3,eod,313,0.3354632587859425,0.285430294355433,0.4952076677316294,-0.03733017418559299,223,0.32286995515695066,-0.0734714857383836
NQ,930,open,0.75,follow,0.3,next,308,0.6818181818181818,0.6278333656689725,0.6818181818181818,-0.009418831428650345,218,0.6559633027522935,-0.025660440767975207
NQ,930,open,0.75,follow,0.5,eod,313,0.1501597444089457,0.11483829052341696,0.46006389776357826,-0.014296432279484376,223,0.13452914798206278,-0.046895559438209146
NQ,930,open,0.75,follow,0.5,next,308,0.6753246753246753,0.6211479100690921,0.6785714285714286,0.020136230125115586,218,0.6467889908256881,-0.002387043366140497
NQ,930,open,0.75,follow,1.0,eod,313,0.03194888178913738,0.01744467813317713,0.4440894568690096,1.4478459221512131e-05,223,0.017937219730941704,-0.02968531100569809
NQ,930,open,0.75,follow,1.0,next,303,0.45874587458745875,0.40350474173356365,0.5808580858085809,0.015202696435804052,216,0.5138888888888888,0.05702706284072567
NQ,930,open,1.0,fade,0.1,eod,157,0.6114649681528662,0.5334274375437529,0.6178343949044586,-0.1262015364520848,95,0.6,-0.08317622685345234
NQ,930,open,1.0,fade,0.1,next,155,0.632258064516129,0.5540030375055804,0.632258064516129,-0.12126863455216273,95,0.6210526315789474,-0.0824482384279446
NQ,930,open,1.0,fade,0.2,eod,157,0.47770700636942676,0.40104162647910174,0.5668789808917197,-0.08147216580179494,95,0.6105263157894737,0.02866010645576618
NQ,930,open,1.0,fade,0.2,next,155,0.6193548387096774,0.5409031797143876,0.6193548387096774,-0.10559640291724362,95,0.7052631578947368,0.0416810595329607
NQ,930,open,1.0,fade,0.3,eod,157,0.33121019108280253,0.2623933009329,0.535031847133758,-0.05437977305834702,95,0.5263157894736842,0.05758615753019426
NQ,930,open,1.0,fade,0.3,next,155,0.6451612903225806,0.5671590959007413,0.6451612903225806,-0.055116051388745015,95,0.6842105263157895,0.018502772933262843
NQ,930,open,1.0,fade,0.5,eod,157,0.16560509554140126,0.11559076610937735,0.5031847133757962,-0.044287511728335956,95,0.28421052631578947,0.050578804097780976
NQ,930,open,1.0,fade,0.5,next,155,0.5870967741935483,0.5083923688988405,0.5935483870967742,-0.0983222957555235,95,0.6421052631578947,-0.05080089833954315
NQ,930,open,1.0,fade,1.0,eod,157,0.012738853503184714,0.003500359846930347,0.4968152866242038,-0.03149255644707026,95,0.031578947368421054,0.01596277323666558
NQ,930,open,1.0,fade,1.0,next,155,0.47096774193548385,0.39404010770828635,0.5741935483870968,-0.0476436139937305,95,0.5052631578947369,0.025475054179120275
NQ,930,open,1.0,follow,0.1,eod,157,0.6305732484076433,0.552798011217552,0.6305732484076433,-0.105054774057046,95,0.5578947368421052,-0.1671610888794743
NQ,930,open,1.0,follow,0.1,next,155,0.6451612903225806,0.5671590959007413,0.6451612903225806,-0.10226732695411461,95,0.5684210526315789,-0.16215183016172302
NQ,930,open,1.0,follow,0.2,eod,157,0.5159235668789809,0.438308661025277,0.5605095541401274,-0.06447603875122578,95,0.5263157894736842,-0.07948398822688311
NQ,930,open,1.0,follow,0.2,next,155,0.6709677419354839,0.5936451491801912,0.6709677419354839,-0.02721950168083147,95,0.6210526315789474,-0.09381794822917255
NQ,930,open,1.0,follow,0.3,eod,157,0.34394904458598724,0.27416871221026473,0.4713375796178344,-0.06617025608805346,95,0.4,-0.08196336039901883
NQ,930,open,1.0,follow,0.3,next,155,0.6516129032258065,0.573758596525986,0.6516129032258065,-0.06426009601520652,95,0.5894736842105263,-0.1293262895340148
NQ,930,open,1.0,follow,0.5,eod,157,0.1910828025477707,0.13725447789017156,0.445859872611465,-0.01771070731772877,95,0.22105263157894736,-0.04591305190628694
NQ,930,open,1.0,follow,0.5,next,155,0.6774193548387096,0.6003040219082607,0.6838709677419355,0.03327499361674509,95,0.6421052631578947,-0.017950261324447613
NQ,930,open,1.0,follow,1.0,eod,157,0.050955414012738856,0.026042771818301898,0.42038216560509556,-0.0033076281726885388,95,0.031578947368421054,-0.030059718859999113
NQ,930,open,1.0,follow,1.0,next,155,0.4967741935483871,0.4190959919093806,0.5612903225806452,-0.0010552268392837003,95,0.5473684210526316,0.07469610487263616
NQ,930,open,1.5,fade,0.1,eod,32,0.59375,0.4225972657298823,0.625,-0.13887409780120213,24,0.5,-0.26495933398569393
NQ,930,open,1.5,fade,0.1,next,32,0.625,0.45254100589525126,0.625,-0.12757026194426524,24,0.5,-0.26495933398569393
NQ,930,open,1.5,fade,0.2,eod,32,0.46875,0.30869129901682335,0.53125,-0.20865903910332279,24,0.5416666666666666,-0.19466840247682526
NQ,930,open,1.5,fade,0.2,next,32,0.53125,0.3644923793257382,0.53125,-0.23735408917538992,24,0.5416666666666666,-0.19466840247682526
NQ,930,open,1.5,fade,0.3,eod,32,0.40625,0.255194024803138,0.5,-0.13674657291146444,24,0.5,-0.13534934823329844
NQ,930,open,1.5,fade,0.3,next,32,0.59375,0.4225972657298823,0.59375,-0.13160679717923696,24,0.5833333333333334,-0.12940819758661776
NQ,930,open,1.5,fade,0.5,eod,32,0.1875,0.08889423936162782,0.46875,-0.13348263987349246,24,0.20833333333333334,-0.1502397967479669
NQ,930,open,1.5,fade,0.5,next,32,0.53125,0.3644923793257382,0.53125,-0.21773071754139986,24,0.5833333333333334,-0.14176263250476975
NQ,930,open,1.5,fade,1.0,eod,32,0.0,0.0,0.4375,-0.08683224791491603,24,0.041666666666666664,-0.07897282610434436
NQ,930,open,1.5,fade,1.0,next,32,0.625,0.45254100589525126,0.65625,0.04597531907868739,24,0.75,0.20319598979957934
NQ,930,open,1.5,follow,0.1,eod,32,0.625,0.45254100589525126,0.625,-0.11103465555014382,24,0.5416666666666666,-0.2018542390061748
NQ,930,open,1.5,follow,0.1,next,32,0.625,0.45254100589525126,0.625,-0.13148174519249067,24,0.5416666666666666,-0.2018542390061748
NQ,930,open,1.5,follow,0.2,eod,32,0.5625,0.3932530203122613,0.59375,-0.06677554638993577,24,0.7916666666666666,0.21941106576407612
NQ,930,open,1.5,follow,0.2,next,32,0.6875,0.514330003019676,0.6875,0.00015788104346069892,24,0.8333333333333334,0.1720298210816957
NQ,930,open,1.5,follow,0.3,eod,32,0.46875,0.30869129901682335,0.5625,-0.020276791068884643,24,0.625,0.12306147712592519
NQ,930,open,1.5,follow,0.3,next,32,0.75,0.5789310822975338,0.75,0.10466341255975803,24,0.7916666666666666,0.14922950848265237
NQ,930,open,1.5,follow,0.5,eod,32,0.34375,0.20410233354328552,0.5625,0.08245972489811806,24,0.5,0.11473912295038442
NQ,930,open,1.5,follow,0.5,next,32,0.75,0.5789310822975338,0.75,0.11310239939727501,24,0.6666666666666666,0.0281051784001915
NQ,930,open,1.5,follow,1.0,eod,32,0.15625,0.06864319106627216,0.5,0.049585328096218025,24,0.08333333333333333,0.04973069570934765
NQ,930,open,1.5,follow,1.0,next,32,0.53125,0.3644923793257382,0.5625,-0.07502452074895657,24,0.5833333333333334,-0.011579816523327091
NQ,930,prev,0.25,fade,0.1,eod,1398,0.5643776824034334,0.5382441359983379,0.5801144492131617,-0.14669689309725423,1025,0.624390243902439,-0.012616006473395978
NQ,930,prev,0.25,fade,0.1,next,1359,0.6114790286975718,0.5852848409421999,0.6114790286975718,-0.15159505878314983,990,0.6656565656565656,-0.01688311040728518
NQ,930,prev,0.25,fade,0.2,eod,1398,0.3927038626609442,0.36743157949632266,0.5092989985693849,-0.06810246456244562,1025,0.4175609756097561,-0.008693772720332326
NQ,930,prev,0.25,fade,0.2,next,1359,0.6306107431935246,0.6046153839637712,0.6306107431935246,-0.09871349412799629,990,0.6565656565656566,-0.030691481231773395
NQ,930,prev,0.25,fade,0.3,eod,1398,0.23533619456366237,0.21384282441412086,0.4699570815450644,-0.04010748523826709,1025,0.24878048780487805,-0.007661059331830351
NQ,930,prev,0.25,fade,0.3,next,1359,0.6298749080206034,0.6038711134004915,0.6320824135393672,-0.08042247363216865,990,0.6353535353535353,-0.060315933496812024
NQ,930,prev,0.25,fade,0.5,eod,1398,0.0765379113018598,0.06373278565730005,0.44849785407725323,-0.032447367983865195,1025,0.09560975609756098,-0.0030245930384008722
NQ,930,prev,0.25,fade,0.5,next,1324,0.5906344410876133,0.5639226126220329,0.6080060422960725,-0.055972257971397495,976,0.6045081967213115,-0.0492600956035047
NQ,930,prev,0.25,fade,1.0,eod,1398,0.00715307582260372,0.003889980016033994,0.4456366237482117,-0.017666728347584395,1025,0.013658536585365854,-0.0026415060466678177
NQ,930,prev,0.25,fade,1.0,next,1116,0.3781362007168459,0.35014913588149194,0.5197132616487455,-0.05568441868010572,813,0.4317343173431734,-0.014985524585830247
NQ,930,prev,0.25,follow,0.1,eod,1398,0.5486409155937053,0.5224570355827654,0.575107296137339,-0.16521781812839664,1025,0.5882926829268292,-0.05613603617932325
NQ,930,prev,0.25,follow,0.1,next,1359,0.6026490066225165,0.5763772326992377,0.6026490066225165,-0.165682362039933,990,0.6353535353535353,-0.07281837759075653
NQ,930,prev,0.25,follow,0.2,eod,1398,0.3812589413447783,0.35615666389116635,0.5157367668097281,-0.07808104736157842,1025,0.4146341463414634,-0.01949858811708926
NQ,930,prev,0.25,follow,0.2,next,1359,0.6629874908020603,0.6374275909390807,0.6629874908020603,-0.044984457480701776,990,0.692929292929293,0.024127847729137498
NQ,930,prev,0.25,follow,0.3,eod,1398,0.2224606580829757,0.2014361420004916,0.47353361945636624,-0.054713003264898134,1025,0.24780487804878049,-0.01841823543721941
NQ,930,prev,0.25,follow,0.3,next,1358,0.6634756995581738,0.6379137971553753,0.666421207658321,-0.029416174881700747,990,0.6888888888888889,0.025883056671551535
NQ,930,prev,0.25,follow,0.5,eod,1398,0.07868383404864092,0.06569656631019932,0.4542203147353362,-0.0325291583956916,1025,0.08390243902439025,-0.010695191778359316
NQ,930,prev,0.25,follow,0.5,next,1333,0.6339084771192798,0.6076967641400649,0.6646661665416355,0.010828851939346396,978,0.6482617586912065,0.023093411888846855
NQ,930,prev,0.25,follow,1.0,eod,1398,0.013590844062947067,0.008717762640732301,0.45064377682403434,-0.013237736529174832,1025,0.00975609756097561,-0.006174242237862865
NQ,930,prev,0.25,follow,1.0,next,1117,0.39928379588182633,0.3709548175054244,0.5729632945389436,0.003134627761137722,819,0.43956043956043955,0.014589127535370313
NQ,930,prev,0.5,fade,0.1,eod,855,0.5730994152046783,0.5396898816246439,0.5871345029239766,-0.14041469996717884,662,0.6374622356495468,0.003482803208652632
NQ,930,prev,0.5,fade,0.1,next,838,0.616945107398568,0.5835677552639522,0.616945107398568,-0.14227080726323976,646,0.6857585139318886,0.012810523865809128
NQ,930,prev,0.5,fade,0.2,eod,855,0.4,0.36767962551006955,0.5157894736842106,-0.06563132871603705,662,0.44410876132930516,0.009513886401216674
NQ,930,prev,0.5,fade,0.2,next,838,0.6229116945107399,0.589606231671789,0.6229116945107399,-0.10569784070132303,646,0.6780185758513931,0.0054683337871851935
NQ,930,prev,0.5,fade,0.3,eod,855,0.25146198830409355,0.22353607004090956,0.4818713450292398,-0.03614359810398625,662,0.2809667673716012,0.006730694526172379
NQ,930,prev,0.5,fade,0.3,next,838,0.6276849642004774,0.5944407940156105,0.6288782816229117,-0.08173292870883093,646,0.651702786377709,-0.035839451667128305
NQ,930,prev,0.5,fade,0.5,eod,855,0.08421052631578947,0.06740453197115262,0.45730994152046783,-0.031072238582993312,662,0.10876132930513595,0.005211900937248807
NQ,930,prev,0.5,fade,0.5,next,837,0.5746714456391876,0.540911271890424,0.5961768219832736,-0.06712512584179273,646,0.6099071207430341,-0.0444963947656477
NQ,930,prev,0.5,fade,1.0,eod,855,0.00935672514619883,0.00474861472825723,0.45380116959064326,-0.018092549194426304,662,0.01812688821752266,0.000576473178392599
NQ,930,prev,0.5,fade,1.0,next,780,0.3769230769230769,0.34359440946632636,0.5102564102564102,-0.0508734004881043,601,0.43261231281198004,-0.004856827162912866
NQ,930,prev,0.5,follow,0.1,eod,855,0.5637426900584795,0.5302889489731525,0.591812865497076,-0.14107634317460527,662,0.5725075528700906,-0.0908090744460986
NQ,930,prev,0.5,follow,0.1,next,838,0.6109785202863962,0.5775344864144418,0.6109785202863962,-0.15257318032710723,646,0.608359133126935,-0.11954364800065903
NQ,930,prev,0.5,follow,0.2,eod,855,0.3883040935672515,0.35620470651910485,0.5181286549707602,-0.08380819398246214,662,0.41842900302114805,-0.03906723542786886
NQ,930,prev,0.5,follow,0.2,next,838,0.652744630071599,0.6198785002877418,0.652744630071599,-0.060742007889299454,646,0.6795665634674922,0.0012180818999869064
NQ,930,prev,0.5,follow,0.3,eod,855,0.23157894736842105,0.20454109595427664,0.47485380116959064,-0.060711117101288244,662,0.26132930513595165,-0.034223329837200334
NQ,930,prev,0.5,follow,0.3,next,838,0.665871121718377,0.6332417448952725,0.6682577565632458,-0.03002125238274146,646,0.6795665634674922,0.010008146306292562
NQ,930,prev,0.5,follow,0.5,eod,855,0.09005847953216374,0.07265895686706564,0.45614035087719296,-0.03350667830168369,662,0.09667673716012085,-0.019851044893386897
NQ,930,prev,0.5,follow,0.5,next,838,0.639618138424821,0.6065420857474839,0.6694510739856802,0.01574162315596884,646,0.6439628482972136,0.018280370927430005
NQ,930,prev,0.5,follow,1.0,eod,855,0.0152046783625731,0.008906833891642105,0.4502923976608187,-0.01383570122696257,662,0.012084592145015106,-0.01070827662450812
NQ,930,prev,0.5,follow,1.0,next,788,0.40609137055837563,0.3723374341888258,0.5812182741116751,0.010448742218714982,596,0.4429530201342282,0.020855652215947595
NQ,930,prev,0.75,fade,0.1,eod,513,0.5730994152046783,0.5299088374682052,0.5828460038986355,-0.15299156654727822,395,0.6481012658227848,0.011162258151677387
NQ,930,prev,0.75,fade,0.1,next,506,0.6067193675889329,0.5635058880552705,0.6067193675889329,-0.15738543379497186,387,0.6873385012919897,0.012949165079717917
NQ,930,prev,0.75,fade,0.2,eod,513,0.42105263157894735,0.37906917103570426,0.5165692007797271,-0.07446248178800556,395,0.4835443037974684,0.03764009990789476
NQ,930,prev,0.75,fade,0.2,next,506,0.6343873517786561,0.5915576817636174,0.6343873517786561,-0.08534844538881425,387,0.6950904392764858,0.028901782470879052
NQ,930,prev,0.75,fade,0.3,eod,513,0.28460038986354774,0.2472667119156452,0.48148148148148145,-0.03913505553812401,395,0.3139240506329114,0.02940006753032667
NQ,930,prev,0.75,fade,0.3,next,506,0.6482213438735178,0.6056384856871335,0.6482213438735178,-0.04920286289559967,387,0.648578811369509,-0.04338743255177308
NQ,930,prev,0.75,fade,0.5,eod,513,0.09746588693957114,0.07471312877759625,0.4580896686159844,-0.030556938211443327,395,0.12151898734177215,0.016475534793964082
NQ,930,prev,0.75,fade,0.5,next,506,0.575098814229249,0.5316197031961654,0.5948616600790514,-0.06905013340031918,387,0.6098191214470284,-0.051378530471599196
NQ,930,prev,0.75,fade,1.0,eod,513,0.01364522417153996,0.006625042757439739,0.45419103313840153,-0.017125897866229603,395,0.02531645569620253,0.004956874639016883
NQ,930,prev,0.75,fade,1.0,next,500,0.408,0.3657816336552564,0.528,-0.03284513460706856,379,0.44063324538258575,-0.0060326582987876905
NQ,930,prev,0.75,follow,0.1,eod,513,0.5847953216374269,0.5416778435783068,0.6101364522417154,-0.1225962238090214,395,0.5670886075949367,-0.10737995663431982
NQ,930,prev,0.75,follow,0.1,next,506,0.6304347826086957,0.5875414065148181,0.6304347826086957,-0.12162408136629993,387,0.599483204134367,-0.11413962124845119
NQ,930,prev,0.75,follow,0.2,eod,513,0.42105263157894735,0.37906917103570426,0.5360623781676414,-0.08172576232316921,395,0.43544303797468353,-0.055427812409191285
NQ,930,prev,0.75,follow,0.2,next,506,0.6620553359683794,0.619757112996251,0.6620553359683794,-0.04420325640372703,387,0.6770025839793282,0.0037486081833602867
NQ,930,prev,0.75,follow,0.3,eod,513,0.2651072124756335,0.22875912048693195,0.4853801169590643,-0.05608924717205737,395,0.27341772151898736,-0.05084125878692758
NQ,930,prev,0.75,follow,0.3,next,506,0.6719367588932806,0.6298655992375187,0.6719367588932806,-0.022868836756442176,387,0.6950904392764858,0.03868424890534303
NQ,930,prev,0.75,follow,0.5,eod,513,0.10526315789473684,0.08157661420216145,0.4600389863547758,-0.03451806903754919,395,0.10126582278481013,-0.03306896407689907
NQ,930,prev,0.75,follow,0.5,next,506,0.6264822134387352,0.5835281208259968,0.6521739130434783,-0.014491460977056645,387,0.6589147286821705,0.030284320178440353
NQ,930,prev,0.75,follow,1.0,eod,513,0.017543859649122806,0.009256695375208998,0.4502923976608187,-0.01556479642187699,395,0.015189873417721518,-0.017622708885920838
NQ,930,prev,0.75,follow,1.0,next,502,0.3944223107569721,0.35262590111228137,0.5637450199203188,-0.012818100065186636,378,0.46825396825396826,0.052403927296566656
NQ,930,prev,1.0,fade,0.1,eod,287,0.5923344947735192,0.5346258027970945,0.5993031358885017,-0.13357789423771577,201,0.6368159203980099,-0.038895985406421134
NQ,930,prev,1.0,fade,0.1,next,284,0.6126760563380281,0.5548750406777975,0.6126760563380281,-0.14889284088749868,197,0.649746192893401,-0.03792174854683125
NQ,930,prev,1.0,fade,0.2,eod,287,0.4529616724738676,0.3963702047454575,0.5296167247386759,-0.08354515211362812,201,0.5024875621890548,0.014059146770709552
NQ,930,prev,1.0,fade,0.2,next,284,0.6197183098591549,0.5620150339252529,0.6197183098591549,-0.10456923851249997,197,0.6649746192893401,-0.020018211167588562
NQ,930,prev,1.0,fade,0.3,eod,287,0.313588850174216,0.2626730100420762,0.4843205574912892,-0.05610669270717227,201,0.3681592039800995,0.02564982534277096
NQ,930,prev,1.0,fade,0.3,next,284,0.6302816901408451,0.5727482002655296,0.6302816901408451,-0.07390587336265836,197,0.6345177664974619,-0.06147033695939123
NQ,930,prev,1.0,fade,0.5,eod,287,0.11846689895470383,0.08602574298924717,0.45993031358885017,-0.044410815791022094,201,0.1691542288557214,0.017241129376918376
NQ,930,prev,1.0,fade,0.5,next,284,0.545774647887324,0.48764011682266617,0.5563380281690141,-0.1314491709885538,197,0.6395939086294417,-0.02662817348475557
NQ,930,prev,1.0,fade,1.0,eod,287,0.017421602787456445,0.007463734105513837,0.4529616724738676,-0.027367319739754665,201,0.029850746268656716,0.002180342671753173
NQ,930,prev,1.0,fade,1.0,next,284,0.4154929577464789,0.3596776954742422,0.5176056338028169,-0.04706636754724968,197,0.4720812182741117,0.013569904322762824
NQ,930,prev,1.0,follow,0.1,eod,287,0.578397212543554,0.5205987528989597,0.6027874564459931,-0.13826441923558702,201,0.5771144278606966,-0.11312322184276265
NQ,930,prev,1.0,follow,0.1,next,284,0.6267605633802817,0.5691673655633246,0.6267605633802817,-0.12966530732198336,197,0.5939086294416244,-0.12253554301891949
NQ,930,prev,1.0,follow,0.2,eod,287,0.45993031358885017,0.40317769630754335,0.5400696864111498,-0.07937291188117507,201,0.48756218905472637,-0.0730609290513955
NQ,930,prev,1.0,follow,0.2,next,284,0.6725352112676056,0.6159686812139118,0.6725352112676056,-0.024135744815054035,197,0.6649746192893401,-0.017979043123593965
NQ,930,prev,1.0,follow,0.3,eod,287,0.30662020905923343,0.25612053138172697,0.4878048780487805,-0.04979503113707553,201,0.3333333333333333,-0.055411151255257356
NQ,930,prev,1.0,follow,0.3,next,284,0.6795774647887324,0.623218654085039,0.6795774647887324,-0.013140786871840983,197,0.6649746192893401,-0.010927189569110143
NQ,930,prev,1.0,follow,0.5,eod,287,0.13240418118466898,0.09800546578092328,0.4529616724738676,-0.02873496379571169,201,0.13432835820895522,-0.03324961147261807
NQ,930,prev,1.0,follow,0.5,next,284,0.6338028169014085,0.5763321712395248,0.6619718309859155,-0.00888024987086049,197,0.6598984771573604,0.021391983730761868
NQ,930,prev,1.0,follow,1.0,eod,287,0.0313588850174216,0.016583898437872217,0.445993031358885,-0.00723955547487709,201,0.024875621890547265,-0.01566119276424849
NQ,930,prev,1.0,follow,1.0,next,284,0.43309859154929575,0.37674097497941994,0.5845070422535211,0.006777923918205856,196,0.4897959183673469,0.057422378956799795
NQ,930,prev,1.5,fade,0.1,eod,82,0.5365853658536586,0.42944534622716574,0.5487804878048781,-0.2319165957420396,51,0.6470588235294118,-0.044444668711357056
NQ,930,prev,1.5,fade,0.1,next,82,0.5609756097560976,0.45322727057239914,0.5609756097560976,-0.23167716170643204,51,0.6470588235294118,-0.044444668711357056
NQ,930,prev,1.5,fade,0.2,eod,82,0.5121951219512195,0.40590584856555767,0.5609756097560976,-0.12366904011952545,51,0.5882352941176471,0.007122283231781378
NQ,930,prev,1.5,fade,0.2,next,82,0.5975609756097561,0.489362574712238,0.5975609756097561,-0.1387596012003878,51,0.6666666666666666,-0.015765256050674203
NQ,930,prev,1.5,fade,0.3,eod,82,0.3780487804878049,0.28078209931893033,0.4634146341463415,-0.12783239153985654,51,0.5294117647058824,0.021600850838747437
NQ,930,prev,1.5,fade,0.3,next,82,0.5853658536585366,0.477254991169574,0.5853658536585366,-0.1473139766252394,51,0.6666666666666666,-0.004807480969422857
NQ,930,prev,1.5,fade,0.5,eod,82,0.1951219512195122,0.12382792433083327,0.43902439024390244,-0.10098149780809905,51,0.3333333333333333,-0.01098307834554178
NQ,930,prev,1.5,fade,0.5,next,82,0.5121951219512195,0.40590584856555767,0.5365853658536586,-0.2134609360370527,51,0.6666666666666666,-0.00955098875661027
NQ,930,prev,1.5,fade,1.0,eod,82,0.06097560975609756,0.02632356690332186,0.4146341463414634,-0.06123081529805587,51,0.0392156862745098,-0.03690759360880423
NQ,930,prev,1.5,fade,1.0,next,82,0.5,0.39422642728441165,0.524390243902439,-0.12228950959256286,51,0.5490196078431373,-0.0077128876360683185
NQ,930,prev,1.5,follow,0.1,eod,82,0.6219512195121951,0.5137693688945206,0.6219512195121951,-0.12135257865608944,51,0.5490196078431373,-0.18774481527047748
NQ,930,prev,1.5,follow,0.1,next,82,0.6341463414634146,0.5260706597602314,0.6341463414634146,-0.12146665685033355,51,0.5490196078431373,-0.19229959240440797
NQ,930,prev,1.5,follow,0.2,eod,82,0.5487804878048781,0.44130583571145193,0.6219512195121951,-0.03727399425391634,51,0.5098039215686274,-0.1923843075598101
NQ,930,prev,1.5,follow,0.2,next,82,0.6707317073170732,0.5633818520351263,0.6707317073170732,-0.027037312687433288,51,0.5686274509803921,-0.154974298164469
NQ,930,prev,1.5,follow,0.3,eod,82,0.43902439024390244,0.33673363578460386,0.5609756097560976,-0.03356804763811526,51,0.43137254901960786,-0.11080391242041518
NQ,930,prev,1.5,follow,0.3,next,82,0.6707317073170732,0.5633818520351263,0.6707317073170732,-0.02009967350810706,51,0.6470588235294118,-0.03434671847264825
NQ,930,prev,1.5,follow,0.5,eod,82,0.21951219512195122,0.14360671297875127,0.5,-0.013427060076914918,51,0.29411764705882354,-0.010545835055456783
NQ,930,prev,1.5,follow,0.5,next,82,0.6097560975609756,0.5015337111477397,0.6219512195121951,-0.07364058117631579,51,0.7254901960784313,0.0965663321916256
NQ,930,prev,1.5,follow,1.0,eod,82,0.0975609756097561,0.05026808709378501,0.4878048780487805,0.016073619729842836,51,0.0784313725490196,0.006650451608574696
NQ,930,prev,1.5,follow,1.0,next,82,0.5365853658536586,0.42944534622716574,0.5853658536585366,0.008173097150718102,51,0.5294117647058824,0.017775712276196346
GC,575,prev,0.25,fade,0.1,eod,1426,0.5722300140252454,0.5463902245152126,0.5722300140252454,-0.19776567339755016,890,0.6146067415730337,-0.1069141111961601
GC,575,prev,0.25,fade,0.1,next,1391,0.5729690869877786,0.5468082864108281,0.5729690869877786,-0.19643705452079688,861,0.6120789779326364,-0.1107330387112788
GC,575,prev,0.25,fade,0.2,eod,1426,0.6192145862552595,0.5937228516318938,0.6220196353436185,-0.08824922233055525,890,0.6157303370786517,-0.08595279238639064
GC,575,prev,0.25,fade,0.2,next,1391,0.6240115025161754,0.5982475651323867,0.6240115025161754,-0.0903558019092732,861,0.6132404181184669,-0.09481511194730836
GC,575,prev,0.25,fade,0.3,eod,1426,0.5960729312762973,0.5703795802235526,0.6178120617110799,-0.04920239092213113,890,0.6022471910112359,-0.0455008973559191
GC,575,prev,0.25,fade,0.3,next,1391,0.6405463695183321,0.6149743016142655,0.6405463695183321,-0.0582598865231778,861,0.6411149825783972,-0.047143793249938046
GC,575,prev,0.25,fade,0.5,eod,1426,0.4593267882187938,0.43360488256169843,0.55890603085554,-0.03567602970437369,890,0.4584269662921348,-0.034181054518965574
GC,575,prev,0.25,fade,0.5,next,1370,0.618978102189781,0.5929629398903855,0.6277372262773723,-0.0541988817664393,845,0.6366863905325444,-0.026230021823945876
GC,575,prev,0.25,fade,1.0,eod,1426,0.18092566619915848,0.16181080717993634,0.5014025245441796,-0.023873887737629173,890,0.18651685393258427,-0.035085706928804805
GC,575,prev,0.25,fade,1.0,next,1176,0.45663265306122447,0.4283502096617352,0.5663265306122449,-0.020335487130845275,718,0.435933147632312,-0.05885384885952909
GC,575,prev,0.25,follow,0.1,eod,1426,0.615007012622721,0.5894741834166733,0.615007012622721,-0.13138131070188597,890,0.6393258426966292,-0.06908050437538198
GC,575,prev,0.25,follow,0.1,next,1391,0.6146657081236521,0.5888072993066552,0.6146657081236521,-0.13183486717357498,861,0.6422764227642277,-0.06458122356823545
GC,575,prev,0.25,follow,0.2,eod,1426,0.6227208976157083,0.597264934093661,0.6255259467040674,-0.08251817627318055,890,0.6460674157303371,-0.033811740975197124
GC,575,prev,0.25,follow,0.2,next,1391,0.6276060388209921,0.601881105599878,0.6276060388209921,-0.0852889114439992,861,0.6515679442508711,-0.036309615341687036
GC,575,prev,0.25,follow,0.3,eod,1426,0.5848527349228612,0.5590828254977043,0.6100981767180925,-0.05634822719528403,890,0.6157303370786517,-0.028598401788144174
GC,575,prev,0.25,follow,0.3,next,1391,0.6434219985621855,0.6178865768979949,0.6434219985621855,-0.052434283138689065,861,0.6515679442508711,-0.0324205313819385
GC,575,prev,0.25,follow,0.5,eod,1426,0.46563814866760167,0.43987473546460887,0.5525946704067322,-0.027912570449313702,890,0.48314606741573035,-0.0008718966593290934
GC,575,prev,0.25,follow,0.5,next,1377,0.6397966594045026,0.6140838568770834,0.6485112563543937,-0.02544575955621235,842,0.6437054631828979,-0.015092140450798281
GC,575,prev,0.25,follow,1.0,eod,1426,0.21248246844319776,0.19203756840440933,0.48667601683029454,-0.01278763644531699,890,0.1943820224719101,0.009196406597233569
GC,575,prev,0.25,follow,1.0,next,1183,0.46661031276415893,0.43833512689723253,0.5722738799661876,-0.0080371957769506,711,0.4810126582278481,0.005049794069761835
GC,575,prev,0.5,fade,0.1,eod,671,0.5603576751117735,0.5225637370705196,0.5603576751117735,-0.21754431467116178,439,0.6264236902050114,-0.08877479510431081
GC,575,prev,0.5,fade,0.1,next,653,0.5620214395099541,0.5237142340611418,0.5620214395099541,-0.2147156118925797,428,0.6238317757009346,-0.09274905851120206
GC,575,prev,0.5,fade,0.2,eod,671,0.6095380029806259,0.5721009366783278,0.6140089418777943,-0.10477735502349142,439,0.6355353075170843,-0.05496132484639919
GC,575,prev,0.5,fade,0.2,next,653,0.6125574272588055,0.5746367432066868,0.6125574272588055,-0.1083580962904957,428,0.6355140186915887,-0.061154273469646615
GC,575,prev,0.5,fade,0.3,eod,671,0.5767511177347243,0.5390341012985554,0.5946348733233979,-0.09338718323562578,439,0.6104783599088838,-0.0402210126965653
GC,575,prev,0.5,fade,0.3,next,653,0.6079632465543645,0.5699904731327262,0.6079632465543645,-0.10625562972539829,428,0.6425233644859814,-0.0455255429976472
GC,575,prev,0.5,fade,0.5,eod,671,0.47242921013412814,0.4349185846143241,0.5573770491803278,-0.04933366148503328,439,0.4760820045558087,-0.03589240025354095
GC,575,prev,0.5,fade,0.5,next,653,0.6110260336906586,0.5730876022607437,0.6202143950995406,-0.05931521624589104,428,0.616822429906542,-0.06019843473943857
GC,575,prev,0.5,fade,1.0,eod,671,0.17883755588673622,0.15169466714422694,0.4873323397913562,-0.04153267661799629,439,0.2072892938496583,-0.044146819234238154
GC,575,prev,0.5,fade,1.0,next,628,0.4538216560509554,0.4152808441058878,0.5636942675159236,-0.021089279140860395,414,0.4251207729468599,-0.09003302509896906
GC,575,prev,0.5,follow,0.1,eod,671,0.6304023845007451,0.593233438606478,0.6304023845007451,-0.10804105603811644,439,0.6241457858769932,-0.09236559366576345
GC,575,prev,0.5,follow,0.1,next,653,0.6278713629402757,0.5901494908083692,0.6278713629402757,-0.11187907087218879,428,0.6238317757009346,-0.09277213396147206
GC,575,prev,0.5,follow,0.2,eod,671,0.6274217585692996,0.5902101236809887,0.6304023845007451,-0.07591776269435359,439,0.642369020501139,-0.04083898477198478
GC,575,prev,0.5,follow,0.2,next,653,0.6309341500765697,0.5932567433665589,0.6309341500765697,-0.08063535579198655,428,0.6495327102803738,-0.03931068960073566
GC,575,prev,0.5,follow,0.3,eod,671,0.5901639344262295,0.5525409105601444,0.6065573770491803,-0.05999474556251686,439,0.6309794988610479,-0.01745364815495642
GC,575,prev,0.5,follow,0.3,next,653,0.6355283307810107,0.5979205981343212,0.6355283307810107,-0.06475496294694183,428,0.6588785046728972,-0.020748627572765698
GC,575,prev,0.5,follow,0.5,eod,671,0.5067064083457526,0.46894696150757137,0.5722801788375559,-0.0038280261341642305,439,0.49658314350797267,-0.0012218820736768154
GC,575,prev,0.5,follow,0.5,next,653,0.6401225114854517,0.6025880491369271,0.6477794793261868,-0.031045574843011434,428,0.6635514018691588,0.01030971759233314
GC,575,prev,0.5,follow,1.0,eod,671,0.2473919523099851,0.21624210611999997,0.4992548435171386,0.000473977200928867,439,0.21867881548974943,0.006924853590868684
GC,575,prev,0.5,follow,1.0,next,630,0.4650793650793651,0.4264598528122794,0.5571428571428572,-0.02038553443381807,410,0.5195121951219512,0.03444763284020252
GC,575,prev,0.75,fade,0.1,eod,307,0.5602605863192183,0.5043311305016531,0.5602605863192183,-0.21878047475827891,200,0.58,-0.16130203461150358
GC,575,prev,0.75,fade,0.1,next,298,0.5570469798657718,0.500277112841041,0.5570469798657718,-0.22356147579047916,197,0.583756345177665,-0.15560503742317694
GC,575,prev,0.75,fade,0.2,eod,307,0.6351791530944625,0.5799675764724799,0.6384364820846905,-0.07063398451950631,200,0.575,-0.1464729473124718
GC,575,prev,0.75,fade,0.2,next,298,0.6409395973154363,0.5849959816389668,0.6409395973154363,-0.06553640761734988,197,0.5736040609137056,-0.15505444610655322
GC,575,prev,0.75,fade,0.3,eod,307,0.6026058631921825,0.5469211305113666,0.6123778501628665,-0.08750545495723304,200,0.59,-0.07941072076648782
GC,575,prev,0.75,fade,0.3,next,298,0.6208053691275168,0.5645099761268275,0.6208053691275168,-0.08701242564525767,197,0.6192893401015228,-0.08086964756863432
GC,575,prev,0.75,fade,0.5,eod,307,0.48859934853420195,0.43316965942833374,0.5537459283387622,-0.0721588268557633,200,0.46,-0.08768794505883643
GC,575,prev,0.75,fade,0.5,next,298,0.610738255033557,0.554304195081096,0.6174496644295302,-0.06914451469986792,197,0.583756345177665,-0.12239700884735703
GC,575,prev,0.75,fade,1.0,eod,307,0.18241042345276873,0.14322458304298208,0.4755700325732899,-0.06622807734688324,200,0.195,-0.08114794492170362
GC,575,prev,0.75,fade,1.0,next,295,0.43728813559322033,0.38184630091592064,0.5525423728813559,-0.05790297706310985,196,0.42857142857142855,-0.0967842867289128
GC,575,prev,0.75,follow,0.1,eod,307,0.6156351791530945,0.5601092712119309,0.6156351791530945,-0.13218807871742114,200,0.68,-0.0071396693994421456
GC,575,prev,0.75,follow,0.1,next,298,0.6174496644295302,0.5611053251807578,0.6174496644295302,-0.12903685599422748,197,0.6802030456852792,-0.006742179157158986
GC,575,prev,0.75,follow,0.2,eod,307,0.6188925081433225,0.5634125965358889,0.6221498371335505,-0.09033082979150014,200,0.69,0.03243115433940165
GC,575,prev,0.75,follow,0.2,next,298,0.62751677852349,0.571327518442147,0.62751677852349,-0.08663730693789369,197,0.6903553299492385,0.022414270669871887
GC,575,prev,0.75,follow,0.3,eod,307,0.5895765472312704,0.5337727295869019,0.6058631921824105,-0.060399036981538534,200,0.675,0.05439631495862251
GC,575,prev,0.75,follow,0.3,next,298,0.62751677852349,0.571327518442147,0.62751677852349,-0.07748740774889239,197,0.6954314720812182,0.03429590129734704
GC,575,prev,0.75,follow,0.5,eod,307,0.5179153094462541,0.4621442915212194,0.5798045602605864,0.00411477243140408,200,0.545,0.046564725739305896
GC,575,prev,0.75,follow,0.5,next,298,0.6375838926174496,0.5815746542882768,0.6442953020134228,-0.03211598509478229,197,0.7055837563451777,0.07494661266872396
GC,575,prev,0.75,follow,1.0,eod,307,0.2931596091205212,0.24504568809126706,0.5146579804560261,0.021655495287799937,200,0.26,0.02388556393837095
GC,575,prev,0.75,follow,1.0,next,296,0.5033783783783784,0.44674110011460133,0.581081081081081,0.01901997660872958,197,0.5431472081218274,0.07103525785546445
GC,575,prev,1.0,fade,0.1,eod,127,0.5118110236220472,0.4258126379221754,0.5118110236220472,-0.29533689713050904,100,0.64,-0.06706463240509176
GC,575,prev,1.0,fade,0.1,next,123,0.5040650406504065,0.4169294936759028,0.5040650406504065,-0.30713188733589397,100,0.64,-0.06706463240509176
GC,575,prev,1.0,fade,0.2,eod,127,0.5669291338582677,0.4800375314703068,0.5669291338582677,-0.17948783768523072,100,0.56,-0.16674287495877751
GC,575,prev,1.0,fade,0.2,next,123,0.5691056910569106,0.4808071908005235,0.5691056910569106,-0.1761696891671019,100,0.56,-0.1747342586133619
GC,575,prev,1.0,fade,0.3,eod,127,0.5354330708661418,0.4489269894614608,0.5354330708661418,-0.20318987457290827,100,0.59,-0.08277555790601998
GC,575,prev,1.0,fade,0.3,next,123,0.5447154471544715,0.4566840359717431,0.5447154471544715,-0.20309051586310248,100,0.62,-0.07909555953145726
GC,575,prev,1.0,fade,0.5,eod,127,0.4409448818897638,0.3575859849966562,0.49606299212598426,-0.15300994807078713,100,0.46,-0.0917858834755806
GC,575,prev,1.0,fade,0.5,next,123,0.5772357723577236,0.48889394915995515,0.5934959349593496,-0.12837348031451284,100,0.55,-0.18768139050700622
GC,575,prev,1.0,fade,1.0,eod,127,0.1732283464566929,0.11727034762153574,0.4094488188976378,-0.1340602712060748,100,0.21,-0.09040662257090074
GC,575,prev,1.0,fade,1.0,next,123,0.42276422764227645,0.339100821353305,0.5365853658536586,-0.11433620304985286,100,0.42,-0.12728487614815773
GC,575,prev,1.0,follow,0.1,eod,127,0.6299212598425197,0.5432868207623575,0.6299212598425197,-0.11153330097253347,100,0.62,-0.09816083598486652
GC,575,prev,1.0,follow,0.1,next,123,0.6341463414634146,0.5461600852628291,0.6341463414634146,-0.10472792684147633,100,0.62,-0.09816083598486652
GC,575,prev,1.0,follow,0.2,eod,127,0.6377952755905512,0.5512931338949045,0.6377952755905512,-0.06385034190026842,100,0.68,0.028123111384947923
GC,575,prev,1.0,follow,0.2,next,123,0.6422764227642277,0.5544380921577126,0.6422764227642277,-0.06474884799654318,100,0.69,0.022159492005963188
GC,575,prev,1.0,follow,0.3,eod,127,0.6377952755905512,0.5512931338949045,0.6456692913385826,-0.006825384085389751,100,0.69,0.08352310358044691
GC,575,prev,1.0,follow,0.3,next,123,0.6585365853658537,0.5710701596160183,0.6585365853658537,-0.03083186466994959,100,0.71,0.05664512480856564
GC,575,prev,1.0,follow,0.5,eod,127,0.5905511811023622,0.5035924878388688,0.6377952755905512,0.06566036178416149,100,0.56,0.07005713974555203
GC,575,prev,1.0,follow,0.5,next,123,0.6829268292682927,0.5962146468826621,0.6829268292682927,0.013484363978732709,100,0.71,0.08866975482392067
GC,575,prev,1.0,follow,1.0,eod,127,0.3700787401574803,0.291073457428372,0.5984251968503937,0.08321894400319284,100,0.3,0.012185423040468529
GC,575,prev,1.0,follow,1.0,next,122,0.5573770491803278,0.46882465015174307,0.6147540983606558,0.0865710133357569,100,0.58,0.08064579180219898
GC,600,open,0.25,fade,0.1,eod,260,0.5307692307692308,0.4701009715993297,0.5307692307692308,-0.26175933771681714,200,0.615,-0.10893852462312668
GC,600,open,0.25,fade,0.1,next,257,0.5291828793774319,0.46817610612542815,0.5291828793774319,-0.26420429857933886,192,0.6197916666666666,-0.10137820931262176
GC,600,open,0.25,fade,0.2,eod,260,0.5846153846153846,0.5239078831190833,0.5884615384615385,-0.13860755267518945,200,0.615,-0.09344493142305221
GC,600,open,0.25,fade,0.2,next,257,0.5953307392996109,0.5343444013774721,0.5953307392996109,-0.13389434657421712,192,0.625,-0.07823183951272035
GC,600,open,0.25,fade,0.3,eod,260,0.5961538461538461,0.5355304719904666,0.6115384615384616,-0.08153855311591889,200,0.62,-0.03142172152287964
GC,600,open,0.25,fade,0.3,next,257,0.6264591439688716,0.5658610752782787,0.6264591439688716,-0.07761244007590845,192,0.65625,-0.025841947679050802
GC,600,open,0.25,fade,0.5,eod,260,0.4653846153846154,0.4056983391915428,0.5884615384615385,-0.010069387636363395,200,0.495,-0.011564530595365925
GC,600,open,0.25,fade,0.5,next,256,0.66796875,0.6081692468079775,0.671875,0.005426306461462277,192,0.6510416666666666,-0.01896672757798133
GC,600,open,0.25,fade,1.0,eod,260,0.19615384615384615,0.1524593534163883,0.5230769230769231,0.013662034878476814,200,0.185,-0.06339910258457193
GC,600,open,0.25,fade,1.0,next,247,0.4898785425101215,0.42816945692424674,0.5708502024291497,-0.002092502584235048,188,0.4946808510638298,-0.07194236131344076
GC,600,open,0.25,follow,0.1,eod,260,0.6884615384615385,0.6297671092051381,0.6884615384615385,-0.01641929703037873,200,0.635,-0.07885467077807498
GC,600,open,0.25,follow,0.1,next,257,0.688715953307393,0.6296769833451011,0.688715953307393,-0.016079736418795662,192,0.6354166666666666,-0.07822411443736942
GC,600,open,0.25,follow,0.2,eod,260,0.6615384615384615,0.602040555814452,0.6615384615384615,-0.02405318344033479,200,0.615,-0.08563248915083632
GC,600,open,0.25,follow,0.2,next,257,0.6614785992217899,0.601623838475256,0.6614785992217899,-0.032899446844220755,192,0.6145833333333334,-0.09430253107710806
GC,600,open,0.25,follow,0.3,eod,260,0.6384615384615384,0.5784370220233498,0.6461538461538462,0.001275749902829697,200,0.62,-0.0005893537210412281
GC,600,open,0.25,follow,0.3,next,257,0.6770428015564203,0.6176278042811432,0.6770428015564203,-0.0007194497899257301,192,0.6614583333333334,-0.017870775958246026
GC,600,open,0.25,follow,0.5,eod,260,0.4807692307692308,0.42076029366433965,0.55,-0.03713742724042992,200,0.495,0.001618870650712614
GC,600,open,0.25,follow,0.5,next,256,0.62109375,0.5602906635670402,0.62890625,-0.052170990664777636,192,0.6510416666666666,-0.024823676342846285
GC,600,open,0.25,follow,1.0,eod,260,0.19615384615384615,0.1524593534163883,0.45,-0.036747087288035586,200,0.25,-0.009838930607842081
GC,600,open,0.25,follow,1.0,next,247,0.4291497975708502,0.3689730285173091,0.5060728744939271,-0.08441912781740317,187,0.5187165775401069,-0.01885788182600235
GC,600,open,0.5,fade,0.1,eod,35,0.6,0.43572419581519467,0.6,-0.15967542580266278,24,0.4583333333333333,-0.34888786533599064
GC,600,open,0.5,fade,0.1,next,35,0.6,0.43572419581519467,0.6,-0.15967542580266278,24,0.4583333333333333,-0.34888786533599064
GC,600,open,0.5,fade,0.2,eod,35,0.5428571428571428,0.38189451340137515,0.5428571428571428,-0.21627992837886237,24,0.5416666666666666,-0.20440144218167175
GC,600,open,0.5,fade,0.2,next,35,0.5428571428571428,0.38189451340137515,0.5428571428571428,-0.21627992837886237,24,0.5416666666666666,-0.20440144218167175
GC,600,open,0.5,fade,0.3,eod,35,0.7714285714285715,0.6098236221989801,0.7714285714285715,0.14195262537977169,24,0.4583333333333333,-0.21827495972429348
GC,600,open,0.5,fade,0.3,next,35,0.7714285714285715,0.6098236221989801,0.7714285714285715,0.14195262537977169,24,0.5416666666666666,-0.19879366258650855
GC,600,open,0.5,fade,0.5,eod,35,0.4857142857142857,0.32993980391252736,0.5714285714285714,0.02682750112586202,24,0.4166666666666667,-0.2097583616306915
GC,600,open,0.5,fade,0.5,next,35,0.7142857142857143,0.5494475193017891,0.7142857142857143,0.061255883730994144,24,0.4583333333333333,-0.319518933369019
GC,600,open,0.5,fade,1.0,eod,35,0.2857142857142857,0.16326363398295565,0.5142857142857142,0.04730517672359452,24,0.2916666666666667,-0.13195435707488143
GC,600,open,0.5,fade,1.0,next,35,0.5142857142857142,0.35568539626711626,0.6285714285714286,0.021078438815845476,24,0.5416666666666666,-0.13234571967300013
GC,600,open,0.5,follow,0.1,eod,35,0.5714285714285714,0.4085712925897337,0.5714285714285714,-0.20288367511225744,24,0.5833333333333334,-0.15736150593161294
GC,600,open,0.5,follow,0.1,next,35,0.5714285714285714,0.4085712925897337,0.5714285714285714,-0.20288367511225744,24,0.5833333333333334,-0.15736150593161294
GC,600,open,0.5,follow,0.2,eod,35,0.5428571428571428,0.38189451340137515,0.5428571428571428,-0.21655018195478482,24,0.6666666666666666,0.011367826925275382
GC,600,open,0.5,follow,0.2,next,35,0.5428571428571428,0.38189451340137515,0.5428571428571428,-0.21655018195478482,24,0.6666666666666666,-0.01465014099608214
GC,600,open,0.5,follow,0.3,eod,35,0.7142857142857143,0.5494475193017891,0.7142857142857143,0.11413987542490053,24,0.75,0.14734815905869364
GC,600,open,0.5,follow,0.3,next,35,0.7714285714285715,0.6098236221989801,0.7714285714285715,0.14166486997771782,24,0.7916666666666666,0.17919450723893945
GC,600,open,0.5,follow,0.5,eod,35,0.4,0.25550504933307244,0.4857142857142857,-0.1544397756489029,24,0.625,0.09195803211749053
GC,600,open,0.5,follow,0.5,next,35,0.5714285714285714,0.4085712925897337,0.5714285714285714,-0.1367282679508438,24,0.7083333333333334,0.05694065589894224
GC,600,open,0.5,follow,1.0,eod,35,0.22857142857142856,0.12065736746179101,0.45714285714285713,-0.050488472672039646,24,0.375,0.05289998938801443
GC,600,open,0.5,follow,1.0,next,35,0.42857142857142855,0.27984333081678914,0.45714285714285713,-0.08969954708363122,24,0.5833333333333334,0.032767347908170964
GC,600,prev,0.25,fade,0.1,eod,1465,0.5808873720136519,0.5554412912584178,0.5808873720136519,-0.18343659324314857,909,0.594059405940594,-0.1384317824290413
GC,600,prev,0.25,fade,0.1,next,1428,0.5819327731092437,0.5561633478947838,0.5819327731092437,-0.18175855128098925,886,0.5936794582392777,-0.13906090356020284
GC,600,prev,0.25,fade,0.2,eod,1465,0.6300341296928328,0.605001107591279,0.6341296928327645,-0.06616098312863661,909,0.6237623762376238,-0.06602541514492424
GC,600,prev,0.25,fade,0.2,next,1428,0.6372549019607843,0.6119801084770523,0.6372549019607843,-0.07019021548067722,886,0.6320541760722348,-0.06597532439822551
GC,600,prev,0.25,fade,0.3,eod,1465,0.604778156996587,0.5794999077164722,0.6354948805460751,-0.016813334801372617,909,0.570957095709571,-0.06861670612634889
GC,600,prev,0.25,fade,0.3,next,1428,0.6582633053221288,0.6332679009387617,0.6582633053221288,-0.030366079058853284,886,0.6218961625282167,-0.07658918489982217
GC,600,prev,0.25,fade,0.5,eod,1465,0.4300341296928328,0.40489757755568295,0.5767918088737202,-0.01619132002516791,909,0.429042904290429,-0.034184572031039556
GC,600,prev,0.25,fade,0.5,next,1408,0.6384943181818182,0.6130535996668867,0.6441761363636364,-0.026459249281129447,875,0.6262857142857143,-0.044198617232730664
GC,600,prev,0.25,fade,1.0,eod,1465,0.16109215017064846,0.14315742535759413,0.5174061433447099,-0.018875553816175984,909,0.14301430143014301,-0.029754727364917268
GC,600,prev,0.25,fade,1.0,next,1196,0.459866220735786,0.4317936843922981,0.5668896321070234,-0.013709787702156315,737,0.45047489823609227,-0.05002038509138178
GC,600,prev,0.25,follow,0.1,eod,1465,0.6177474402730375,0.5925862673629333,0.6177474402730375,-0.12792289921310726,909,0.6457645764576457,-0.05920124802487576
GC,600,prev,0.25,follow,0.1,next,1428,0.6176470588235294,0.5921578256076548,0.6176470588235294,-0.12800079579553747,886,0.6512415349887133,-0.050738772892459205
GC,600,prev,0.25,follow,0.2,eod,1465,0.6225255972696245,0.5974122501955377,0.6245733788395904,-0.07712244599862672,909,0.6424642464246425,-0.03797983471008008
GC,600,prev,0.25,follow,0.2,next,1428,0.6337535014005602,0.6084371821670247,0.6337535014005602,-0.07545150974347216,886,0.6523702031602708,-0.035453534276736434
GC,600,prev,0.25,follow,0.3,eod,1465,0.5631399317406144,0.5376084956533723,0.5856655290102389,-0.07004780204150379,909,0.5841584158415841,-0.04101244183195048
GC,600,prev,0.25,follow,0.3,next,1428,0.6365546218487395,0.6112714095651159,0.6365546218487395,-0.062245628663885555,886,0.6501128668171557,-0.03412518684451778
GC,600,prev,0.25,follow,0.5,eod,1465,0.4068259385665529,0.38194587839049465,0.5133105802047782,-0.04691977660455884,909,0.4389438943894389,-0.0003623135315095912
GC,600,prev,0.25,follow,0.5,next,1404,0.6196581196581197,0.5939699092652541,0.6289173789173789,-0.05079646842818263,870,0.6505747126436782,-0.00017337511576412295
GC,600,prev,0.25,follow,1.0,eod,1465,0.1795221843003413,0.1607151482130585,0.4593856655290102,-0.015426136044668769,909,0.1639163916391639,0.001165073517792665
GC,600,prev,0.25,follow,1.0,next,1198,0.44824707846410683,0.4202953705248889,0.5484140233722872,-0.019562012229182746,729,0.4924554183813443,0.009893430587763527
GC,600,prev,0.5,fade,0.1,eod,736,0.5692934782608695,0.5332501613662407,0.5692934782608695,-0.20197812463639075,479,0.5720250521920668,-0.17300596220588654
GC,600,prev,0.5,fade,0.1,next,717,0.5690376569037657,0.5325163610096908,0.5690376569037657,-0.20232073998068584,469,0.5714285714285714,-0.17391574694469145
GC,600,prev,0.5,fade,0.2,eod,736,0.6195652173913043,0.5839548021321144,0.6222826086956522,-0.08309320974288006,479,0.605427974947808,-0.09652273182909629
GC,600,prev,0.5,fade,0.2,next,717,0.6262203626220363,0.5902223560618106,0.6262203626220363,-0.0870744730108756,469,0.6119402985074627,-0.0967939132335739
GC,600,prev,0.5,fade,0.3,eod,736,0.5910326086956522,0.5551295777009291,0.6168478260869565,-0.047079608732698786,479,0.5636743215031316,-0.09615417518017184
GC,600,prev,0.5,fade,0.3,next,717,0.6387726638772664,0.602958220306217,0.6387726638772664,-0.059171344800444746,469,0.6012793176972282,-0.1079735067834467
GC,600,prev,0.5,fade,0.5,eod,736,0.44157608695652173,0.4060955995285973,0.5652173913043478,-0.02473362893369571,479,0.4279749478079332,-0.048323704534813876
GC,600,prev,0.5,fade,0.5,next,715,0.6433566433566433,0.607564861634781,0.6517482517482518,-0.012917544054276161,469,0.6119402985074627,-0.06756540991425251
GC,600,prev,0.5,fade,1.0,eod,736,0.16168478260869565,0.1368541256078687,0.4904891304347826,-0.031149890570071167,479,0.15866388308977036,-0.034656235374334945
GC,600,prev,0.5,fade,1.0,next,681,0.4566813509544787,0.4196161573125273,0.5741556534508077,-0.0037738501949844405,446,0.4282511210762332,-0.06996046926932933
GC,600,prev,0.5,follow,0.1,eod,736,0.6209239130434783,0.5853305702435286,0.6209239130434783,-0.12456699734799642,479,0.6597077244258872,-0.03835192922566105
GC,600,prev,0.5,follow,0.1,next,717,0.6206415620641562,0.5845701065298534,0.6206415620641562,-0.12499612900603348,469,0.6652452025586354,-0.029897519231477238
GC,600,prev,0.5,follow,0.2,eod,736,0.6290760869565217,0.5935912814650532,0.6290760869565217,-0.07371018691071612,479,0.6430062630480167,-0.037432358399547935
GC,600,prev,0.5,follow,0.2,next,717,0.6345885634588564,0.5987100945621504,0.6345885634588564,-0.07483907317480053,469,0.650319829424307,-0.03912142106551385
GC,600,prev,0.5,follow,0.3,eod,736,0.5706521739130435,0.5346155671690591,0.5910326086956522,-0.07839297066065472,479,0.605427974947808,-0.010576030126903033
GC,600,prev,0.5,follow,0.3,next,717,0.6317991631799164,0.5958795922090593,0.6317991631799164,-0.07040713385368812,469,0.6695095948827292,-0.005104363539812237
GC,600,prev,0.5,follow,0.5,eod,736,0.4375,0.4020762707042305,0.5366847826086957,-0.028225722604199043,479,0.4759916492693111,0.020911674814558575
GC,600,prev,0.5,follow,0.5,next,717,0.6192468619246861,0.5831578181572129,0.6331938633193863,-0.04550867606743383,469,0.67590618336887,0.03059422496637108
GC,600,prev,0.5,follow,1.0,eod,736,0.1956521739130435,0.16860299804155898,0.47282608695652173,-0.007465108224506149,479,0.17745302713987474,-0.001305866102476704
GC,600,prev,0.5,follow,1.0,next,677,0.43870014771048743,0.4017697035416086,0.5435745937961596,-0.029292154161005335,442,0.502262443438914,0.01751289696174636
GC,600,prev,0.75,fade,0.1,eod,348,0.5201149425287356,0.46769121804060865,0.5201149425287356,-0.28024056823831994,233,0.51931330472103,-0.25391938974703837
GC,600,prev,0.75,fade,0.1,next,339,0.5221238938053098,0.4689999994798079,0.5221238938053098,-0.27698861653051704,229,0.5240174672489083,-0.24658203323143288
GC,600,prev,0.75,fade,0.2,eod,348,0.603448275862069,0.5511908150588,0.6063218390804598,-0.11269647354413241,233,0.5879828326180258,-0.12350657570527192
GC,600,prev,0.75,fade,0.2,next,339,0.6076696165191741,0.5547635421620849,0.6076696165191741,-0.11622451119348896,229,0.5982532751091703,-0.11760888804681228
GC,600,prev,0.75,fade,0.3,eod,348,0.5919540229885057,0.5395854080955195,0.6235632183908046,-0.05902844050851667,233,0.5364806866952789,-0.12949412229306106
GC,600,prev,0.75,fade,0.3,next,339,0.6342182890855457,0.5817074940665976,0.6342182890855457,-0.06645342967341011,229,0.5851528384279476,-0.13219532753785063
GC,600,prev,0.75,fade,0.5,eod,348,0.4339080459770115,0.3828371617566726,0.5747126436781609,-0.04447462363520725,233,0.4248927038626609,-0.05867816251209569
GC,600,prev,0.75,fade,0.5,next,339,0.6371681415929203,0.5847113142128454,0.6489675516224189,-0.023865119314080262,229,0.5982532751091703,-0.0977696220624509
GC,600,prev,0.75,fade,1.0,eod,348,0.14942528735632185,0.1158048136328591,0.4827586206896552,-0.04940048679090832,233,0.18454935622317598,-0.03739793870818549
GC,600,prev,0.75,fade,1.0,next,336,0.42857142857142855,0.3767575703504882,0.5535714285714286,-0.04807352626060151,226,0.4336283185840708,-0.07726197693205605
GC,600,prev,0.75,follow,0.1,eod,348,0.6350574712643678,0.5832573794321596,0.6350574712643678,-0.10346742815824038,233,0.6952789699570815,0.01634172502862759
GC,600,prev,0.75,follow,0.1,next,339,0.6342182890855457,0.5817074940665976,0.6342182890855457,-0.10463695725171823,229,0.6943231441048034,0.014779258668993558
GC,600,prev,0.75,follow,0.2,eod,348,0.6580459770114943,0.6067231072790207,0.6580459770114943,-0.03504688871778494,233,0.6824034334763949,0.02049428857624648
GC,600,prev,0.75,follow,0.2,next,339,0.6637168141592921,0.6118391125952574,0.6637168141592921,-0.031303519316633006,229,0.6855895196506551,0.014669946064006647
GC,600,prev,0.75,follow,0.3,eod,348,0.5919540229885057,0.5395854080955195,0.6120689655172413,-0.04833329569378672,233,0.6437768240343348,0.017442522250451203
GC,600,prev,0.75,follow,0.3,next,339,0.6489675516224189,0.5967471605459713,0.6489675516224189,-0.045380032809321014,229,0.6899563318777293,0.025961904369477606
GC,600,prev,0.75,follow,0.5,eod,348,0.47126436781609193,0.41941759756327684,0.5488505747126436,-0.007506218393147108,233,0.51931330472103,0.0448890474505724
GC,600,prev,0.75,follow,0.5,next,339,0.6253687315634219,0.5727082044883771,0.6371681415929203,-0.03212864479262995,229,0.7030567685589519,0.07638712078267343
GC,600,prev,0.75,follow,1.0,eod,348,0.2442528735632184,0.20206426836541075,0.47988505747126436,0.004373268389182346,233,0.19742489270386265,-0.007417805870926925
GC,600,prev,0.75,follow,1.0,next,336,0.48214285714285715,0.4292178996605449,0.5625,0.0028265485891901068,225,0.52,0.0352544864258541
GC,600,prev,1.0,fade,0.1,eod,155,0.4967741935483871,0.4190959919093806,0.4967741935483871,-0.3168878889230411,120,0.45,-0.3601820563384983
GC,600,prev,1.0,fade,0.1,next,151,0.4966887417218543,0.4180168316401289,0.4966887417218543,-0.3166846884924856,119,0.453781512605042,-0.3542244485524228
GC,600,prev,1.0,fade,0.2,eod,155,0.5741935483870968,0.4954812687928971,0.5741935483870968,-0.1677563262833498,120,0.5666666666666667,-0.14627679332451882
GC,600,prev,1.0,fade,0.2,next,151,0.5761589403973509,0.4964097274610699,0.5761589403973509,-0.16448214430944288,119,0.5798319327731093,-0.14514299018003396
GC,600,prev,1.0,fade,0.3,eod,155,0.5741935483870968,0.4954812687928971,0.5870967741935483,-0.11544404083764943,120,0.5333333333333333,-0.1519673256762869
GC,600,prev,1.0,fade,0.3,next,151,0.609271523178808,0.5296607013948498,0.609271523178808,-0.10592229869979501,119,0.5714285714285714,-0.1527839345054508
GC,600,prev,1.0,fade,0.5,eod,155,0.4064516129032258,0.33229588047002695,0.535483870967742,-0.09397557880579693,120,0.43333333333333335,-0.0827425660315448
GC,600,prev,1.0,fade,0.5,next,151,0.6026490066225165,0.522982027231788,0.6291390728476821,-0.0781934155645839,119,0.5546218487394958,-0.16721141185759364
GC,600,prev,1.0,fade,1.0,eod,155,0.13548387096774195,0.09035094342918003,0.43870967741935485,-0.08744116671139439,120,0.16666666666666666,-0.07001983947430576
GC,600,prev,1.0,fade,1.0,next,151,0.39072847682119205,0.31653967965392227,0.5298013245033113,-0.08732164161244214,119,0.40336134453781514,-0.16793318558963702
GC,600,prev,1.0,follow,0.1,eod,155,0.6516129032258065,0.573758596525986,0.6516129032258065,-0.07603487183615162,120,0.7333333333333333,0.07442316821984828
GC,600,prev,1.0,follow,0.1,next,151,0.6490066225165563,0.5700417249315451,0.6490066225165563,-0.08003204986818593,119,0.7310924369747899,0.07104055445945907
GC,600,prev,1.0,follow,0.2,eod,155,0.6838709677419355,0.6069782741566245,0.6838709677419355,-9.805300901590676e-05,120,0.7083333333333334,0.05490387784214253
GC,600,prev,1.0,follow,0.2,next,151,0.6821192052980133,0.6041161315185773,0.6821192052980133,-0.002706658233509362,119,0.7058823529411765,0.045224300116959486
GC,600,prev,1.0,follow,0.3,eod,155,0.6516129032258065,0.573758596525986,0.6774193548387096,0.03505674759687162,120,0.675,0.041971417734753255
GC,600,prev,1.0,follow,0.3,next,151,0.7086092715231788,0.6316731117214294,0.7086092715231788,0.04681630444179772,119,0.7058823529411765,0.05005154410859216
GC,600,prev,1.0,follow,0.5,eod,155,0.5161290322580645,0.4380206410480373,0.5870967741935483,0.03053891234464125,120,0.5416666666666666,0.08937768105776978
GC,600,prev,1.0,follow,0.5,next,151,0.6490066225165563,0.5700417249315451,0.6556291390728477,-0.000425786128042116,119,0.7394957983193278,0.11701078075943881
GC,600,prev,1.0,follow,1.0,eod,155,0.2838709677419355,0.2187854177434936,0.5290322580645161,0.03770697659405459,120,0.23333333333333334,0.03093358953121349
GC,600,prev,1.0,follow,1.0,next,151,0.5298013245033113,0.450442748013982,0.6026490066225165,0.05726776487970281,119,0.5714285714285714,0.0956652394502466
GC,600,prev,1.5,fade,0.1,eod,31,0.45161290322580644,0.29161482836586106,0.45161290322580644,-0.38924127788578206,30,0.5,-0.28908031698620523
GC,600,prev,1.5,fade,0.1,next,31,0.45161290322580644,0.29161482836586106,0.45161290322580644,-0.38924127788578206,30,0.5,-0.28908031698620523
GC,600,prev,1.5,fade,0.2,eod,31,0.5483870967741935,0.37771879603669134,0.5483870967741935,-0.20846630298279636,30,0.6666666666666666,-0.015664506935655163
GC,600,prev,1.5,fade,0.2,next,31,0.5483870967741935,0.37771879603669134,0.5483870967741935,-0.20846630298279636,30,0.6666666666666666,-0.015664506935655163
GC,600,prev,1.5,fade,0.3,eod,31,0.5483870967741935,0.37771879603669134,0.5483870967741935,-0.18992965814757673,30,0.6666666666666666,-0.010502150227269786
GC,600,prev,1.5,fade,0.3,next,31,0.5483870967741935,0.37771879603669134,0.5483870967741935,-0.1973680708320367,30,0.6666666666666666,-0.010502150227269786
GC,600,prev,1.5,fade,0.5,eod,31,0.3870967741935484,0.23732875351271562,0.41935483870967744,-0.21127361289209023,30,0.6333333333333333,0.03893759142098703
GC,600,prev,1.5,fade,0.5,next,31,0.6129032258064516,0.4382380114113197,0.6129032258064516,-0.09212554437818495,30,0.6333333333333333,-0.05634905383382029
GC,600,prev,1.5,fade,1.0,eod,31,0.1935483870967742,0.09186883586347633,0.3225806451612903,-0.18844856572379212,30,0.26666666666666666,-0.0948919074488552
GC,600,prev,1.5,fade,1.0,next,31,0.3870967741935484,0.23732875351271562,0.45161290322580644,-0.17927708878124346,30,0.5,-0.16693623883242215
GC,600,prev,1.5,follow,0.1,eod,31,0.7741935483870968,0.6018723994130262,0.7741935483870968,0.1116285935128195,30,0.6,-0.13165136077477205
GC,600,prev,1.5,follow,0.1,next,31,0.7741935483870968,0.6018723994130262,0.7741935483870968,0.1116285935128195,30,0.6,-0.13165136077477205
GC,600,prev,1.5,follow,0.2,eod,31,0.7096774193548387,0.5340734004245933,0.7096774193548387,0.03510203774546552,30,0.6333333333333333,-0.06725760848740818
GC,600,prev,1.5,follow,0.2,next,31,0.7096774193548387,0.5340734004245933,0.7096774193548387,0.03510203774546552,30,0.6333333333333333,-0.06725760848740818
GC,600,prev,1.5,follow,0.3,eod,31,0.7419354838709677,0.5675352757228489,0.7419354838709677,0.09656766751925681,30,0.6333333333333333,-0.06136654161892654
GC,600,prev,1.5,follow,0.3,next,31,0.7419354838709677,0.5675352757228489,0.7419354838709677,0.09656766751925681,30,0.6333333333333333,-0.06136654161892654
GC,600,prev,1.5,follow,0.5,eod,31,0.6451612903225806,0.469476380428149,0.6774193548387096,0.09471735502058629,30,0.6333333333333333,0.12823136035340527
GC,600,prev,1.5,follow,0.5,next,31,0.6774193548387096,0.5014068555995079,0.6774193548387096,0.005167300343971357,30,0.7666666666666667,0.14422335154431437
GC,600,prev,1.5,follow,1.0,eod,31,0.3870967741935484,0.23732875351271562,0.6451612903225806,0.11366327173816486,30,0.3333333333333333,0.06775219036020673
GC,600,prev,1.5,follow,1.0,next,31,0.6129032258064516,0.4382380114113197,0.7096774193548387,0.1537440768484729,30,0.7,0.1712872218857872
GC,630,open,0.25,fade,0.1,eod,592,0.5861486486486487,0.5460420273630278,0.5861486486486487,-0.17584906771405587,381,0.6194225721784777,-0.1021801855414324
GC,630,open,0.25,fade,0.1,next,580,0.5862068965517241,0.5456848254252019,0.5862068965517241,-0.17560139515847698,367,0.6294277929155313,-0.08672927870378205
GC,630,open,0.25,fade,0.2,eod,592,0.6114864864864865,0.5716241276104455,0.6216216216216216,-0.08658940413964346,381,0.6430446194225722,-0.03457983864425105
GC,630,open,0.25,fade,0.2,next,580,0.6224137931034482,0.5822762114121036,0.6224137931034482,-0.09343461575231217,367,0.6512261580381471,-0.03832567106709302
GC,630,open,0.25,fade,0.3,eod,592,0.5726351351351351,0.5324422573422118,0.6131756756756757,-0.045479487051374064,381,0.5695538057742782,-0.044306682976572136
GC,630,open,0.25,fade,0.3,next,580,0.646551724137931,0.6067985419880858,0.646551724137931,-0.048022942075155554,367,0.6348773841961853,-0.058088980534868065
GC,630,open,0.25,fade,0.5,eod,592,0.4189189189189189,0.37982191874658994,0.5608108108108109,-0.03565309252814415,381,0.3989501312335958,-0.027177839834866817
GC,630,open,0.25,fade,0.5,next,577,0.6360485268630849,0.59600979805773,0.6412478336221837,-0.032360060604480365,366,0.6092896174863388,-0.049894168354268915
GC,630,open,0.25,fade,1.0,eod,592,0.12837837837837837,0.10380803499338315,0.5152027027027027,-0.02173406243059668,381,0.12860892388451445,-0.018219744403206183
GC,630,open,0.25,fade,1.0,next,533,0.4352720450281426,0.39379223220956955,0.5572232645403377,-0.040074652822276846,343,0.46647230320699706,-0.024800205374096353
GC,630,open,0.25,follow,0.1,eod,592,0.6199324324324325,0.5801758772797688,0.6199324324324325,-0.1227923580828514,381,0.6614173228346457,-0.037529758918520645
GC,630,open,0.25,follow,0.1,next,580,0.6224137931034482,0.5822762114121036,0.6224137931034482,-0.1198266519064831,367,0.6566757493188011,-0.04481266723454524
GC,630,open,0.25,follow,0.2,eod,592,0.6165540540540541,0.5767536942197746,0.6216216216216216,-0.08616664907889204,381,0.6640419947506562,-0.0017609266012881964
GC,630,open,0.25,follow,0.2,next,580,0.6293103448275862,0.589271904837897,0.6293103448275862,-0.08212523117670609,367,0.6648501362397821,-0.01726541849257276
GC,630,open,0.25,follow,0.3,eod,592,0.5675675675675675,0.5273501186721786,0.5996621621621622,-0.054320530416194175,381,0.5616797900262467,-0.03169827229595182
GC,630,open,0.25,follow,0.3,next,580,0.6482758620689655,0.6085541894622961,0.65,-0.04123928553599895,367,0.6512261580381471,-0.03312102557464675
GC,630,open,0.25,follow,0.5,eod,592,0.40033783783783783,0.36163306906915066,0.5219594594594594,-0.034424432344143524,381,0.4304461942257218,0.018931502051249962
GC,630,open,0.25,follow,0.5,next,575,0.6278260869565218,0.5875892288230433,0.6365217391304347,-0.035458885330520225,364,0.6565934065934066,0.0003457913138698276
GC,630,open,0.25,follow,1.0,eod,592,0.17567567567567569,0.14713931227040894,0.4577702702702703,-0.014484001189487549,381,0.15485564304461943,-0.011441976035924594
GC,630,open,0.25,follow,1.0,next,544,0.45588235294117646,0.41448429805665427,0.5477941176470589,-0.03214673062693154,345,0.4811594202898551,-0.01746346895831211
GC,630,open,0.5,fade,0.1,eod,122,0.5737704918032787,0.4850849448077339,0.5737704918032787,-0.1948685927655988,86,0.5930232558139535,-0.14388248070729137
GC,630,open,0.5,fade,0.1,next,121,0.5785123966942148,0.48944135441778625,0.5785123966942148,-0.18741992804248878,83,0.6144578313253012,-0.11051999629989326
GC,630,open,0.5,fade,0.2,eod,122,0.6311475409836066,0.5427473656846497,0.6311475409836066,-0.07222962809189526,86,0.5930232558139535,-0.12310170427600453
GC,630,open,0.5,fade,0.2,next,121,0.628099173553719,0.5392836613748759,0.628099173553719,-0.08308605574473032,83,0.5783132530120482,-0.14954323416183188
GC,630,open,0.5,fade,0.3,eod,122,0.6229508196721312,0.534436471496458,0.639344262295082,-0.020331520666226864,86,0.5465116279069767,-0.12508702738870958
GC,630,open,0.5,fade,0.3,next,121,0.6776859504132231,0.5900518902701183,0.6776859504132231,0.0005240406401683927,83,0.5662650602409639,-0.16220653563805051
GC,630,open,0.5,fade,0.5,eod,122,0.4426229508196721,0.35757368067900913,0.6065573770491803,-0.01989293280167109,86,0.4418604651162791,-0.08920248031157155
GC,630,open,0.5,fade,0.5,next,121,0.628099173553719,0.5392836613748759,0.6446280991735537,-0.02960944462984227,83,0.5180722891566265,-0.18076048102289932
GC,630,open,0.5,fade,1.0,eod,122,0.10655737704918032,0.06333639360136176,0.5409836065573771,-0.03774492640727674,86,0.18604651162790697,-0.0521041021055416
GC,630,open,0.5,fade,1.0,next,119,0.40336134453781514,0.31957754750688566,0.5462184873949579,-0.08404798184708283,83,0.43373493975903615,-0.10641576282437132
GC,630,open,0.5,follow,0.1,eod,122,0.6229508196721312,0.534436471496458,0.6229508196721312,-0.11775969470411102,86,0.686046511627907,-0.00033464569828127683
GC,630,open,0.5,follow,0.1,next,121,0.6198347107438017,0.530914251456063,0.6198347107438017,-0.12260025134281766,83,0.6746987951807228,-0.01761287125389726
GC,630,open,0.5,follow,0.2,eod,122,0.6229508196721312,0.534436471496458,0.6229508196721312,-0.07938917013977298,86,0.7209302325581395,0.07531124922886805
GC,630,open,0.5,follow,0.2,next,121,0.6363636363636364,0.5476787056920082,0.6363636363636364,-0.07138980594927716,83,0.7108433734939759,0.05230200379894478
GC,630,open,0.5,follow,0.3,eod,122,0.5819672131147541,0.49325026679079315,0.5983606557377049,-0.05812061703271322,86,0.627906976744186,-0.01620843422071539
GC,630,open,0.5,follow,0.3,next,121,0.6694214876033058,0.5815227437972955,0.6694214876033058,-0.012418653741973472,83,0.6746987951807228,0.002535881541082717
GC,630,open,0.5,follow,0.5,eod,122,0.4344262295081967,0.34979916036936143,0.5163934426229508,-0.008550775642089939,86,0.6395348837209303,0.13877858756796027
GC,630,open,0.5,follow,0.5,next,121,0.6528925619834711,0.5645471366373127,0.6694214876033058,0.004338685998935795,83,0.7710843373493976,0.15491211046037215
GC,630,open,0.5,follow,1.0,eod,122,0.1885245901639344,0.12903622583107394,0.4426229508196721,-0.010599841911051611,86,0.29069767441860467,0.041512623392300975
GC,630,open,0.5,follow,1.0,next,120,0.45,0.3639158452162006,0.525,-0.05746290092098963,83,0.6024096385542169,0.08109522421427827
GC,630,open,0.75,fade,0.1,eod,24,0.4583333333333333,0.2789105835168143,0.4583333333333333,-0.37442859021278263,27,0.6296296296296297,-0.08646345886218214
GC,630,open,0.75,fade,0.1,next,24,0.4583333333333333,0.2789105835168143,0.4583333333333333,-0.37442859021278263,27,0.6296296296296297,-0.08646345886218214
GC,630,open,0.75,fade,0.2,eod,24,0.5833333333333334,0.3883433764938864,0.5833333333333334,-0.15222744219244552,27,0.6296296296296297,-0.07148369596850906
GC,630,open,0.75,fade,0.2,next,24,0.5833333333333334,0.3883433764938864,0.5833333333333334,-0.15222744219244552,27,0.6296296296296297,-0.07148369596850906
GC,630,open,0.75,fade,0.3,eod,24,0.5833333333333334,0.3883433764938864,0.5833333333333334,-0.13559100459478787,27,0.5555555555555556,-0.0963845693411759
GC,630,open,0.75,fade,0.3,next,24,0.5833333333333334,0.3883433764938864,0.5833333333333334,-0.14316936812162062,27,0.5925925925925926,-0.12196945416514647
GC,630,open,0.75,fade,0.5,eod,24,0.4583333333333333,0.2789105835168143,0.5416666666666666,-0.17123025765832964,27,0.5185185185185185,-0.01668811537984657
GC,630,open,0.75,fade,0.5,next,24,0.4583333333333333,0.2789105835168143,0.5,-0.26839738792396284,27,0.5555555555555556,-0.136290999181495
GC,630,open,0.75,fade,1.0,eod,24,0.16666666666666666,0.06678568000728924,0.4583333333333333,-0.09409320654201174,27,0.18518518518518517,-0.13345412845229207
GC,630,open,0.75,fade,1.0,next,24,0.4166666666666667,0.24467347246538232,0.4583333333333333,-0.23780795991281148,27,0.4074074074074074,-0.2217589403514151
GC,630,open,0.75,follow,0.1,eod,24,0.7083333333333334,0.508319363412903,0.7083333333333334,0.019047383851977535,27,0.5185185185185185,-0.2577013033691365
GC,630,open,0.75,follow,0.1,next,24,0.7083333333333334,0.508319363412903,0.7083333333333334,0.019047383851977535,27,0.5185185185185185,-0.2577013033691365
GC,630,open,0.75,follow,0.2,eod,24,0.7083333333333334,0.508319363412903,0.7083333333333334,0.040921366725059916,27,0.6296296296296297,-0.07082570173289214
GC,630,open,0.75,follow,0.2,next,24,0.7083333333333334,0.508319363412903,0.7083333333333334,0.040921366725059916,27,0.6296296296296297,-0.07082570173289214
GC,630,open,0.75,follow,0.3,eod,24,0.6666666666666666,0.4670595949408046,0.6666666666666666,-0.01548996539347077,27,0.6666666666666666,-0.009258897777864771
GC,630,open,0.75,follow,0.3,next,24,0.6666666666666666,0.4670595949408046,0.6666666666666666,-0.01548996539347077,27,0.6666666666666666,-0.009258897777864771
GC,630,open,0.75,follow,0.5,eod,24,0.5833333333333334,0.3883433764938864,0.5833333333333334,0.0010776735482258455,27,0.7407407407407407,0.24265801857997593
GC,630,open,0.75,follow,0.5,next,24,0.75,0.5510017468789357,0.75,0.11643574222886083,27,0.8518518518518519,0.27349226923161163
GC,630,open,0.75,follow,1.0,eod,24,0.3333333333333333,0.17971978688379642,0.5,0.03359564253777524,27,0.4074074074074074,0.11019977480588297
GC,630,open,0.75,follow,1.0,next,24,0.5833333333333334,0.3883433764938864,0.625,-0.0038471687127825858,27,0.7037037037037037,0.08939822923643967
GC,630,prev,0.25,fade,0.1,eod,1536,0.5833333333333334,0.5584998626330984,0.5833333333333334,-0.17955730040053064,926,0.6177105831533477,-0.102744440471363
GC,630,prev,0.25,fade,0.1,next,1494,0.5829986613119144,0.5578144750104974,0.5829986613119144,-0.1807726669100907,897,0.620958751393534,-0.09783183079899617
GC,630,prev,0.25,fade,0.2,eod,1536,0.6100260416666666,0.5853881648304261,0.6204427083333334,-0.07936023184609105,926,0.6198704103671706,-0.04974832153029748
GC,630,prev,0.25,fade,0.2,next,1494,0.6338688085676037,0.6091257846032926,0.6338688085676037,-0.07751091467143545,897,0.6399108138238573,-0.05431235352373005
GC,630,prev,0.25,fade,0.3,eod,1536,0.5475260416666666,0.5225462688182645,0.6061197916666666,-0.04388550460379731,926,0.5280777537796977,-0.056562418731485466
GC,630,prev,0.25,fade,0.3,next,1494,0.6459170013386881,0.6213204325880848,0.6465863453815262,-0.04920361944168881,897,0.6287625418060201,-0.06695026636259474
GC,630,prev,0.25,fade,0.5,eod,1536,0.3704427083333333,0.3466427130678814,0.55078125,-0.023554905159605777,926,0.3617710583153348,-0.03559822622305597
GC,630,prev,0.25,fade,0.5,next,1477,0.6283006093432634,0.6033515648191728,0.6398104265402843,-0.035383931817211285,881,0.6186152099886493,-0.04174448754326411
GC,630,prev,0.25,fade,1.0,eod,1536,0.11848958333333333,0.10327080144826696,0.5104166666666666,-0.02204148082396122,926,0.09071274298056156,-0.028213739886552344
GC,630,prev,0.25,fade,1.0,next,1230,0.432520325203252,0.4050853784948002,0.5609756097560976,-0.0251572188614809,744,0.41397849462365593,-0.05377495170031619
GC,630,prev,0.25,follow,0.1,eod,1536,0.6204427083333334,0.5959017636566766,0.6204427083333334,-0.12252310656933922,926,0.6501079913606912,-0.05249781235050531
GC,630,prev,0.25,follow,0.1,next,1494,0.6218206157965194,0.5969475312751144,0.6218206157965194,-0.1203095872221212,897,0.6454849498327759,-0.05960531178613377
GC,630,prev,0.25,follow,0.2,eod,1536,0.6067708333333334,0.5821050616717747,0.6145833333333334,-0.08818785550942337,926,0.6393088552915767,-0.0236936719968006
GC,630,prev,0.25,follow,0.2,next,1494,0.6285140562248996,0.6037112235271332,0.6285140562248996,-0.08335265285843785,897,0.6555183946488294,-0.03176801682813364
GC,630,prev,0.25,follow,0.3,eod,1536,0.5221354166666666,0.4971306206317981,0.5690104166666666,-0.07208292852875929,926,0.550755939524838,-0.027372396903296802
GC,630,prev,0.25,follow,0.3,next,1494,0.6331994645247657,0.608448788009284,0.6331994645247657,-0.06649704721389055,897,0.6488294314381271,-0.040701736555216084
GC,630,prev,0.25,follow,0.5,eod,1536,0.359375,0.3357573540511769,0.5045572916666666,-0.04070771173384572,926,0.3693304535637149,0.012995986902073898
GC,630,prev,0.25,follow,0.5,next,1459,0.6216586703221384,0.5964843271739843,0.630568882796436,-0.03971790068755597,882,0.6621315192743764,0.02361163190302706
GC,630,prev,0.25,follow,1.0,eod,1536,0.142578125,0.12598315017368922,0.4544270833333333,-0.015430604859411603,926,0.12742980561555076,0.006988172974514371
GC,630,prev,0.25,follow,1.0,next,1247,0.43544506816359263,0.40816527375534767,0.5380914194065758,-0.022984242668667512,741,0.48582995951417,0.017066327639417518
GC,630,prev,0.5,fade,0.1,eod,792,0.5934343434343434,0.5588536360464184,0.5934343434343434,-0.1651065361653799,506,0.6106719367588933,-0.11386162852776423
GC,630,prev,0.5,fade,0.1,next,773,0.5899094437257438,0.5548742137486878,0.5899094437257438,-0.17047830264148192,496,0.6189516129032258,-0.10120831532260637
GC,630,prev,0.5,fade,0.2,eod,792,0.5984848484848485,0.5639480443730321,0.6098484848484849,-0.10421773565698048,506,0.6264822134387352,-0.051101909227382586
GC,630,prev,0.5,fade,0.2,next,773,0.6209573091849935,0.5862373902273862,0.6209573091849935,-0.0974856253792414,496,0.6391129032258065,-0.055413774866128494
GC,630,prev,0.5,fade,0.3,eod,792,0.5606060606060606,0.5258297739131269,0.6098484848484849,-0.05440922964295359,506,0.541501976284585,-0.06313156682091621
GC,630,prev,0.5,fade,0.3,next,773,0.6416558861578266,0.607227829230319,0.6416558861578266,-0.055894841016419006,496,0.6310483870967742,-0.06391416094647083
GC,630,prev,0.5,fade,0.5,eod,792,0.38762626262626265,0.35431443636955423,0.5505050505050505,-0.03282383997513037,506,0.37549407114624506,-0.03626287110418522
GC,630,prev,0.5,fade,0.5,next,773,0.6326002587322122,0.5980362970142701,0.648124191461837,-0.02069919992848631,495,0.6222222222222222,-0.037245630974901696
GC,630,prev,0.5,fade,1.0,eod,792,0.12247474747474747,0.10144734669373529,0.5025252525252525,-0.02850159994081889,506,0.10869565217391304,-0.033673302004381955
GC,630,prev,0.5,fade,1.0,next,719,0.41863699582753827,0.3831020604572988,0.5549374130737135,-0.02779838186990718,468,0.40384615384615385,-0.06416255961028636
GC,630,prev,0.5,follow,0.1,eod,792,0.61489898989899,0.5805308405701084,0.61489898989899,-0.13232311974161348,506,0.6442687747035574,-0.060951432785398246
GC,630,prev,0.5,follow,0.1,next,773,0.6196636481241915,0.5849276889189506,0.6196636481241915,-0.12477710494009796,496,0.6370967741935484,-0.07196178051300918
GC,630,prev,0.5,follow,0.2,eod,792,0.601010101010101,0.5664966503344732,0.6060606060606061,-0.10789786699511378,506,0.6304347826086957,-0.0361206669989649
GC,630,prev,0.5,follow,0.2,next,773,0.6119016817593791,0.577074834907034,0.6119016817593791,-0.1092581254057846,496,0.6391129032258065,-0.05766348501954342
GC,630,prev,0.5,follow,0.3,eod,792,0.5492424242424242,0.5144341538871021,0.5858585858585859,-0.05766196351796232,506,0.5592885375494071,-0.029341488041500326
GC,630,prev,0.5,follow,0.3,next,773,0.6377749029754204,0.6032870212856632,0.6377749029754204,-0.05958020577630193,496,0.6431451612903226,-0.043696818524563606
GC,630,prev,0.5,follow,0.5,eod,792,0.3939393939393939,0.3604993968479582,0.5189393939393939,-0.028590338852660706,506,0.39920948616600793,0.025109894951732693
GC,630,prev,0.5,follow,0.5,next,773,0.6248382923673997,0.5901680338140436,0.6390685640362225,-0.026305473603524015,496,0.6754032258064516,0.047708591304463255
GC,630,prev,0.5,follow,1.0,eod,792,0.16035353535353536,0.13644682906877587,0.4671717171717172,-0.010920412206027005,506,0.14031620553359683,0.0073370460511004735
GC,630,prev,0.5,follow,1.0,next,733,0.43383356070941337,0.39839173053597926,0.5429740791268759,-0.017921951896779004,469,0.4946695095948827,0.02608355467658355
GC,630,prev,0.75,fade,0.1,eod,379,0.6226912928759895,0.5728898440798351,0.6226912928759895,-0.12008207333696023,276,0.6123188405797102,-0.1116581865383217
GC,630,prev,0.75,fade,0.1,next,369,0.6205962059620597,0.5700830814694815,0.6205962059620597,-0.12309912337364866,270,0.6259259259259259,-0.09071768845854988
GC,630,prev,0.75,fade,0.2,eod,379,0.6226912928759895,0.5728898440798351,0.633245382585752,-0.06794313851295104,276,0.6195652173913043,-0.058980800248746156
GC,630,prev,0.75,fade,0.2,next,369,0.6449864498644986,0.594896971109989,0.6449864498644986,-0.059810943911775105,270,0.6370370370370371,-0.05857556621386519
GC,630,prev,0.75,fade,0.3,eod,379,0.5989445910290238,0.5488461616843985,0.6385224274406333,-0.018271264690053246,276,0.5253623188405797,-0.09127938064110548
GC,630,prev,0.75,fade,0.3,next,369,0.6585365853658537,0.608740942129876,0.6585365853658537,-0.030044870171786767,270,0.6074074074074074,-0.0986267272455548
GC,630,prev,0.75,fade,0.5,eod,379,0.42480211081794195,0.37603459616042223,0.575197889182058,-0.0015118039273432813,276,0.37318840579710144,-0.06629292344199478
GC,630,prev,0.75,fade,0.5,next,369,0.6693766937669376,0.6198471511204307,0.6856368563685636,0.03217078033092409,270,0.6185185185185185,-0.06128737577437949
GC,630,prev,0.75,fade,1.0,eod,379,0.13720316622691292,0.10618653430283007,0.5145118733509235,-0.014695236407696783,276,0.11231884057971014,-0.046785144880212834
GC,630,prev,0.75,fade,1.0,next,366,0.4180327868852459,0.3686077078152406,0.5601092896174863,-0.01756536705713448,268,0.40671641791044777,-0.08157544892279486
GC,630,prev,0.75,follow,0.1,eod,379,0.5857519788918206,0.5355400879409122,0.5857519788918206,-0.17753465797541876,276,0.6702898550724637,-0.021894702108355514
GC,630,prev,0.75,follow,0.1,next,369,0.5880758807588076,0.5372005164842346,0.5880758807588076,-0.17360554990319746,270,0.662962962962963,-0.03309250585796259
GC,630,prev,0.75,follow,0.2,eod,379,0.5725593667546174,0.5222701050777943,0.575197889182058,-0.1575788743232878,276,0.6666666666666666,-0.001751666093587691
GC,630,prev,0.75,follow,0.2,next,369,0.5799457994579946,0.5290150087167385,0.5799457994579946,-0.15836888392341233,270,0.662962962962963,-0.02409390709371634
GC,630,prev,0.75,follow,0.3,eod,379,0.5488126649076517,0.49847368075388776,0.5804749340369393,-0.07534823415149222,276,0.5905797101449275,-0.00956597962139463
GC,630,prev,0.75,follow,0.3,next,369,0.6260162601626016,0.5755858063839369,0.6260162601626016,-0.07812791089833822,270,0.662962962962963,-0.016827978528521064
GC,630,prev,0.75,follow,0.5,eod,379,0.40897097625329815,0.3606269606025035,0.5224274406332454,-0.027109914617194714,276,0.4492753623188406,0.0513802202562638
GC,630,prev,0.75,follow,0.5,next,369,0.6205962059620597,0.5700830814694815,0.6395663956639567,-0.03009828510119783,270,0.7,0.08305471493599954
GC,630,prev,0.75,follow,1.0,eod,379,0.16358839050131926,0.12975683972734836,0.45646437994722955,-0.026414851447463313,276,0.15942028985507245,0.030064819361591177
GC,630,prev,0.75,follow,1.0,next,369,0.42005420054200543,0.3707708642865031,0.5338753387533876,-0.030232052057725438,268,0.5223880597014925,0.06893198828532375
GC,630,prev,1.0,fade,0.1,eod,182,0.5659340659340659,0.4932981586173573,0.5659340659340659,-0.21003926618933136,144,0.6319444444444444,-0.08260449850517959
GC,630,prev,1.0,fade,0.1,next,178,0.5730337078651685,0.49957962830407576,0.5730337078651685,-0.19868460032908897,143,0.6363636363636364,-0.07570566714590468
GC,630,prev,1.0,fade,0.2,eod,182,0.5989010989010989,0.5263596848254863,0.5989010989010989,-0.12176436168530325,144,0.6527777777777778,-0.01885872022125941
GC,630,prev,1.0,fade,0.2,next,178,0.6179775280898876,0.5448191201373149,0.6179775280898876,-0.10297714579807116,143,0.6573426573426573,-0.028348124625360998
GC,630,prev,1.0,fade,0.3,eod,182,0.5824175824175825,0.5097890727788562,0.5989010989010989,-0.07490290077014419,144,0.5555555555555556,-0.06340229070000669
GC,630,prev,1.0,fade,0.3,next,178,0.6235955056179775,0.5505172707444252,0.6235955056179775,-0.08408264418886065,143,0.6153846153846154,-0.08697464160095769
GC,630,prev,1.0,fade,0.5,eod,182,0.3791208791208791,0.31181961263762326,0.5164835164835165,-0.08039966616912214,144,0.4166666666666667,-0.031516697697669516
GC,630,prev,1.0,fade,0.5,next,178,0.6292134831460674,0.5562252733268693,0.6460674157303371,-0.032063809341946095,143,0.6083916083916084,-0.07383180820076214
GC,630,prev,1.0,fade,1.0,eod,182,0.1043956043956044,0.0678565273005195,0.44505494505494503,-0.07612656049061094,144,0.14583333333333334,-0.03297015334461144
GC,630,prev,1.0,fade,1.0,next,178,0.38764044943820225,0.31915907090586987,0.5224719101123596,-0.09583281967807554,143,0.43356643356643354,-0.08698453746413917
GC,630,prev,1.0,follow,0.1,eod,182,0.6208791208791209,0.5485803809478401,0.6208791208791209,-0.12358341749106255,144,0.7013888888888888,0.025893173870076266
GC,630,prev,1.0,follow,0.1,next,178,0.6123595505617978,0.5391307385550768,0.6123595505617978,-0.13687950359280499,143,0.6993006993006993,0.022738900920173537
GC,630,prev,1.0,follow,0.2,eod,182,0.6153846153846154,0.5430114563069403,0.6208791208791209,-0.09578645907216722,144,0.6666666666666666,0.006506185557989149
GC,630,prev,1.0,follow,0.2,next,178,0.6067415730337079,0.5334520479838576,0.6067415730337079,-0.11730045710141708,143,0.6713286713286714,-0.006581361639686043
GC,630,prev,1.0,follow,0.3,eod,182,0.6208791208791209,0.5485803809478401,0.6373626373626373,0.003265137664820037,144,0.5833333333333334,-0.038517513295764576
GC,630,prev,1.0,follow,0.3,next,178,0.6741573033707865,0.6022557107678059,0.6741573033707865,-0.0012975983515067578,143,0.6643356643356644,-0.0128995022523609
GC,630,prev,1.0,follow,0.5,eod,182,0.5054945054945055,0.4334974743463057,0.5989010989010989,0.05462966392702997,144,0.4791666666666667,0.0420352516159863
GC,630,prev,1.0,follow,0.5,next,178,0.6797752808988764,0.6080570338338699,0.6966292134831461,0.0326113567106757,143,0.6923076923076923,0.06007918920892886
GC,630,prev,1.0,follow,1.0,eod,182,0.21978021978021978,0.16575456426715088,0.532967032967033,0.026518594430762106,144,0.16666666666666666,0.025387686786877504
GC,630,prev,1.0,follow,1.0,next,178,0.4887640449438202,0.4163453157855282,0.5786516853932584,0.016019002060686394,143,0.5594405594405595,0.09323614889594925
GC,630,prev,1.5,fade,0.1,eod,43,0.5581395348837209,0.4110735806551171,0.5581395348837209,-0.22335466289324235,36,0.5555555555555556,-0.20040702166560617
GC,630,prev,1.5,fade,0.1,next,43,0.5581395348837209,0.4110735806551171,0.5581395348837209,-0.22335466289324235,35,0.5714285714285714,-0.17558615420229517
GC,630,prev,1.5,fade,0.2,eod,43,0.5581395348837209,0.4110735806551171,0.5581395348837209,-0.17068413719030892,36,0.6666666666666666,-0.01442267502412117
GC,630,prev,1.5,fade,0.2,next,43,0.5813953488372093,0.43328315755711777,0.5813953488372093,-0.1583918820302079,35,0.6571428571428571,-0.02879124010632589
GC,630,prev,1.5,fade,0.3,eod,43,0.5348837209302325,0.38915389728872773,0.5348837209302325,-0.19832634631423077,36,0.6388888888888888,-0.022804231355131863
GC,630,prev,1.5,fade,0.3,next,43,0.5581395348837209,0.4110735806551171,0.5581395348837209,-0.18625554054858257,35,0.6285714285714286,-0.06699020998535728
GC,630,prev,1.5,fade,0.5,eod,43,0.46511627906976744,0.3251082626391856,0.4883720930232558,-0.13992614627854397,36,0.5277777777777778,0.002824685785836319
GC,630,prev,1.5,fade,0.5,next,43,0.5813953488372093,0.43328315755711777,0.5813953488372093,-0.1301568927478498,35,0.6285714285714286,-0.041496072031104635
GC,630,prev,1.5,fade,1.0,eod,43,0.06976744186046512,0.024011153791962503,0.3488372093023256,-0.18561076165239115,36,0.2222222222222222,-0.08282657725807319
GC,630,prev,1.5,fade,1.0,next,43,0.37209302325581395,0.2437613889377433,0.4186046511627907,-0.20126703571223534,35,0.45714285714285713,-0.1606743052290721
GC,630,prev,1.5,follow,0.1,eod,43,0.6976744186046512,0.5489435424759017,0.6976744186046512,-0.003068790880574103,36,0.5555555555555556,-0.1958087616213765
GC,630,prev,1.5,follow,0.1,next,43,0.6976744186046512,0.5489435424759017,0.6976744186046512,-0.003068790880574103,35,0.5428571428571428,-0.2150305606878777
GC,630,prev,1.5,follow,0.2,eod,43,0.6046511627906976,0.4557879659331908,0.6046511627906976,-0.12042821608532531,36,0.6111111111111112,-0.09669679879220358
GC,630,prev,1.5,follow,0.2,next,43,0.6046511627906976,0.4557879659331908,0.6046511627906976,-0.12042821608532531,35,0.6,-0.11341605312492493
GC,630,prev,1.5,follow,0.3,eod,43,0.6511627906976745,0.501715070970981,0.6511627906976745,-0.013168843660368702,36,0.6388888888888888,-0.02450850714124582
GC,630,prev,1.5,follow,0.3,next,43,0.6744186046511628,0.5251593250655096,0.6744186046511628,-0.005709511439329306,35,0.6857142857142857,0.020548769072687757
GC,630,prev,1.5,follow,0.5,eod,43,0.6046511627906976,0.4557879659331908,0.627906976744186,0.14557286107173695,36,0.6111111111111112,0.152660533989014
GC,630,prev,1.5,follow,0.5,next,43,0.7441860465116279,0.5976131013174515,0.7441860465116279,0.10669986750160625,35,0.7714285714285715,0.15255097933351103
GC,630,prev,1.5,follow,1.0,eod,43,0.3953488372093023,0.263651061984564,0.5813953488372093,0.15057834548514862,36,0.2777777777777778,0.07657402671028742
GC,630,prev,1.5,follow,1.0,next,43,0.6744186046511628,0.5251593250655096,0.7674418604651163,0.17930710316204077,35,0.6857142857142857,0.14079026308048298
GC,690,open,0.25,fade,0.1,eod,845,0.6023668639053255,0.5689761737188725,0.6035502958579881,-0.1494964410442514,560,0.6464285714285715,-0.05736158392190122
GC,690,open,0.25,fade,0.1,next,828,0.6002415458937198,0.566486633690821,0.6002415458937198,-0.15439874936571885,538,0.6431226765799256,-0.06435573345580896
GC,690,open,0.25,fade,0.2,eod,845,0.6248520710059171,0.5917110124530749,0.6414201183431952,-0.03645518259939954,560,0.6357142857142857,-0.007181088870584685
GC,690,open,0.25,fade,0.2,next,828,0.6582125603864735,0.6252409101622975,0.6582125603864735,-0.038293408746287644,538,0.671003717472119,-0.007743744241001946
GC,690,open,0.25,fade,0.3,eod,845,0.49467455621301776,0.46106390596025054,0.5763313609467455,-0.054718880462655425,560,0.5392857142857143,-0.0017365864663875781
GC,690,open,0.25,fade,0.3,next,828,0.643719806763285,0.6105046326653603,0.644927536231884,-0.05219457959439185,538,0.6747211895910781,0.001482615373973053
GC,690,open,0.25,fade,0.5,eod,845,0.28994082840236685,0.26035246323184,0.5254437869822485,-0.04197272081246267,560,0.3107142857142857,-0.012487162689377987
GC,690,open,0.25,fade,0.5,next,819,0.63003663003663,0.5964356209642426,0.6471306471306472,-0.030441634194281263,534,0.649812734082397,0.006193079754302318
GC,690,open,0.25,fade,1.0,eod,845,0.07810650887573964,0.06186311701726918,0.493491124260355,-0.029338183819862747,560,0.05357142857142857,-0.018681674126209056
GC,690,open,0.25,fade,1.0,next,742,0.4002695417789757,0.36561637568122696,0.5417789757412399,-0.04090717656005904,478,0.4225941422594142,-0.0476670615138518
GC,690,open,0.25,follow,0.1,eod,845,0.5928994082840237,0.5594253365978231,0.5940828402366863,-0.16236226099204926,560,0.6125,-0.11189720702908626
GC,690,open,0.25,follow,0.1,next,828,0.6002415458937198,0.566486633690821,0.6002415458937198,-0.15324110082677794,538,0.6078066914498141,-0.11903643289445588
GC,690,open,0.25,follow,0.2,eod,845,0.5857988165680473,0.5522705197192035,0.6011834319526628,-0.08466805041677129,560,0.5482142857142858,-0.10399804741809192
GC,690,open,0.25,follow,0.2,next,828,0.6328502415458938,0.5994736878262682,0.6328502415458938,-0.0766568841286923,538,0.604089219330855,-0.11039582322799833
GC,690,open,0.25,follow,0.3,eod,845,0.48757396449704143,0.4540038920634186,0.5502958579881657,-0.06121093732407539,560,0.45,-0.050857294500602265
GC,690,open,0.25,follow,0.3,next,828,0.6413043478260869,0.6080517531562136,0.6413043478260869,-0.054488637796842314,538,0.6672862453531598,-0.00780837871831392
GC,690,open,0.25,follow,0.5,eod,845,0.33727810650887574,0.3062004935723893,0.5029585798816568,-0.01139186655748436,560,0.30714285714285716,-0.01052701635523724
GC,690,open,0.25,follow,0.5,next,819,0.6373626373626373,0.6038656667778733,0.6495726495726496,-0.0018329092963931693,533,0.6397748592870544,-0.018002610321277982
GC,690,open,0.25,follow,1.0,eod,845,0.12071005917159763,0.10044252190645456,0.45798816568047335,-0.010887736526259656,560,0.09285714285714286,0.0004415224160056368
GC,690,open,0.25,follow,1.0,next,752,0.43882978723404253,0.403761097350967,0.535904255319149,-0.023251372877875338,485,0.44948453608247424,-0.005517391007669387
GC,690,open,0.5,fade,0.1,eod,250,0.584,0.5220798207694061,0.584,-0.18114443018143975,149,0.6241610738255033,-0.09640570351436865
GC,690,open,0.5,fade,0.1,next,248,0.5806451612903226,0.518457514571068,0.5806451612903226,-0.1863132802003162,144,0.6111111111111112,-0.11646117133903124
GC,690,open,0.5,fade,0.2,eod,250,0.644,0.5828767221362727,0.656,-0.03945950444372109,149,0.6174496644295302,-0.059143364890768164
GC,690,open,0.5,fade,0.2,next,248,0.657258064516129,0.5961904390698576,0.657258064516129,-0.039219887891992246,144,0.6319444444444444,-0.06829207481996231
GC,690,open,0.5,fade,0.3,eod,250,0.564,0.5020198636060832,0.64,-0.02304090531643388,149,0.5637583892617449,-0.02961223010849959
GC,690,open,0.5,fade,0.3,next,248,0.6774193548387096,0.6169144492114715,0.6774193548387096,-0.004164715482671879,144,0.6666666666666666,-0.010250732971971861
GC,690,open,0.5,fade,0.5,eod,250,0.34,0.2840956187275826,0.584,-0.045174822826278695,149,0.40939597315436244,-0.006943349828642285
GC,690,open,0.5,fade,0.5,next,248,0.6290322580645161,0.5673696668802941,0.6370967741935484,-0.05345594479851299,144,0.6319444444444444,-0.011926788079471833
GC,690,open,0.5,fade,1.0,eod,250,0.108,0.07529144734526685,0.544,-0.037514003657744176,149,0.09395973154362416,-0.034969768549936976
GC,690,open,0.5,fade,1.0,next,239,0.40585774058577406,0.34556630278844785,0.5397489539748954,-0.07585514801305512,143,0.43356643356643354,-0.04232879640297087
GC,690,open,0.5,follow,0.1,eod,250,0.604,0.5422409376574205,0.604,-0.14840947150079734,149,0.5973154362416108,-0.13660150285574918
GC,690,open,0.5,follow,0.1,next,248,0.6088709677419355,0.5469154553438071,0.6088709677419355,-0.1405690552748175,144,0.5902777777777778,-0.14741365680425264
GC,690,open,0.5,follow,0.2,eod,250,0.584,0.5220798207694061,0.588,-0.12693606650412423,149,0.6040268456375839,-0.07547445362007602
GC,690,open,0.5,follow,0.2,next,248,0.6008064516129032,0.5387636879545231,0.6008064516129032,-0.12686923498063737,144,0.6458333333333334,-0.04687109906784016
GC,690,open,0.5,follow,0.3,eod,250,0.516,0.4542790313566007,0.536,-0.09712352187147472,149,0.5167785234899329,-0.04042106843546795
GC,690,open,0.5,follow,0.3,next,248,0.6169354838709677,0.55508422031477,0.6169354838709677,-0.09430190303047947,144,0.6805555555555556,0.007151038814780525
GC,690,open,0.5,follow,0.5,eod,250,0.388,0.32972419944620157,0.492,-0.018746170796281228,149,0.3959731543624161,0.009346676052918628
GC,690,open,0.5,follow,0.5,next,248,0.6814516129032258,0.6210735452590563,0.6895161290322581,0.037413828614454865,144,0.6458333333333334,0.007573967646052084
GC,690,open,0.5,follow,1.0,eod,250,0.176,0.13379907724930237,0.436,-0.01001551247266486,149,0.15436241610738255,0.0027393902982135693
GC,690,open,0.5,follow,1.0,next,248,0.5120967741935484,0.45017644094836323,0.5887096774193549,0.02544400337875841,144,0.4861111111111111,0.010556662597114939
GC,690,open,0.75,fade,0.1,eod,78,0.5897435897435898,0.4788794806670461,0.5897435897435898,-0.16979821906524367,63,0.6666666666666666,-0.032444321774728495
GC,690,open,0.75,fade,0.1,next,78,0.5897435897435898,0.4788794806670461,0.5897435897435898,-0.16979821906524367,62,0.6612903225806451,-0.04081767915767607
GC,690,open,0.75,fade,0.2,eod,78,0.6666666666666666,0.5564120187982788,0.6666666666666666,-0.024633906237125726,63,0.6031746031746031,-0.09317880243846503
GC,690,open,0.75,fade,0.2,next,78,0.6666666666666666,0.5564120187982788,0.6666666666666666,-0.024633906237125726,62,0.6129032258064516,-0.09834173429583672
GC,690,open,0.75,fade,0.3,eod,78,0.6282051282051282,0.5173084842745487,0.6666666666666666,0.0061868241020138675,63,0.6031746031746031,-0.020832368346288918
GC,690,open,0.75,fade,0.3,next,78,0.6666666666666666,0.5564120187982788,0.6666666666666666,-0.024279496360607198,62,0.6935483870967742,0.02988702215988467
GC,690,open,0.75,fade,0.5,eod,78,0.41025641025641024,0.3078173313444522,0.6025641025641025,-0.025782689811994598,63,0.5238095238095238,0.026952160085759968
GC,690,open,0.75,fade,0.5,next,78,0.6410256410256411,0.5302659691423957,0.6410256410256411,-0.044133177428751086,62,0.6612903225806451,0.043896881892563556
GC,690,open,0.75,fade,1.0,eod,78,0.19230769230769232,0.12015101048823744,0.5512820512820513,-0.03803625116898587,63,0.14285714285714285,0.005942381977741652
GC,690,open,0.75,fade,1.0,next,77,0.4155844155844156,0.31209010264563286,0.4935064935064935,-0.11342272700477235,62,0.5161290322580645,0.02616219723285153
GC,690,open,0.75,follow,0.1,eod,78,0.6282051282051282,0.5173084842745487,0.6282051282051282,-0.10960992396724993,63,0.5555555555555556,-0.2010513609940832
GC,690,open,0.75,follow,0.1,next,78,0.6282051282051282,0.5173084842745487,0.6282051282051282,-0.10960992396724993,62,0.5483870967741935,-0.21214418675153648
GC,690,open,0.75,follow,0.2,eod,78,0.5512820512820513,0.4410917185751463,0.5641025641025641,-0.1852624725843186,63,0.6190476190476191,-0.07055280038250379
GC,690,open,0.75,follow,0.2,next,78,0.5641025641025641,0.4536178766457738,0.5641025641025641,-0.18161946322640735,62,0.6290322580645161,-0.07301109544800204
GC,690,open,0.75,follow,0.3,eod,78,0.5256410256410257,0.4162457167544665,0.5512820512820513,-0.12942724615284082,63,0.5714285714285714,-0.015621396056218376
GC,690,open,0.75,follow,0.3,next,78,0.6153846153846154,0.5044258131764942,0.6153846153846154,-0.09442994935303395,62,0.6774193548387096,0.005760339366876061
GC,690,open,0.75,follow,0.5,eod,78,0.44871794871794873,0.3433419189622355,0.5384615384615384,-0.023316101494838926,63,0.4126984126984127,-0.038972892090503856
GC,690,open,0.75,follow,0.5,next,78,0.7051282051282052,0.5962399656958182,0.717948717948718,0.06423872334782403,62,0.5967741935483871,-0.049694931644304545
GC,690,open,0.75,follow,1.0,eod,78,0.23076923076923078,0.15125388693827768,0.4358974358974359,-0.026203925159105357,63,0.20634920634920634,-0.027243956577735217
GC,690,open,0.75,follow,1.0,next,78,0.5384615384615384,0.42863448388730346,0.6538461538461539,0.038924692105595925,62,0.45161290322580644,-0.033045231973712653
GC,690,open,1.0,fade,0.1,eod,27,0.6296296296296297,0.442289046234463,0.6296296296296297,-0.10260964492871916,28,0.6071428571428571,-0.1232461658403422
GC,690,open,1.0,fade,0.1,next,27,0.6296296296296297,0.442289046234463,0.6296296296296297,-0.10260964492871916,28,0.6071428571428571,-0.1232461658403422
GC,690,open,1.0,fade,0.2,eod,27,0.7777777777777778,0.5924270453692919,0.7777777777777778,0.14627379540254082,28,0.5714285714285714,-0.1159792981269495
GC,690,open,1.0,fade,0.2,next,27,0.7777777777777778,0.5924270453692919,0.7777777777777778,0.14627379540254082,28,0.6071428571428571,-0.10646397865318281
GC,690,open,1.0,fade,0.3,eod,27,0.7777777777777778,0.5924270453692919,0.7777777777777778,0.15281162373240328,28,0.5714285714285714,-0.05943272745558448
GC,690,open,1.0,fade,0.3,next,27,0.7777777777777778,0.5924270453692919,0.7777777777777778,0.15281162373240328,28,0.6428571428571429,-0.04685189277259064
GC,690,open,1.0,fade,0.5,eod,27,0.5185185185185185,0.3398532458621043,0.6296296296296297,0.03524337753407348,28,0.5357142857142857,0.027359840727636437
GC,690,open,1.0,fade,0.5,next,27,0.6296296296296297,0.442289046234463,0.6296296296296297,-0.06583609421900355,28,0.6428571428571429,-0.021758180629863327
GC,690,open,1.0,fade,1.0,eod,27,0.18518518518518517,0.0818058657428532,0.5185185185185185,-0.08821572960201748,28,0.21428571428571427,0.055584755516891585
GC,690,open,1.0,fade,1.0,next,27,0.2962962962962963,0.15852853317647564,0.4074074074074074,-0.2813713541382518,28,0.5,-0.04877510733252168
GC,690,open,1.0,follow,0.1,eod,27,0.48148148148148145,0.3074295064970908,0.48148148148148145,-0.33757318855984414,28,0.5714285714285714,-0.17530076301393632
GC,690,open,1.0,follow,0.1,next,27,0.48148148148148145,0.3074295064970908,0.48148148148148145,-0.33757318855984414,28,0.5714285714285714,-0.17530076301393632
GC,690,open,1.0,follow,0.2,eod,27,0.5185185185185185,0.3398532458621043,0.5185185185185185,-0.25022488335675835,28,0.6428571428571429,-0.05113733425081128
GC,690,open,1.0,follow,0.2,next,27,0.5185185185185185,0.3398532458621043,0.5185185185185185,-0.25022488335675835,28,0.6428571428571429,-0.05113733425081128
GC,690,open,1.0,follow,0.3,eod,27,0.5185185185185185,0.3398532458621043,0.5555555555555556,-0.19848886276215574,28,0.5714285714285714,0.0265114637636441
GC,690,open,1.0,follow,0.3,next,27,0.5555555555555556,0.37312719479576884,0.5555555555555556,-0.18391104705931619,28,0.7142857142857143,0.06203987908124447
GC,690,open,1.0,follow,0.5,eod,27,0.5555555555555556,0.37312719479576884,0.6296296296296297,0.005110934879070277,28,0.39285714285714285,-0.06608755869823159
GC,690,open,1.0,follow,0.5,next,27,0.7777777777777778,0.5924270453692919,0.7777777777777778,0.15832769580561526,28,0.6428571428571429,-0.01991997861191308
GC,690,open,1.0,follow,1.0,eod,27,0.3333333333333333,0.1864305444359335,0.5185185185185185,0.018836167495247233,28,0.25,-0.07121594685960182
GC,690,open,1.0,follow,1.0,next,27,0.7407407407407407,0.553210695973843,0.7777777777777778,0.18026575134702488,28,0.5357142857142857,0.011859688659232745
GC,690,prev,0.25,fade,0.1,eod,1584,0.634469696969697,0.6104546076275779,0.63510101010101,-0.09800161226861079,965,0.6269430051813472,-0.08629657091198385
GC,690,prev,0.25,fade,0.1,next,1546,0.6351875808538163,0.6108840011553038,0.6351875808538163,-0.09954870021070393,941,0.6259298618490967,-0.08998605718950815
GC,690,prev,0.25,fade,0.2,eod,1584,0.6306818181818182,0.6066247857080482,0.6559343434343434,-0.009490307104501881,965,0.5854922279792746,-0.03635344031723355
GC,690,prev,0.25,fade,0.2,next,1546,0.6798188874514877,0.656141157378805,0.6798188874514877,-0.005005754833206347,941,0.6556854410201913,-0.030213982472539817
GC,690,prev,0.25,fade,0.3,eod,1584,0.5088383838383839,0.48422721208740377,0.610479797979798,-0.006655733598758401,965,0.47357512953367875,-0.03324757838661074
GC,690,prev,0.25,fade,0.3,next,1546,0.6694695989650712,0.6456259470927911,0.6694695989650712,-0.013964748538365771,941,0.6684378320935175,-0.007314062808224611
GC,690,prev,0.25,fade,0.5,eod,1584,0.288510101010101,0.2667306606498592,0.5492424242424242,-0.01276737611333187,965,0.27150259067357513,-0.019050283153154816
GC,690,prev,0.25,fade,0.5,next,1519,0.6300197498354181,0.6054404686883388,0.6451612903225806,-0.02309179109565597,925,0.6291891891891892,-0.01892978109390953
GC,690,prev,0.25,fade,1.0,eod,1584,0.0845959595959596,0.0718763329925386,0.5214646464646465,-0.00945276061846896,965,0.049740932642487044,-0.02017815509544887
GC,690,prev,0.25,fade,1.0,next,1263,0.42992874109263657,0.40287839797339664,0.5605700712589073,-0.005066911041041432,778,0.40488431876606684,-0.04645042556012835
GC,690,prev,0.25,follow,0.1,eod,1584,0.5612373737373737,0.5366802955386428,0.5625,-0.20995303184049594,965,0.6476683937823834,-0.05450185710944157
GC,690,prev,0.25,follow,0.1,next,1546,0.5679172056921087,0.5430857096984645,0.5679172056921087,-0.20396562591420506,941,0.6503719447396387,-0.05220025131955689
GC,690,prev,0.25,follow,0.2,eod,1584,0.5366161616161617,0.5119998275066809,0.5593434343434344,-0.1361808819814263,965,0.5647668393782384,-0.06416398896590561
GC,690,prev,0.25,follow,0.2,next,1546,0.6015523932729625,0.5769249290288482,0.6015523932729625,-0.12509400207985244,941,0.6259298618490967,-0.08093798763705604
GC,690,prev,0.25,follow,0.3,eod,1584,0.4393939393939394,0.415127844701025,0.5132575757575758,-0.09420456601803862,965,0.45077720207253885,-0.030340257165348918
GC,690,prev,0.25,follow,0.3,next,1546,0.6216041397153945,0.5971549846727489,0.6228978007761966,-0.08297577008657794,941,0.6567481402763018,-0.02963064026493476
GC,690,prev,0.25,follow,0.5,eod,1584,0.2840909090909091,0.2624246470444545,0.461489898989899,-0.050023971179764204,965,0.27979274611398963,0.0072745819291748885
GC,690,prev,0.25,follow,0.5,next,1514,0.6050198150594451,0.5801593629324945,0.6202113606340819,-0.052098546076699476,918,0.6405228758169934,-0.002872419894820204
GC,690,prev,0.25,follow,1.0,eod,1584,0.09722222222222222,0.08359193161827994,0.4311868686868687,-0.024536414281159137,965,0.07150259067357513,0.0005619392282751444
GC,690,prev,0.25,follow,1.0,next,1278,0.4217527386541471,0.3949513318671203,0.5328638497652582,-0.02488587916366353,780,0.4461538461538462,-0.0036026485473452077
GC,690,prev,0.5,fade,0.1,eod,871,0.6291618828932262,0.5965812259030907,0.6303099885189437,-0.10770876188440684,561,0.6488413547237076,-0.054959312009918285
GC,690,prev,0.5,fade,0.1,next,849,0.6301531213191991,0.5971607337139343,0.6301531213191991,-0.10827642292644298,548,0.6423357664233577,-0.06501758132949995
GC,690,prev,0.5,fade,0.2,eod,871,0.653272101033295,0.6210539698265765,0.6727898966704937,0.005761851776247515,561,0.6256684491978609,-0.004814475609841119
GC,690,prev,0.5,fade,0.2,next,849,0.6949352179034158,0.6631424167079871,0.6949352179034158,0.017791341950343292,548,0.6697080291970803,-0.009061629963767942
GC,690,prev,0.5,fade,0.3,eod,871,0.5315729047072331,0.4983670485664852,0.6314580941446614,0.00408172173530029,561,0.5026737967914439,-0.015326127339507578
GC,690,prev,0.5,fade,0.3,next,849,0.6878680800942285,0.6559115277029468,0.6878680800942285,0.014303467680545063,548,0.6733576642335767,0.0004607366618663449
GC,690,prev,0.5,fade,0.5,eod,871,0.2939150401836969,0.26461868822833096,0.5614236509758898,-0.017567924669512625,561,0.3137254901960784,-0.00708113292389405
GC,690,prev,0.5,fade,0.5,next,847,0.6458087367178277,0.6130068619356231,0.6611570247933884,-0.0011198788243776412,548,0.6277372262773723,-0.023077068507078524
GC,690,prev,0.5,fade,1.0,eod,871,0.07692307692307693,0.06102554466997673,0.5200918484500574,-0.020079916881869827,561,0.06417112299465241,-0.017081520631182293
GC,690,prev,0.5,fade,1.0,next,789,0.4220532319391635,0.38805006277516857,0.55893536121673,-0.0034987404674956713,519,0.4046242774566474,-0.04373493256249057
GC,690,prev,0.5,follow,0.1,eod,871,0.5533869115958668,0.52020800972317,0.5533869115958668,-0.2269618840556233,561,0.6131907308377896,-0.1063155798361055
GC,690,prev,0.5,follow,0.1,next,849,0.5571260306242638,0.5235297807648177,0.5571260306242638,-0.22156121569083168,548,0.6186131386861314,-0.10116025367717549
GC,690,prev,0.5,follow,0.2,eod,871,0.5384615384615384,0.5052573408864204,0.5556831228473019,-0.1536135133031109,561,0.5525846702317291,-0.08346776492573478
GC,690,prev,0.5,follow,0.2,next,849,0.585394581861013,0.5519430531403049,0.585394581861013,-0.14982071602353023,548,0.6222627737226277,-0.08498702879486578
GC,690,prev,0.5,follow,0.3,eod,871,0.4569460390355913,0.424124572294551,0.5200918484500574,-0.0880357255658492,561,0.45454545454545453,-0.043198674355160574
GC,690,prev,0.5,follow,0.3,next,849,0.6219081272084805,0.5888094085667436,0.6230859835100118,-0.084370026091845,548,0.6587591240875912,-0.02256744475042427
GC,690,prev,0.5,follow,0.5,eod,871,0.3157290470723307,0.28572674126313174,0.4753157290470723,-0.031420858575111406,561,0.2905525846702317,0.007236975028071921
GC,690,prev,0.5,follow,0.5,next,849,0.6160188457008245,0.5828502786626771,0.6301531213191991,-0.03482065500993038,547,0.6471663619744058,0.011408875585808876
GC,690,prev,0.5,follow,1.0,eod,871,0.11251435132032148,0.09320689265103527,0.4316877152698048,-0.01661983276807748,561,0.0855614973262032,-0.002192562743967954
GC,690,prev,0.5,follow,1.0,next,814,0.4226044226044226,0.38911082942110053,0.5343980343980343,-0.017249519456148343,510,0.4627450980392157,0.020342903504791676
GC,690,prev,0.75,fade,0.1,eod,462,0.6298701298701299,0.5849391054288077,0.6320346320346321,-0.10619517487208957,300,0.6566666666666666,-0.04322137706106143
GC,690,prev,0.75,fade,0.1,next,451,0.6274944567627494,0.5819724428808881,0.6274944567627494,-0.11276013652157621,294,0.6530612244897959,-0.048795324670710453
GC,690,prev,0.75,fade,0.2,eod,462,0.6774891774891775,0.6335519750864013,0.6883116883116883,0.019419955725525864,300,0.65,0.012139832642288679
GC,690,prev,0.75,fade,0.2,next,451,0.7006651884700665,0.6568481039647289,0.7006651884700665,0.026731501529408286,294,0.6870748299319728,0.01709320369765228
GC,690,prev,0.75,fade,0.3,eod,462,0.551948051948052,0.506358011977979,0.645021645021645,0.009473570319361002,300,0.5266666666666666,-0.011686935414574742
GC,690,prev,0.75,fade,0.3,next,451,0.6851441241685144,0.6408669993389488,0.6851441241685144,0.010153921289227088,294,0.6632653061224489,-0.014341343808622753
GC,690,prev,0.75,fade,0.5,eod,462,0.30303030303030304,0.26288932854027863,0.5670995670995671,-0.025411708359510853,300,0.32,-0.021026623660948072
GC,690,prev,0.75,fade,0.5,next,451,0.6363636363636364,0.5909877419182429,0.6496674057649667,-0.02011782464711586,294,0.6122448979591837,-0.03230035856554112
GC,690,prev,0.75,fade,1.0,eod,462,0.08441558441558442,0.062364897678475126,0.5194805194805194,-0.028098752625415602,300,0.06333333333333334,-0.029477471483720895
GC,690,prev,0.75,fade,1.0,next,442,0.39592760180995473,0.35141942672669585,0.5384615384615384,-0.04551237536162368,293,0.3890784982935154,-0.05624934806043567
GC,690,prev,0.75,follow,0.1,eod,462,0.564935064935065,0.5193755844667968,0.564935064935065,-0.2099850807657562,300,0.6,-0.1262009811713395
GC,690,prev,0.75,follow,0.1,next,451,0.5720620842572062,0.5259780130852094,0.5720620842572062,-0.19844919272678163,294,0.6054421768707483,-0.12169477530084312
GC,690,prev,0.75,follow,0.2,eod,462,0.5497835497835498,0.5041914254876793,0.5606060606060606,-0.15139567346851404,300,0.5533333333333333,-0.10025944851399661
GC,690,prev,0.75,follow,0.2,next,451,0.5853658536585366,0.5393626785451281,0.5853658536585366,-0.14970790886495022,294,0.6122448979591837,-0.10313423689060959
GC,690,prev,0.75,follow,0.3,eod,462,0.47835497835497837,0.4331703489954972,0.5303030303030303,-0.08958172228432486,300,0.4766666666666667,-0.0208826612597057
GC,690,prev,0.75,follow,0.3,next,451,0.6297117516629712,0.5842247731842876,0.6297117516629712,-0.07307483290354372,294,0.6768707482993197,0.004238262844486776
GC,690,prev,0.75,follow,0.5,eod,462,0.3398268398268398,0.2981149416164066,0.48268398268398266,-0.01747368321443816,300,0.3233333333333333,0.032038587293985975
GC,690,prev,0.75,follow,0.5,next,451,0.6430155210643016,0.5977597575476339,0.656319290465632,0.004649089822131273,294,0.6768707482993197,0.05709680362716786
GC,690,prev,0.75,follow,1.0,eod,462,0.1406926406926407,0.11194171710551315,0.43722943722943725,-0.009344118980222344,300,0.09,0.011181891235842397
GC,690,prev,0.75,follow,1.0,next,449,0.44320712694877507,0.39793195612639265,0.5545657015590201,0.010116001277716936,291,0.4742268041237113,0.05223255555371179
GC,690,prev,1.0,fade,0.1,eod,228,0.6447368421052632,0.5806853727033942,0.6447368421052632,-0.08592678666995916,166,0.6506024096385542,-0.05316250852693513
GC,690,prev,1.0,fade,0.1,next,224,0.6428571428571429,0.5781835962676732,0.6428571428571429,-0.08902711416613752,163,0.6441717791411042,-0.06294935283843445
GC,690,prev,1.0,fade,0.2,eod,228,0.6622807017543859,0.598654503874905,0.6622807017543859,-0.019823861797088543,166,0.6445783132530121,-0.012171818701205497
GC,690,prev,1.0,fade,0.2,next,224,0.6696428571428571,0.6056420618809187,0.6696428571428571,-0.02181074679063138,163,0.6809815950920245,0.00768183981283845
GC,690,prev,1.0,fade,0.3,eod,228,0.5745614035087719,0.5096714606608632,0.6140350877192983,-0.016539167953773786,166,0.5421686746987951,-0.000192406314013811
GC,690,prev,1.0,fade,0.3,next,224,0.6696428571428571,0.6056420618809187,0.6696428571428571,-0.015047748141488135,163,0.6809815950920245,0.012483550449221857
GC,690,prev,1.0,fade,0.5,eod,228,0.32456140350877194,0.2671282642283537,0.5350877192982456,-0.048296204280834566,166,0.3373493975903614,-0.018355439343280485
GC,690,prev,1.0,fade,0.5,next,224,0.6383928571428571,0.573627671536487,0.6473214285714286,-0.03349241829105373,163,0.6134969325153374,-0.045595326201926634
GC,690,prev,1.0,fade,1.0,eod,228,0.07894736842105263,0.0505186265613379,0.4780701754385965,-0.04887519200771966,166,0.060240963855421686,-0.043905175460294515
GC,690,prev,1.0,fade,1.0,next,224,0.38392857142857145,0.32270430377966486,0.5357142857142857,-0.07299231919632758,163,0.4233128834355828,-0.0662278956599777
GC,690,prev,1.0,follow,0.1,eod,228,0.5482456140350878,0.48337939613465364,0.5482456140350878,-0.23744260946429008,166,0.5903614457831325,-0.14539524743424814
GC,690,prev,1.0,follow,0.1,next,224,0.5535714285714286,0.48811093780842324,0.5535714285714286,-0.2289090507588289,163,0.5950920245398773,-0.1379693678175083
GC,690,prev,1.0,follow,0.2,eod,228,0.5614035087719298,0.49650301066185093,0.5701754385964912,-0.15640565891630673,166,0.572289156626506,-0.07755999535869994
GC,690,prev,1.0,follow,0.2,next,224,0.5714285714285714,0.5059542101289234,0.5714285714285714,-0.17178242533810137,163,0.6380368098159509,-0.062132304028292916
GC,690,prev,1.0,follow,0.3,eod,228,0.5219298245614035,0.4572652298211086,0.5570175438596491,-0.0689394370351438,166,0.5301204819277109,0.02933205275134046
GC,690,prev,1.0,follow,0.3,next,224,0.625,0.55999406008885,0.625,-0.08058739434695708,163,0.6993865030674846,0.03937208548447841
GC,690,prev,1.0,follow,0.5,eod,228,0.39035087719298245,0.3293460607878816,0.5175438596491229,0.023187924979697027,166,0.3795180722891566,0.06839036872007465
GC,690,prev,1.0,follow,0.5,next,224,0.6651785714285714,0.6010507539151552,0.6696428571428571,0.01701881598889667,163,0.6871165644171779,0.0584776490359138
GC,690,prev,1.0,follow,1.0,eod,228,0.17982456140350878,0.13541056212219627,0.4692982456140351,0.012601540223348324,166,0.09036144578313253,0.01875937992465924
GC,690,prev,1.0,follow,1.0,next,224,0.4955357142857143,0.4306888879853118,0.5848214285714286,0.040954909333698865,163,0.5214723926380368,0.09858203762359115
GC,690,prev,1.5,fade,0.1,eod,59,0.6101694915254238,0.4826610956186712,0.6101694915254238,-0.14011997386119068,45,0.7111111111111111,0.03877183871835731
GC,690,prev,1.5,fade,0.1,next,57,0.5964912280701754,0.46697058444753836,0.5964912280701754,-0.16098407291813815,45,0.7111111111111111,0.03877183871835731
GC,690,prev,1.5,fade,0.2,eod,59,0.6101694915254238,0.4826610956186712,0.6101694915254238,-0.11349166701229162,45,0.7333333333333333,0.10350079143806068
GC,690,prev,1.5,fade,0.2,next,57,0.5964912280701754,0.46697058444753836,0.5964912280701754,-0.13421956496468476,45,0.7555555555555555,0.11994106296193296
GC,690,prev,1.5,fade,0.3,eod,59,0.5423728813559322,0.4165761502342809,0.559322033898305,-0.11856361718792309,45,0.7111111111111111,0.11330637732373326
GC,690,prev,1.5,fade,0.3,next,57,0.6140350877192983,0.484294964443229,0.6140350877192983,-0.0976569518330741,45,0.7777777777777778,0.1577865024266768
GC,690,prev,1.5,fade,0.5,eod,59,0.3559322033898305,0.2460311586943476,0.4915254237288136,-0.14312510904294695,45,0.5777777777777777,0.0719504869021619
GC,690,prev,1.5,fade,0.5,next,57,0.5964912280701754,0.46697058444753836,0.5964912280701754,-0.11722389997340103,45,0.6888888888888889,0.04319536829675906
GC,690,prev,1.5,fade,1.0,eod,59,0.13559322033898305,0.07034090749685569,0.423728813559322,-0.08173056135785174,45,0.13333333333333333,-0.037109238053119234
GC,690,prev,1.5,fade,1.0,next,57,0.38596491228070173,0.2706253699552471,0.47368421052631576,-0.1505063322497816,45,0.4888888888888889,-0.05283440754134001
GC,690,prev,1.5,follow,0.1,eod,59,0.5423728813559322,0.4165761502342809,0.5423728813559322,-0.24633133088658107,45,0.6,-0.13044960954803975
GC,690,prev,1.5,follow,0.1,next,57,0.5614035087719298,0.43277781142939187,0.5614035087719298,-0.21509806347156482,45,0.6,-0.13044960954803975
GC,690,prev,1.5,follow,0.2,eod,59,0.6101694915254238,0.4826610956186712,0.6101694915254238,-0.11244715190364107,45,0.6444444444444445,-0.048517569950377745
GC,690,prev,1.5,follow,0.2,next,57,0.6140350877192983,0.484294964443229,0.6140350877192983,-0.10597415960203084,45,0.6444444444444445,-0.048517569950377745
GC,690,prev,1.5,follow,0.3,eod,59,0.576271186440678,0.4493425547283663,0.5932203389830508,-0.07478261054824624,45,0.6222222222222222,0.058153590425418185
GC,690,prev,1.5,follow,0.3,next,57,0.6140350877192983,0.484294964443229,0.6140350877192983,-0.09704757123457174,45,0.7111111111111111,0.057558836401880344
GC,690,prev,1.5,follow,0.5,eod,59,0.4915254237288136,0.3684362544481631,0.5932203389830508,0.05742615554090033,45,0.4666666666666667,0.08686119611794993
GC,690,prev,1.5,follow,0.5,next,57,0.7017543859649122,0.5733547451096314,0.7017543859649122,0.042747795202538394,45,0.6888888888888889,0.05157303474763931
GC,690,prev,1.5,follow,1.0,eod,59,0.3220338983050847,0.21687410829652445,0.559322033898305,0.07971910001615831,45,0.15555555555555556,-0.028503171699788214
GC,690,prev,1.5,follow,1.0,next,57,0.5964912280701754,0.46697058444753836,0.6842105263157895,0.15616672599440753,45,0.5777777777777777,0.1309084105812438
GC,780,open,0.25,fade,0.1,eod,1022,0.6125244618395304,0.5822875041457737,0.6154598825831703,-0.1260089823309737,602,0.6461794019933554,-0.05654060794469193
GC,780,open,0.25,fade,0.1,next,1007,0.6176762661370407,0.5872678642244332,0.6176762661370407,-0.12591868599243836,577,0.6481802426343154,-0.05707695682030917
GC,780,open,0.25,fade,0.2,eod,1022,0.5391389432485323,0.5084884100282849,0.586105675146771,-0.07073984510952959,602,0.5249169435215947,-0.04682381469874356
GC,780,open,0.25,fade,0.2,next,1007,0.6444885799404171,0.6144257365609758,0.6444885799404171,-0.06309967852486738,577,0.6429809358752167,-0.05345361376035614
GC,780,open,0.25,fade,0.3,eod,1022,0.4187866927592955,0.3888981079105235,0.5547945205479452,-0.02872689667537307,602,0.3704318936877076,-0.028700617105008458
GC,780,open,0.25,fade,0.3,next,1007,0.6713008937437934,0.641684310167357,0.6713008937437934,-0.012191620529876239,577,0.6551126516464472,-0.034060585801548755
GC,780,open,0.25,fade,0.5,eod,1022,0.2045009784735812,0.1809006018973494,0.5078277886497065,-0.02013717263694303,602,0.1644518272425249,-0.014491569735077892
GC,780,open,0.25,fade,0.5,next,999,0.6356356356356356,0.6053255377824375,0.6536536536536537,-0.017572052221240895,570,0.6210526315789474,-0.031676169795265656
GC,780,open,0.25,fade,1.0,eod,1022,0.03228962818003914,0.023082911656151346,0.4931506849315068,-0.01886767651260618,602,0.03488372093023256,-0.014906315255849532
GC,780,open,0.25,fade,1.0,next,882,0.3979591836734694,0.36616495518507175,0.572562358276644,-0.018171430362479257,511,0.4246575342465753,-0.03062595541376622
GC,780,open,0.25,follow,0.1,eod,1022,0.5792563600782779,0.5487474483971014,0.5851272015655578,-0.17344658616175018,602,0.6179401993355482,-0.09017812156924335
GC,780,open,0.25,follow,0.1,next,1007,0.5888778550148958,0.5582053988437319,0.5888778550148958,-0.17108824842653128,577,0.6291161178509532,-0.08566342039121885
GC,780,open,0.25,follow,0.2,eod,1022,0.512720156555773,0.4820848892542006,0.5616438356164384,-0.1094527470553979,602,0.49335548172757476,-0.04724128825811299
GC,780,open,0.25,follow,0.2,next,1007,0.6166832174776564,0.5862638890164154,0.6166832174776564,-0.10159508181990187,577,0.6429809358752167,-0.05111719700719963
GC,780,open,0.25,follow,0.3,eod,1022,0.3972602739726027,0.36769795330899485,0.5136986301369864,-0.059744771710459055,602,0.38205980066445183,-0.012950714515433864
GC,780,open,0.25,follow,0.3,next,1007,0.637537239324727,0.6073753389918566,0.6385302879841113,-0.0633608033135922,577,0.6637781629116117,-0.014363245545399812
GC,780,open,0.25,follow,0.5,eod,1022,0.2162426614481409,0.19209002654847523,0.46966731898238745,-0.03051860184499128,602,0.2026578073089701,-0.0006804932501088915
GC,780,open,0.25,follow,0.5,next,1004,0.6045816733067729,0.5739936938753937,0.6215139442231076,-0.04678011442684629,574,0.6358885017421603,-0.024902236467518553
GC,780,open,0.25,follow,1.0,eod,1022,0.06947162426614481,0.055441470496995104,0.4481409001956947,-0.014621943902414463,602,0.04152823920265781,-0.0009673887676604539
GC,780,open,0.25,follow,1.0,next,903,0.4130675526024363,0.38138614467998666,0.5105204872646734,-0.030105251367479182,516,0.43992248062015504,-0.008930961547490363
GC,780,open,0.5,fade,0.1,eod,359,0.6016713091922006,0.5502103407904124,0.6044568245125348,-0.14562657495280742,203,0.5615763546798029,-0.18930515924823915
GC,780,open,0.5,fade,0.1,next,358,0.6061452513966481,0.5546610796594448,0.6061452513966481,-0.1446994653888993,194,0.5670103092783505,-0.1832019462417983
GC,780,open,0.5,fade,0.2,eod,359,0.5459610027855153,0.49424201078608015,0.5766016713091922,-0.1296390177341435,203,0.5172413793103449,-0.10052623856981474
GC,780,open,0.5,fade,0.2,next,358,0.6089385474860335,0.5574874189827914,0.6089385474860335,-0.11691381829653495,194,0.6237113402061856,-0.08455349411305103
GC,780,open,0.5,fade,0.3,eod,359,0.43454038997214484,0.3842236612060757,0.5376044568245125,-0.07563832918769581,203,0.39901477832512317,-0.027671593904203186
GC,780,open,0.5,fade,0.3,next,358,0.6508379888268156,0.6000917847533779,0.6508379888268156,-0.042230915781137815,194,0.654639175257732,-0.03189741766369439
GC,780,open,0.5,fade,0.5,eod,359,0.21448467966573817,0.17516449397175995,0.479108635097493,-0.06175636877112218,203,0.2019704433497537,-0.008269587131357756
GC,780,open,0.5,fade,0.5,next,358,0.6061452513966481,0.5546610796594448,0.6312849162011173,-0.061828332291602235,194,0.6082474226804123,-0.051639286599702384
GC,780,open,0.5,fade,1.0,eod,359,0.03899721448467967,0.023369412349367614,0.46518105849582175,-0.04418451947777422,203,0.059113300492610835,-0.01472328229148037
GC,780,open,0.5,fade,1.0,next,344,0.4069767441860465,0.35636580268648865,0.5813953488372093,-0.02311281313153802,191,0.450261780104712,-0.02048429460853187
GC,780,open,0.5,follow,0.1,eod,359,0.5793871866295265,0.5277444534024036,0.5793871866295265,-0.18640596827507128,203,0.6847290640394089,-0.0034296002015206653
GC,780,open,0.5,follow,0.1,next,358,0.5810055865921788,0.5292999838666869,0.5810055865921788,-0.18370770351144963,194,0.6907216494845361,0.005950096467568751
GC,780,open,0.5,follow,0.2,eod,359,0.5821727019498607,0.5305468961328946,0.6128133704735376,-0.06637209069553822,203,0.5763546798029556,-0.010646530936577862
GC,780,open,0.5,follow,0.2,next,358,0.6396648044692738,0.5886915604924227,0.6396648044692738,-0.06712649797436869,194,0.6701030927835051,-0.009938011577096595
GC,780,open,0.5,follow,0.3,eod,359,0.4958217270194986,0.44441985545069607,0.5710306406685237,0.00016161429504559608,203,0.43842364532019706,-0.0020458717995068634
GC,780,open,0.5,follow,0.3,next,358,0.6787709497206704,0.6287221746361943,0.6787709497206704,-0.004480265256882942,194,0.6701030927835051,-0.0032733391421475326
GC,780,open,0.5,follow,0.5,eod,359,0.2618384401114206,0.21905316324968369,0.49303621169916434,-0.008875874006501229,203,0.24630541871921183,0.00731776231099634
GC,780,open,0.5,follow,0.5,next,358,0.6536312849162011,0.6029463981446723,0.659217877094972,0.0013069958896850741,194,0.6443298969072165,-0.012834636765946534
GC,780,open,0.5,follow,1.0,eod,359,0.10306406685236769,0.0757009391837915,0.4735376044568245,0.0033227191480810427,203,0.04926108374384237,-0.0004251956680558296
GC,780,open,0.5,follow,1.0,next,349,0.47277936962750716,0.42098042256501883,0.5444126074498568,0.015592630993405384,191,0.4397905759162304,-0.017064405837291456
GC,780,open,0.75,fade,0.1,eod,121,0.5950413223140496,0.5059567358197812,0.5950413223140496,-0.159656694683129,78,0.6538461538461539,-0.05060092298217102
GC,780,open,0.75,fade,0.1,next,121,0.5950413223140496,0.5059567358197812,0.5950413223140496,-0.159656694683129,76,0.6578947368421053,-0.04465770185124582
GC,780,open,0.75,fade,0.2,eod,121,0.5289256198347108,0.4404684422079434,0.5454545454545454,-0.15351907718915228,78,0.5641025641025641,-0.08589835679173514
GC,780,open,0.75,fade,0.2,next,121,0.5950413223140496,0.5059567358197812,0.5950413223140496,-0.14169875584533728,76,0.631578947368421,-0.06848833627243066
GC,780,open,0.75,fade,0.3,eod,121,0.4628099173553719,0.3764803403232706,0.512396694214876,-0.11664596475293347,78,0.5256410256410257,0.030802575247879566
GC,780,open,0.75,fade,0.3,next,121,0.6198347107438017,0.530914251456063,0.6198347107438017,-0.09120311200347136,76,0.6842105263157895,0.016172423813280844
GC,780,open,0.75,fade,0.5,eod,121,0.23140495867768596,0.1652303183259919,0.4132231404958678,-0.11775254471298542,78,0.2692307692307692,0.021170004016185837
GC,780,open,0.75,fade,0.5,next,121,0.5289256198347108,0.4404684422079434,0.5537190082644629,-0.1897761299073573,76,0.631578947368421,-0.03709598215923599
GC,780,open,0.75,fade,1.0,eod,121,0.008264462809917356,0.001460335796523226,0.3884297520661157,-0.1038292531358785,78,0.08974358974358974,-0.005793588411155772
GC,780,open,0.75,fade,1.0,next,120,0.325,0.24775726408835433,0.5,-0.12277312355256534,76,0.4605263157894737,-0.07790989661356103
GC,780,open,0.75,follow,0.1,eod,121,0.5867768595041323,0.497686903764853,0.5867768595041323,-0.17257066943106447,78,0.6410256410256411,-0.07025776095284361
GC,780,open,0.75,follow,0.1,next,121,0.5867768595041323,0.497686903764853,0.5867768595041323,-0.17257066943106447,76,0.6447368421052632,-0.06483966724780718
GC,780,open,0.75,follow,0.2,eod,121,0.628099173553719,0.5392836613748759,0.6446280991735537,-0.023920100888811715,78,0.5769230769230769,-0.0534756483686926
GC,780,open,0.75,follow,0.2,next,121,0.6611570247933884,0.5730213220975752,0.6611570247933884,-0.032869477311922406,76,0.631578947368421,-0.06825298773847231
GC,780,open,0.75,follow,0.3,eod,121,0.5537190082644629,0.46484853785152597,0.628099173553719,0.057015849540305336,78,0.4358974358974359,0.03367657087239078
GC,780,open,0.75,follow,0.3,next,121,0.7272727272727273,0.64184185941249,0.7272727272727273,0.06999010887073576,76,0.6973684210526315,0.043478841001240415
GC,780,open,0.75,follow,0.5,eod,121,0.36363636363636365,0.28334374042402055,0.5537190082644629,0.06313611449887016,78,0.28205128205128205,0.015701110253826676
GC,780,open,0.75,follow,0.5,next,121,0.71900826446281,0.6331336035326757,0.7272727272727273,0.11492546154769878,76,0.6973684210526315,0.0930641855488941
GC,780,open,0.75,follow,1.0,eod,121,0.18181818181818182,0.12324630475994337,0.5289256198347108,0.06378697753399053,78,0.08974358974358974,-0.007715885477011676
GC,780,open,0.75,follow,1.0,next,121,0.5702479338842975,0.4812198903675138,0.6446280991735537,0.13160194289752636,76,0.4868421052631579,0.004294870734326151
GC,780,open,1.0,fade,0.1,eod,52,0.5769230769230769,0.4419408497943149,0.5769230769230769,-0.1856698035022188,34,0.6176470588235294,-0.10617762632541006
GC,780,open,1.0,fade,0.1,next,52,0.5769230769230769,0.4419408497943149,0.5769230769230769,-0.1856698035022188,33,0.6363636363636364,-0.07788335766570167
GC,780,open,1.0,fade,0.2,eod,52,0.5192307692307693,0.3868545397052721,0.5192307692307693,-0.22385433581799796,34,0.4411764705882353,-0.2583770531163122
GC,780,open,1.0,fade,0.2,next,52,0.5192307692307693,0.3868545397052721,0.5192307692307693,-0.26797186456451805,33,0.5151515151515151,-0.2445975964801071
GC,780,open,1.0,fade,0.3,eod,52,0.4807692307692308,0.35103894702884453,0.5,-0.16029658792817408,34,0.47058823529411764,-0.07997916129283134
GC,780,open,1.0,fade,0.3,next,52,0.5769230769230769,0.4419408497943149,0.5769230769230769,-0.15712897026196793,33,0.6363636363636364,-0.05642515077760928
GC,780,open,1.0,fade,0.5,eod,52,0.23076923076923078,0.13724127341871611,0.3269230769230769,-0.20226169609944508,34,0.29411764705882354,7.207894723575545e-05
GC,780,open,1.0,fade,0.5,next,52,0.46153846153846156,0.3334025986239788,0.4807692307692308,-0.2966678678247795,33,0.696969696969697,0.03611522983633817
GC,780,open,1.0,fade,1.0,eod,52,0.0,0.0,0.3076923076923077,-0.13533789134834667,34,0.14705882352941177,0.0038684486525263815
GC,780,open,1.0,fade,1.0,next,52,0.2692307692307692,0.1676881003582587,0.46153846153846156,-0.16410571966897727,33,0.5151515151515151,-0.020419245985825746
GC,780,open,1.0,follow,0.1,eod,52,0.5769230769230769,0.4419408497943149,0.5769230769230769,-0.1862006773836164,34,0.7352941176470589,0.07776182204083792
GC,780,open,1.0,follow,0.1,next,52,0.5769230769230769,0.4419408497943149,0.5769230769230769,-0.1862006773836164,33,0.7272727272727273,0.06536963980062027
GC,780,open,1.0,follow,0.2,eod,52,0.6923076923076923,0.5573015506778113,0.7115384615384616,0.036178372301614664,34,0.7058823529411765,0.045910657471828195
GC,780,open,1.0,follow,0.2,next,52,0.7115384615384616,0.5772695428589907,0.7115384615384616,0.045302805918180034,33,0.696969696969697,0.032351831395700394
GC,780,open,1.0,follow,0.3,eod,52,0.6730769230769231,0.5375593513988892,0.7692307692307693,0.17635414417038303,34,0.5588235294117647,0.11465704879984882
GC,780,open,1.0,follow,0.3,next,52,0.8076923076923077,0.6810087893080524,0.8076923076923077,0.1985957749252936,33,0.7272727272727273,0.09907452339876165
GC,780,open,1.0,follow,0.5,eod,52,0.4807692307692308,0.35103894702884453,0.6923076923076923,0.12996835598812234,34,0.4411764705882353,0.08786122786568579
GC,780,open,1.0,follow,0.5,next,52,0.7884615384615384,0.659676348640899,0.8076923076923077,0.20572129550302407,33,0.7575757575757576,0.15360860957571235
GC,780,open,1.0,follow,1.0,eod,52,0.25,0.15233011761438864,0.6538461538461539,0.09406037421872779,34,0.14705882352941177,0.01579659481878668
GC,780,open,1.0,follow,1.0,next,52,0.6730769230769231,0.5375593513988892,0.7307692307692307,0.2106630041954336,33,0.48484848484848486,-0.10368448736394914
GC,780,prev,0.25,fade,0.1,eod,1639,0.588163514338011,0.5641568600349125,0.5912141549725443,-0.1568483103715471,1006,0.6341948310139165,-0.05877540255202751
GC,780,prev,0.25,fade,0.1,next,1602,0.601123595505618,0.5769304447801054,0.601123595505618,-0.15275552673428786,973,0.6464542651593012,-0.0583161368159598
GC,780,prev,0.25,fade,0.2,eod,1639,0.5015253203172666,0.47734342837117144,0.5649786455155583,-0.08167381085000366,1006,0.49105367793240556,-0.04817418048705553
GC,780,prev,0.25,fade,0.2,next,1602,0.630461922596754,0.6065395127146522,0.630461922596754,-0.08339027930287914,973,0.6485097636176773,-0.04276079457187308
GC,780,prev,0.25,fade,0.3,eod,1639,0.35753508236729714,0.3346896244594569,0.5222696766320928,-0.05517509097797281,1006,0.3250497017892644,-0.03505763403046276
GC,780,prev,0.25,fade,0.3,next,1602,0.6454431960049938,0.6216947830485161,0.6460674157303371,-0.04936833277555705,973,0.6526207605344296,-0.0326785052049042
GC,780,prev,0.25,fade,0.5,eod,1639,0.17144600366076876,0.15397248385503556,0.48871262965222695,-0.0313796726961956,1006,0.14910536779324055,-0.02095302473422522
GC,780,prev,0.25,fade,0.5,next,1574,0.6194409148665819,0.5951911834196274,0.6385006353240152,-0.029675386002703134,958,0.6189979123173278,-0.03484519469387962
GC,780,prev,0.25,fade,1.0,eod,1639,0.03477730323367907,0.02693891616077121,0.4758999389871873,-0.021944299209664918,1006,0.032803180914512925,-0.012173355362089347
GC,780,prev,0.25,fade,1.0,next,1319,0.400303260045489,0.3741876329256975,0.5724033358605004,-0.0072028427350909205,801,0.4019975031210986,-0.037131923356726465
GC,780,prev,0.25,follow,0.1,eod,1639,0.5967053081147041,0.5727561981056004,0.6028065893837706,-0.1422599998620762,1006,0.617296222664016,-0.08442114025114561
GC,780,prev,0.25,follow,0.1,next,1602,0.6111111111111112,0.5869999066143169,0.6111111111111112,-0.13753828810922675,973,0.6258992805755396,-0.08976252230854133
GC,780,prev,0.25,follow,0.2,eod,1639,0.5015253203172666,0.47734342837117144,0.5594874923733985,-0.08334212440917539,1006,0.47912524850894633,-0.03901408588218302
GC,780,prev,0.25,follow,0.2,next,1602,0.6348314606741573,0.6109572573279449,0.6348314606741573,-0.07909908577102187,973,0.6413155190133607,-0.05843957345778493
GC,780,prev,0.25,follow,0.3,eod,1639,0.37522879804759,0.35210521837788955,0.5125076266015863,-0.047449265371832486,1006,0.3399602385685885,-0.01751301252680326
GC,780,prev,0.25,follow,0.3,next,1602,0.66354556803995,0.6400408376388383,0.66354556803995,-0.0255756924513475,973,0.6515930113052415,-0.03869160345223545
GC,780,prev,0.25,follow,0.5,eod,1639,0.19951189749847467,0.18087675991916588,0.4649176327028676,-0.025614137401270824,1006,0.16401590457256462,-0.0045544456865127736
GC,780,prev,0.25,follow,0.5,next,1573,0.6128417037507946,0.5885226728563008,0.6319135410044501,-0.03277787886109683,949,0.6217070600632244,-0.023612404427455255
GC,780,prev,0.25,follow,1.0,eod,1639,0.053691275167785234,0.04378506875469737,0.4521049420378279,-0.012223954811633797,1006,0.03180914512922465,-0.0042742850211667975
GC,780,prev,0.25,follow,1.0,next,1280,0.39921875,0.37272915489877867,0.52421875,-0.01687471322926764,798,0.424812030075188,-0.02159010183397071
GC,780,prev,0.5,fade,0.1,eod,892,0.5863228699551569,0.5536998347381151,0.5863228699551569,-0.16561726581919006,581,0.6265060240963856,-0.07578884199743005
GC,780,prev,0.5,fade,0.1,next,871,0.5981630309988519,0.5652408858274884,0.5981630309988519,-0.15715293502651065,569,0.632688927943761,-0.08013212348471492
GC,780,prev,0.5,fade,0.2,eod,892,0.5145739910313901,0.4817829498743035,0.5560538116591929,-0.10983150799330677,581,0.4991394148020654,-0.0767987629569651
GC,780,prev,0.5,fade,0.2,next,871,0.6119402985074627,0.5791529899142832,0.6119402985074627,-0.1121829044786092,569,0.6274165202108963,-0.07620867684116886
GC,780,prev,0.5,fade,0.3,eod,892,0.3609865470852018,0.330125552342569,0.5100896860986547,-0.08109630056286438,581,0.3442340791738382,-0.04865142430063143
GC,780,prev,0.5,fade,0.3,next,871,0.6337543053960965,0.6012360342618762,0.634902411021814,-0.06581016508495931,569,0.6362038664323374,-0.060968961508801774
GC,780,prev,0.5,fade,0.5,eod,892,0.16591928251121077,0.1429489404461219,0.47197309417040356,-0.0499277834558294,581,0.16179001721170397,-0.028513832466812543
GC,780,prev,0.5,fade,0.5,next,871,0.6061997703788748,0.5733530219919397,0.6268656716417911,-0.044822863331691956,568,0.602112676056338,-0.06996682242034914
GC,780,prev,0.5,fade,1.0,eod,892,0.030269058295964126,0.020884698185253348,0.460762331838565,-0.03300689916923585,581,0.03442340791738382,-0.022001601940340454
GC,780,prev,0.5,fade,1.0,next,819,0.37606837606837606,0.34354406287366307,0.5555555555555556,-0.022285912856911182,530,0.38113207547169814,-0.05228731428174665
GC,780,prev,0.5,follow,0.1,eod,892,0.6065022421524664,0.5740512747298552,0.6087443946188341,-0.13369263151428734,581,0.6230636833046471,-0.08393616772323223
GC,780,prev,0.5,follow,0.1,next,871,0.6107921928817451,0.5779926219013689,0.6107921928817451,-0.13836813230585898,569,0.6309314586994728,-0.08247100094839678
GC,780,prev,0.5,follow,0.2,eod,892,0.5347533632286996,0.5019407834389285,0.5751121076233184,-0.06716494638926168,581,0.5060240963855421,-0.02636383330192907
GC,780,prev,0.5,follow,0.2,next,871,0.6371986222732492,0.6047291796257069,0.6371986222732492,-0.0709272898675165,569,0.6467486818980668,-0.04888065622563879
GC,780,prev,0.5,follow,0.3,eod,892,0.4192825112107623,0.3873138688432376,0.5325112107623319,-0.02290951815032296,581,0.37521514629948366,0.000627294761490175
GC,780,prev,0.5,follow,0.3,next,871,0.6923076923076923,0.6608672257249478,0.6923076923076923,0.022777187291189775,569,0.6731107205623902,-0.0029242889821250303
GC,780,prev,0.5,follow,0.5,eod,892,0.2365470852017937,0.20982537864975156,0.4820627802690583,-0.0056111948183375894,581,0.1927710843373494,0.015319817453861472
GC,780,prev,0.5,follow,0.5,next,871,0.6371986222732492,0.6047291796257069,0.6590126291618829,0.012988378737416454,569,0.6467486818980668,0.009142877457451196
GC,780,prev,0.5,follow,1.0,eod,892,0.06950672645739911,0.05459709592520116,0.46300448430493274,-0.0016196928853976496,581,0.039586919104991396,0.0022864812257325025
GC,780,prev,0.5,follow,1.0,next,821,0.4092570036540804,0.376121124621011,0.535931790499391,0.002610434691064601,532,0.45112781954887216,0.007508337385532514
GC,780,prev,0.75,fade,0.1,eod,484,0.5661157024793388,0.5216118793755055,0.5661157024793388,-0.20259765836153565,325,0.6523076923076923,-0.03505492962145274
GC,780,prev,0.75,fade,0.1,next,471,0.5711252653927813,0.5260304846912519,0.5711252653927813,-0.19975524917090187,318,0.660377358490566,-0.03737562321579498
GC,780,prev,0.75,fade,0.2,eod,484,0.5392561983471075,0.49471323395283007,0.5681818181818182,-0.10935557650401624,325,0.5076923076923077,-0.09690220821863628
GC,780,prev,0.75,fade,0.2,next,471,0.6220806794055201,0.5774699719932512,0.6220806794055201,-0.09574216229602912,318,0.6194968553459119,-0.08501393002681294
GC,780,prev,0.75,fade,0.3,eod,484,0.39669421487603307,0.35408774039027624,0.5289256198347108,-0.07709884889763503,325,0.36615384615384616,-0.05996334672636362
GC,780,prev,0.75,fade,0.3,next,471,0.6475583864118896,0.60337807845955,0.6475583864118896,-0.04656111527395475,318,0.6446540880503144,-0.04059574821464755
GC,780,prev,0.75,fade,0.5,eod,484,0.17768595041322313,0.14620876176097164,0.48140495867768596,-0.057121085512924226,325,0.18153846153846154,-0.023240534762529203
GC,780,prev,0.75,fade,0.5,next,471,0.6050955414012739,0.560268767889657,0.6220806794055201,-0.04846015405710062,318,0.5911949685534591,-0.08242354102139299
GC,780,prev,0.75,fade,1.0,eod,484,0.028925619834710745,0.01730702661839207,0.4690082644628099,-0.04271142857086396,325,0.043076923076923075,-0.022754507774310134
GC,780,prev,0.75,fade,1.0,next,461,0.368763557483731,0.32597422689639133,0.5379609544468547,-0.04554595456877727,316,0.3829113924050633,-0.049951119859763686
GC,780,prev,0.75,follow,0.1,eod,484,0.6198347107438017,0.5758041729031866,0.621900826446281,-0.12056999750051454,325,0.6184615384615385,-0.09544140602219213
GC,780,prev,0.75,follow,0.1,next,471,0.6178343949044586,0.5731644379442855,0.6178343949044586,-0.12873233663472808,318,0.6226415094339622,-0.09542432481892112
GC,780,prev,0.75,follow,0.2,eod,484,0.5599173553719008,0.5153930154694341,0.5950413223140496,-0.05518754818310595,325,0.5384615384615384,-0.011181930094693239
GC,780,prev,0.75,follow,0.2,next,471,0.6390658174097664,0.5947276051797958,0.6390658174097664,-0.06813060354584345,318,0.6572327044025157,-0.03034290503611251
GC,780,prev,0.75,follow,0.3,eod,484,0.45041322314049587,0.40665099564162244,0.5537190082644629,-0.015000752304835174,325,0.39692307692307693,0.009479925345801882
GC,780,prev,0.75,follow,0.3,next,471,0.6942675159235668,0.6512264105957803,0.6942675159235668,0.02502366274834449,318,0.6792452830188679,0.00787439065944644
GC,780,prev,0.75,follow,0.5,eod,484,0.26239669421487605,0.22518316377866582,0.4834710743801653,-0.002858851091341916,325,0.23692307692307693,0.034046492247378074
GC,780,prev,0.75,follow,0.5,next,471,0.6475583864118896,0.60337807845955,0.6709129511677282,0.025943519809762974,318,0.6761006289308176,0.05256229470159803
GC,780,prev,0.75,follow,1.0,eod,484,0.09710743801652892,0.07381314416321921,0.4628099173553719,0.006838814529178824,325,0.04,0.003853637563922781
GC,780,prev,0.75,follow,1.0,next,467,0.4346895074946467,0.39044253901926096,0.5588865096359743,0.02333574601539204,314,0.4585987261146497,0.032538074236606554
GC,780,prev,1.0,fade,0.1,eod,247,0.5384615384615384,0.4761764535158699,0.5384615384615384,-0.2508706055856104,187,0.6577540106951871,-0.029668062674566127
GC,780,prev,1.0,fade,0.1,next,243,0.5390946502057613,0.4762982943477079,0.5390946502057613,-0.25153606337358864,185,0.6648648648648648,-0.03122483339105036
GC,780,prev,1.0,fade,0.2,eod,247,0.5101214574898786,0.4481023548167813,0.5344129554655871,-0.1880672652636365,187,0.5187165775401069,-0.1161105873873483
GC,780,prev,1.0,fade,0.2,next,243,0.5596707818930041,0.49680503606178694,0.5596707818930041,-0.19334089649600555,185,0.6162162162162163,-0.09020630332432553
GC,780,prev,1.0,fade,0.3,eod,247,0.4048582995951417,0.3455518627923249,0.5020242914979757,-0.13956753026622493,187,0.39037433155080214,-0.05621955969895467
GC,780,prev,1.0,fade,0.3,next,243,0.6090534979423868,0.5464584396306253,0.6090534979423868,-0.11020020067469814,185,0.6486486486486487,-0.03638109207993601
GC,780,prev,1.0,fade,0.5,eod,247,0.1659919028340081,0.12477866710268828,0.4534412955465587,-0.10374820187050547,187,0.21390374331550802,-0.01275037530225977
GC,780,prev,1.0,fade,0.5,next,243,0.5802469135802469,0.5174180420770723,0.6008230452674898,-0.10280051406985584,185,0.5675675675675675,-0.11908634982627175
GC,780,prev,1.0,fade,1.0,eod,247,0.024291497975708502,0.011179334840608894,0.43724696356275305,-0.07142675530780407,187,0.058823529411764705,-0.024422925404817747
GC,780,prev,1.0,fade,1.0,next,242,0.3760330578512397,0.3173881055119326,0.5578512396694215,-0.04218334924852915,185,0.41081081081081083,-0.06361881730839315
GC,780,prev,1.0,follow,0.1,eod,247,0.6437246963562753,0.5822175848757696,0.6437246963562753,-0.08915010995631599,187,0.6149732620320856,-0.1037878800018021
GC,780,prev,1.0,follow,0.1,next,243,0.6419753086419753,0.5799164934142433,0.6419753086419753,-0.09179916724660496,185,0.6216216216216216,-0.09743062780012257
GC,780,prev,1.0,follow,0.2,eod,247,0.6194331983805668,0.5574908604501709,0.6477732793522267,0.00474245657110466,187,0.5561497326203209,-0.01365040514404431
GC,780,prev,1.0,follow,0.2,next,243,0.6831275720164609,0.6221659373714005,0.6831275720164609,-0.0011329128425361882,185,0.6648648648648648,-0.020936999433594575
GC,780,prev,1.0,follow,0.3,eod,247,0.5506072874493927,0.48826854675278236,0.6234817813765182,0.07117551801628244,187,0.42780748663101603,0.021126813745081796
GC,780,prev,1.0,follow,0.3,next,243,0.7366255144032922,0.6778709811182683,0.7366255144032922,0.08842490616199242,185,0.6918918918918919,0.03253693679165579
GC,780,prev,1.0,follow,0.5,eod,247,0.32388663967611336,0.26860981379045856,0.5344129554655871,0.04576699743433602,187,0.2887700534759358,0.04269538536971503
GC,780,prev,1.0,follow,0.5,next,243,0.691358024691358,0.630676030485398,0.7037037037037037,0.062012736605339305,185,0.6918918918918919,0.07284087176369704
GC,780,prev,1.0,follow,1.0,eod,247,0.12955465587044535,0.09328461116572992,0.5060728744939271,0.03347327609768117,187,0.0481283422459893,0.002815012048849121
GC,780,prev,1.0,follow,1.0,next,243,0.48559670781893005,0.42347043861896416,0.5720164609053497,0.05796305771832233,185,0.4918918918918919,0.05535690723320906
GC,780,prev,1.5,fade,0.1,eod,68,0.5147058823529411,0.3983454954746292,0.5147058823529411,-0.2822860001440861,49,0.7346938775510204,0.07254014821919855
GC,780,prev,1.5,fade,0.1,next,67,0.5074626865671642,0.39063570911024414,0.5074626865671642,-0.29980724859952507,48,0.7291666666666666,0.06411485535488674
GC,780,prev,1.5,fade,0.2,eod,68,0.5147058823529411,0.3983454954746292,0.5294117647058824,-0.2082358864890368,49,0.6122448979591837,-0.0703372317325721
GC,780,prev,1.5,fade,0.2,next,67,0.5522388059701493,0.4335740153183886,0.5522388059701493,-0.2011400563269854,48,0.625,-0.07891192370012916
GC,780,prev,1.5,fade,0.3,eod,68,0.4852941176470588,0.370506471844866,0.5441176470588235,-0.10066724967786093,49,0.5306122448979592,-0.017158763476581827
GC,780,prev,1.5,fade,0.3,next,67,0.6268656716417911,0.5071518645751268,0.6268656716417911,-0.0808678978098751,48,0.6875,0.02109692363875748
GC,780,prev,1.5,fade,0.5,eod,68,0.20588235294117646,0.1267944614096761,0.47058823529411764,-0.135499204688434,49,0.3673469387755102,0.037510588145138773
GC,780,prev,1.5,fade,0.5,next,67,0.582089552238806,0.46269715977486015,0.582089552238806,-0.138124757166111,48,0.6041666666666666,-0.11079333183529883
GC,780,prev,1.5,fade,1.0,eod,68,0.014705882352941176,0.0026006166023507804,0.45588235294117646,-0.09800264278188521,49,0.10204081632653061,-0.005728474452744372
GC,780,prev,1.5,fade,1.0,next,67,0.3582089552238806,0.2539788838135447,0.47761194029850745,-0.1309475173806634,48,0.5,-0.06847699435268215
GC,780,prev,1.5,follow,0.1,eod,68,0.6323529411764706,0.5135541592730174,0.6323529411764706,-0.10458291306408306,49,0.6122448979591837,-0.1148765403342907
GC,780,prev,1.5,follow,0.1,next,67,0.6417910447761194,0.5221828769475225,0.6417910447761194,-0.08930991532404836,48,0.625,-0.09499610611455737
GC,780,prev,1.5,follow,0.2,eod,68,0.6323529411764706,0.5135541592730174,0.6470588235294118,-0.005193788372214906,49,0.5306122448979592,-0.14532310241628843
GC,780,prev,1.5,follow,0.2,next,67,0.7014925373134329,0.5834456017927899,0.7014925373134329,0.028440876214106414,48,0.5833333333333334,-0.14101064946376105
GC,780,prev,1.5,follow,0.3,eod,68,0.5882352941176471,0.4696125189030847,0.6323529411764706,0.07839516766575579,49,0.5306122448979592,-0.012232161447046828
GC,780,prev,1.5,follow,0.3,next,67,0.7313432835820896,0.6148166405872441,0.7313432835820896,0.0814202148906769,48,0.625,-0.07303098389201367
GC,780,prev,1.5,follow,0.5,eod,68,0.36764705882352944,0.26300294660514806,0.5147058823529411,0.05747573410088292,49,0.32653061224489793,-0.013200145230857021
GC,780,prev,1.5,follow,0.5,next,67,0.746268656716418,0.6307057838517774,0.746268656716418,0.12990281548392477,48,0.625,-0.06891910700031174
GC,780,prev,1.5,follow,1.0,eod,68,0.22058823529411764,0.1384889157967965,0.4852941176470588,0.06561329023700319,49,0.10204081632653061,-0.005435994295196204
GC,780,prev,1.5,follow,1.0,next,67,0.6567164179104478,0.5373244120046358,0.746268656716418,0.2383450803014277,48,0.5625,0.07526719955343321
GC,870,open,0.25,fade,0.1,eod,1137,0.5505716798592788,0.5215352882569543,0.5787159190853123,-0.13739562180322096,661,0.556732223903177,-0.0928128625146437
GC,870,open,0.25,fade,0.1,next,1118,0.610912343470483,0.5819998986027235,0.610912343470483,-0.14086109111785858,641,0.6209048361934477,-0.09939873821113543
GC,870,open,0.25,fade,0.2,eod,1137,0.34740545294635006,0.3202843508761009,0.4995602462620932,-0.10021458671256175,661,0.3585476550680787,-0.046177332092627504
GC,870,open,0.25,fade,0.2,next,1118,0.6350626118067979,0.606424955094097,0.6350626118067979,-0.08147726344478971,641,0.6583463338533542,-0.028965191384559528
GC,870,open,0.25,fade,0.3,eod,1137,0.22163588390501318,0.1984529125929427,0.47757255936675463,-0.0608620629281312,661,0.2027231467473525,-0.04205309048176172
GC,870,open,0.25,fade,0.3,next,1118,0.6583184257602862,0.6300174056295085,0.6592128801431127,-0.032537628459949605,641,0.641185647425897,-0.05128972613213939
GC,870,open,0.25,fade,0.5,eod,1137,0.07651715039577836,0.06245195926357808,0.45382585751978893,-0.05170046031701421,661,0.08774583963691376,-0.02189906287664644
GC,870,open,0.25,fade,0.5,next,1108,0.6137184115523465,0.5847026953173102,0.6299638989169675,-0.04400680645472534,636,0.6415094339622641,-0.0019520984186314067
GC,870,open,0.25,fade,1.0,eod,1137,0.01759014951627089,0.011415299237153998,0.4520668425681618,-0.02451300186186633,661,0.024205748865355523,-0.009780740829116955
GC,870,open,0.25,fade,1.0,next,972,0.3765432098765432,0.34662509910023237,0.5462962962962963,-0.029714902637660762,563,0.40319715808170514,-0.042213632459633735
GC,870,open,0.25,follow,0.1,eod,1137,0.5461741424802111,0.5171278382391468,0.5778364116094987,-0.1382246711610336,661,0.5310136157337367,-0.10850308340658864
GC,870,open,0.25,follow,0.1,next,1118,0.610912343470483,0.5819998986027235,0.610912343470483,-0.13933137773029328,641,0.609984399375975,-0.11568762943137759
GC,870,open,0.25,follow,0.2,eod,1137,0.37115215479331576,0.343548212973285,0.5224274406332454,-0.06781422730375973,661,0.3585476550680787,-0.029934767787691347
GC,870,open,0.25,follow,0.2,next,1118,0.6547406082289803,0.6263830751307571,0.6547406082289803,-0.04935198897393378,641,0.6536661466458659,-0.0369072981956407
GC,870,open,0.25,follow,0.3,eod,1137,0.24626209322779244,0.22210120770129907,0.48988566402814426,-0.036677112170950654,661,0.21936459909228442,-0.01645399556633099
GC,870,open,0.25,follow,0.3,next,1117,0.6651745747538048,0.6369739179083946,0.666069829901522,-0.018745148767859474,641,0.6474258970358814,-0.03989210432211372
GC,870,open,0.25,follow,0.5,eod,1137,0.11257695690413369,0.0954937609887287,0.4635004397537379,-0.021013678649992585,661,0.1043872919818457,-0.011081651996979384
GC,870,open,0.25,follow,0.5,next,1108,0.6254512635379061,0.5965642938572556,0.644404332129964,8.628565333271186e-05,635,0.6062992125984252,-0.05180991877996371
GC,870,open,0.25,follow,1.0,eod,1137,0.03518029903254178,0.025940586521422823,0.45646437994722955,-0.007347403580772619,661,0.024205748865355523,-0.008180324229352443
GC,870,open,0.25,follow,1.0,next,976,0.41290983606557374,0.38242048523570354,0.5297131147540983,-0.0037618661643036345,567,0.3968253968253968,-0.04580861367051229
GC,870,open,0.5,fade,0.1,eod,449,0.579064587973274,0.5329158547382238,0.5991091314031181,-0.14164714481517804,241,0.5560165975103735,-0.116599220162385
GC,870,open,0.5,fade,0.1,next,446,0.6053811659192825,0.5593043862280099,0.6053811659192825,-0.15311003490304256,234,0.6068376068376068,-0.12092433611227266
GC,870,open,0.5,fade,0.2,eod,449,0.44320712694877507,0.39793195612639265,0.5412026726057907,-0.10224483288542978,241,0.4024896265560166,-0.049143213345266785
GC,870,open,0.5,fade,0.2,next,446,0.6524663677130045,0.6071398877528483,0.6524663677130045,-0.05654000813447475,234,0.6752136752136753,-0.0029038483844579213
GC,870,open,0.5,fade,0.3,eod,449,0.2984409799554566,0.2579713728124424,0.512249443207127,-0.06275374282261478,241,0.25311203319502074,-0.049249967839573416
GC,870,open,0.5,fade,0.3,next,446,0.679372197309417,0.6346830568235602,0.679372197309417,-0.001390366579161423,234,0.6495726495726496,-0.03604757212926431
GC,870,open,0.5,fade,0.5,eod,449,0.10244988864142539,0.07768973963879355,0.47884187082405344,-0.06620874739535533,241,0.12033195020746888,-0.02067478116336574
GC,870,open,0.5,fade,0.5,next,446,0.6188340807174888,0.572925963830229,0.6278026905829597,-0.0487751370587037,234,0.6623931623931624,0.020440046190789977
GC,870,open,0.5,fade,1.0,eod,449,0.0200445434298441,0.010580507481854901,0.4766146993318486,-0.03507058318608774,241,0.024896265560165973,-0.013385482208854873
GC,870,open,0.5,fade,1.0,next,431,0.39211136890951276,0.3471657527057616,0.5382830626450116,-0.040830244485206175,231,0.4458874458874459,-0.025343963480685273
GC,870,open,0.5,follow,0.1,eod,449,0.5723830734966593,0.52619754015003,0.5902004454342984,-0.14849742411803404,241,0.5809128630705395,-0.0924203599237426
GC,870,open,0.5,follow,0.1,next,446,0.5986547085201793,0.5525069445663896,0.5986547085201793,-0.1569982883704304,234,0.6111111111111112,-0.1142215782276874
GC,870,open,0.5,follow,0.2,eod,449,0.44097995545657015,0.3957473922813173,0.5545657015590201,-0.07379588170449633,241,0.4190871369294606,-0.01640720314839388
GC,870,open,0.5,follow,0.2,next,446,0.6300448430493274,0.5843048743921356,0.6300448430493274,-0.0914833478729862,234,0.6709401709401709,-0.01698601485434739
GC,870,open,0.5,follow,0.3,eod,449,0.30957683741648107,0.26857974824174613,0.5189309576837416,-0.03546487268934036,241,0.2863070539419087,0.002786643556897149
GC,870,open,0.5,follow,0.3,next,446,0.6704035874439462,0.625484405519782,0.6704035874439462,-0.015104933134329776,234,0.6623931623931624,-0.019226339039257388
GC,870,open,0.5,follow,0.5,eod,449,0.17371937639198218,0.14148210107925993,0.48106904231625836,-0.010214215424278113,241,0.14107883817427386,0.00975819150869814
GC,870,open,0.5,follow,0.5,next,446,0.6502242152466368,0.6048516681821965,0.6681614349775785,0.025994588492174578,234,0.6282051282051282,-0.033933011630676524
GC,870,open,0.5,follow,1.0,eod,449,0.062360801781737196,0.04349424695105459,0.46770601336302897,0.0018501362636270176,241,0.03319502074688797,0.0003906860116040674
GC,870,open,0.5,follow,1.0,next,439,0.45558086560364464,0.4095791973228273,0.5649202733485194,0.030746749815736503,231,0.45021645021645024,0.023137039297861994
GC,870,open,0.75,fade,0.1,eod,175,0.6171428571428571,0.5433406546541516,0.6285714285714286,-0.09976240565044486,93,0.5698924731182796,-0.13389580381008434
GC,870,open,0.75,fade,0.1,next,174,0.632183908045977,0.5583987843958771,0.632183908045977,-0.10676106238172134,91,0.6043956043956044,-0.1257904589726918
GC,870,open,0.75,fade,0.2,eod,175,0.4685714285714286,0.3961072537147729,0.5542857142857143,-0.12551458452463415,93,0.46236559139784944,-0.027754941249880868
GC,870,open,0.75,fade,0.2,next,174,0.6379310344827587,0.5642534226093179,0.6379310344827587,-0.0803001782665542,91,0.6923076923076923,0.023971310920758188
GC,870,open,0.75,fade,0.3,eod,175,0.32,0.2553894942243186,0.52,-0.07996255193636316,93,0.3763440860215054,-0.019502525856472126
GC,870,open,0.75,fade,0.3,next,174,0.6436781609195402,0.5701187295463592,0.6436781609195402,-0.05932038452401339,91,0.6593406593406593,-0.021169373231935358
GC,870,open,0.75,fade,0.5,eod,175,0.13142857142857142,0.08919802923089393,0.4857142857142857,-0.08885097062339668,93,0.21505376344086022,0.037175263712965256
GC,870,open,0.75,fade,0.5,next,174,0.5804597701149425,0.5061718219528719,0.5862068965517241,-0.11311415505710772,91,0.6483516483516484,-0.01044126495908333
GC,870,open,0.75,fade,1.0,eod,175,0.017142857142857144,0.00584685383108248,0.4857142857142857,-0.0516102160415301,93,0.03225806451612903,-0.004154610654195657
GC,870,open,0.75,fade,1.0,next,173,0.3872832369942196,0.31789279094599,0.5202312138728323,-0.036509184125466373,91,0.4725274725274725,-0.06382438465654475
GC,870,open,0.75,follow,0.1,eod,175,0.56,0.48594822402710564,0.5657142857142857,-0.1810058487066903,93,0.5483870967741935,-0.15088166681691106
GC,870,open,0.75,follow,0.1,next,174,0.5862068965517241,0.5119344547532682,0.5862068965517241,-0.17633709745610956,91,0.5824175824175825,-0.16049685106652664
GC,870,open,0.75,follow,0.2,eod,175,0.48,0.40720592718746584,0.5714285714285714,-0.07660048045367746,93,0.46236559139784944,-0.07806020099087556
GC,870,open,0.75,follow,0.2,next,174,0.6436781609195402,0.5701187295463592,0.6436781609195402,-0.06041156037447956,91,0.6373626373626373,-0.06017337358251498
GC,870,open,0.75,follow,0.3,eod,175,0.35428571428571426,0.28724575196118396,0.5257142857142857,-0.023373244680993777,93,0.3225806451612903,-0.0408317427487675
GC,870,open,0.75,follow,0.3,next,174,0.6954022988505747,0.6234071262447152,0.6954022988505747,0.027227504689647363,91,0.6043956043956044,-0.10447053124266859
GC,870,open,0.75,follow,0.5,eod,175,0.24,0.18274204115195586,0.49714285714285716,0.01823354363565247,93,0.16129032258064516,0.001803826913980299
GC,870,open,0.75,follow,0.5,next,174,0.7068965517241379,0.6353779558243297,0.7241379310344828,0.11452723281151152,91,0.6373626373626373,-0.03566176206518175
GC,870,open,0.75,follow,1.0,eod,175,0.09142857142857143,0.05706101902645581,0.4685714285714286,0.014336229965050712,93,0.053763440860215055,-0.010249522827664318
GC,870,open,0.75,follow,1.0,next,173,0.47398843930635837,0.4009568271633665,0.5953757225433526,0.05596032133866696,91,0.5384615384615384,0.05246815012677649
GC,870,open,1.0,fade,0.1,eod,77,0.6103896103896104,0.4987086179545712,0.6103896103896104,-0.13104123145183474,38,0.6052631578947368,-0.08155888595141847
GC,870,open,1.0,fade,0.1,next,77,0.6103896103896104,0.4987086179545712,0.6103896103896104,-0.13767389489224804,37,0.6486486486486487,-0.056871588865441844
GC,870,open,1.0,fade,0.2,eod,77,0.5324675324675324,0.4221482516277276,0.5714285714285714,-0.10664882292070074,38,0.5263157894736842,0.0129798004529329
GC,870,open,1.0,fade,0.2,next,77,0.5974025974025974,0.48576649330491517,0.5974025974025974,-0.15428823170072767,37,0.7297297297297297,0.0804607057428401
GC,870,open,1.0,fade,0.3,eod,77,0.37662337662337664,0.27669846411806526,0.5324675324675324,-0.07297335419645219,38,0.4473684210526316,0.014782756695987118
GC,870,open,1.0,fade,0.3,next,77,0.5974025974025974,0.48576649330491517,0.5974025974025974,-0.13956272293834543,37,0.7567567567567568,0.12604871332061027
GC,870,open,1.0,fade,0.5,eod,77,0.2077922077922078,0.13214965937388248,0.45454545454545453,-0.10307921697809048,38,0.3157894736842105,0.11435533137137602
GC,870,open,1.0,fade,0.5,next,77,0.5974025974025974,0.48576649330491517,0.5974025974025974,-0.11497766937036975,37,0.7837837837837838,0.21925862324433268
GC,870,open,1.0,fade,1.0,eod,77,0.025974025974025976,0.0071520098481384214,0.45454545454545453,-0.060953093994645796,38,0.07894736842105263,0.04969506148743957
GC,870,open,1.0,fade,1.0,next,77,0.35064935064935066,0.253485167224312,0.4935064935064935,-0.07987524185846555,37,0.4864864864864865,-0.03263740174886194
GC,870,open,1.0,follow,0.1,eod,77,0.5714285714285714,0.46010331091803647,0.5844155844155844,-0.18365674921048097,38,0.5263157894736842,-0.14987185608082446
GC,870,open,1.0,follow,0.1,next,77,0.5844155844155844,0.472898399364154,0.5844155844155844,-0.18133980092724572,37,0.5945945945945946,-0.14431750966098936
GC,870,open,1.0,follow,0.2,eod,77,0.5584415584415584,0.44738036790961955,0.6363636363636364,-0.025043092987462,38,0.5,-0.1051051585513558
GC,870,open,1.0,follow,0.2,next,77,0.6883116883116883,0.5779975455912919,0.6883116883116883,0.007032048939442661,37,0.6486486486486487,-0.04350639658131921
GC,870,open,1.0,follow,0.3,eod,77,0.44155844155844154,0.3360515471044896,0.5714285714285714,-0.008796008056689838,38,0.3157894736842105,-0.10683143578114444
GC,870,open,1.0,follow,0.3,next,77,0.6883116883116883,0.5779975455912919,0.6883116883116883,0.017013059666568846,37,0.5675675675675675,-0.1601168759988346
GC,870,open,1.0,follow,0.5,eod,77,0.3116883116883117,0.21927134521920633,0.5454545454545454,0.05218217571200688,38,0.21052631578947367,-0.015978786516772713
GC,870,open,1.0,follow,0.5,next,77,0.7922077922077922,0.6887937633995327,0.8051948051948052,0.24102374146803446,37,0.6216216216216216,-0.038350129710104666
GC,870,open,1.0,follow,1.0,eod,77,0.1038961038961039,0.053592282957973164,0.4805194805194805,0.018577582302300766,38,0.05263157894736842,-0.05382740910637835
GC,870,open,1.0,follow,1.0,next,77,0.5324675324675324,0.4221482516277276,0.6623376623376623,0.1287732199972344,37,0.5405405405405406,-0.006375798568516594
GC,870,prev,0.25,fade,0.1,eod,1672,0.5370813397129187,0.5131229123656025,0.5747607655502392,-0.13960584482250168,1014,0.5305719921104537,-0.11591404675426016
GC,870,prev,0.25,fade,0.1,next,1633,0.6117575015309247,0.5878838660604423,0.6117575015309247,-0.1377092215394845,983,0.6103763987792472,-0.11740488512000787
GC,870,prev,0.25,fade,0.2,eod,1672,0.32595693779904306,0.30391025617113004,0.5041866028708134,-0.08801971000876495,1014,0.3333333333333333,-0.048526164144225566
GC,870,prev,0.25,fade,0.2,next,1633,0.6307409675443968,0.6070521469516059,0.6307409675443968,-0.08639931122800541,983,0.6449643947100712,-0.05010137700560268
GC,870,prev,0.25,fade,0.3,eod,1672,0.18660287081339713,0.16865439520719147,0.4796650717703349,-0.06237129629519788,1014,0.17455621301775148,-0.04677358058637695
GC,870,prev,0.25,fade,0.3,next,1632,0.6384803921568627,0.6148706533064897,0.6390931372549019,-0.06077157728714718,983,0.6286876907426246,-0.06899221066220632
GC,870,prev,0.25,fade,0.5,eod,1672,0.05741626794258373,0.04724645774752048,0.4611244019138756,-0.04850524872737629,1014,0.07297830374753451,-0.029196312521400196
GC,870,prev,0.25,fade,0.5,next,1603,0.6026200873362445,0.5784461547335196,0.6188396756082346,-0.04865523479389748,968,0.6084710743801653,-0.038837676127998134
GC,870,prev,0.25,fade,1.0,eod,1672,0.010167464114832535,0.006357666881242328,0.45933014354066987,-0.024150512029227703,1014,0.016765285996055226,-0.01728783113564851
GC,870,prev,0.25,fade,1.0,next,1342,0.37928464977645304,0.35370377043400586,0.5476900149031296,-0.017256622845956568,804,0.38308457711442784,-0.04887828184855955
GC,870,prev,0.25,follow,0.1,eod,1672,0.520933014354067,0.4969667719535608,0.5514354066985646,-0.1555867812439909,1014,0.5355029585798816,-0.0858167600287109
GC,870,prev,0.25,follow,0.1,next,1633,0.5982853643600735,0.5743034550575044,0.5982853643600735,-0.15738985043042072,983,0.6358087487283826,-0.07512252490176538
GC,870,prev,0.25,follow,0.2,eod,1672,0.33791866028708134,0.3156406448776841,0.48863636363636365,-0.07376821257748116,1014,0.34023668639053256,-0.012871991700765032
GC,870,prev,0.25,follow,0.2,next,1633,0.6631965707287202,0.6399142190280832,0.6631965707287202,-0.037361066317634584,983,0.6642929806714141,-0.026890379812833893
GC,870,prev,0.25,follow,0.3,eod,1672,0.22129186602870812,0.2020453780770966,0.46351674641148327,-0.037377339386053005,1014,0.1893491124260355,-0.008301659272574265
GC,870,prev,0.25,follow,0.3,next,1633,0.6748315982853643,0.65172390266064,0.6766687078995713,-0.008207196029958182,983,0.6581892166836215,-0.026973027346881246
GC,870,prev,0.25,follow,0.5,eod,1672,0.09808612440191387,0.08473715348320739,0.44198564593301437,-0.019710425832744682,1014,0.08086785009861933,5.510374253267957e-05
GC,870,prev,0.25,follow,0.5,next,1603,0.6306924516531504,0.6067800760565476,0.6506550218340611,0.006464438938568359,962,0.6309771309771309,-0.008628603933350038
GC,870,prev,0.25,follow,1.0,eod,1672,0.025119617224880382,0.018637122429743885,0.43779904306220097,-0.006589502640271689,1014,0.020710059171597635,0.00047895875673395103
GC,870,prev,0.25,follow,1.0,next,1320,0.39166666666666666,0.3656845188788421,0.5333333333333333,-0.0007089153017323682,805,0.4372670807453416,0.01517390214169359
GC,870,prev,0.5,fade,0.1,eod,961,0.5660770031217481,0.5345396175452141,0.595213319458897,-0.1167817631551678,606,0.5132013201320133,-0.15506671591104992
GC,870,prev,0.5,fade,0.1,next,936,0.6282051282051282,0.5967785891140136,0.6282051282051282,-0.11096909143566185,592,0.5844594594594594,-0.1595511509138457
GC,870,prev,0.5,fade,0.2,eod,961,0.36524453694068676,0.33539386526554066,0.5150884495317378,-0.0827488912674666,606,0.3316831683168317,-0.07700006947225907
GC,870,prev,0.5,fade,0.2,next,936,0.6367521367521367,0.6054401809750067,0.6367521367521367,-0.0762745106278451,592,0.6216216216216216,-0.08730114045432771
GC,870,prev,0.5,fade,0.3,eod,961,0.22684703433922998,0.20148649522439174,0.49323621227887615,-0.051533387148446734,606,0.1782178217821782,-0.0713362092548839
GC,870,prev,0.5,fade,0.3,next,936,0.655982905982906,0.6249672207264078,0.655982905982906,-0.03506344207983092,592,0.6199324324324325,-0.08257003563478374
GC,870,prev,0.5,fade,0.5,eod,961,0.06555671175858481,0.05157342620463018,0.46409989594172735,-0.05037096474398664,606,0.08085808580858085,-0.04395319488223472
GC,870,prev,0.5,fade,0.5,next,934,0.6188436830835118,0.5872693150322857,0.6338329764453962,-0.028684036648181168,592,0.5793918918918919,-0.0848708944593295
GC,870,prev,0.5,fade,1.0,eod,961,0.011446409989594173,0.006403275525752725,0.4630593132154006,-0.026033824698265418,606,0.0165016501650165,-0.02743571975964223
GC,870,prev,0.5,fade,1.0,next,890,0.36966292134831463,0.3385724002812643,0.5438202247191011,-0.016765935822160537,548,0.3722627737226277,-0.0761388413061853
GC,870,prev,0.5,follow,0.1,eod,961,0.5338189386056191,0.5022063431613846,0.5671175858480749,-0.1530618714612829,606,0.5676567656765676,-0.0531207616802362
GC,870,prev,0.5,follow,0.1,next,936,0.5993589743589743,0.5676209656695183,0.5993589743589743,-0.15582573945751985,592,0.6570945945945946,-0.04325216543318846
GC,870,prev,0.5,follow,0.2,eod,961,0.3517169614984391,0.32217103020559185,0.4921956295525494,-0.09136211160282069,606,0.367986798679868,0.011692124217449388
GC,870,prev,0.5,follow,0.2,next,936,0.6538461538461539,0.6227948776799862,0.6538461538461539,-0.04775020938603268,592,0.6824324324324325,0.00775897512752137
GC,870,prev,0.5,follow,0.3,eod,961,0.24141519250780438,0.21542212362000523,0.4724245577523413,-0.036483234805136294,606,0.20462046204620463,0.008839422305157553
GC,870,prev,0.5,follow,0.3,next,936,0.6688034188034188,0.6380156143537226,0.6709401709401709,-0.011129225075252356,592,0.6807432432432432,0.008943384597096145
GC,870,prev,0.5,follow,0.5,eod,961,0.11446409989594172,0.09585123674570922,0.4474505723204995,-0.01999970839918065,606,0.0891089108910891,0.015101518677364955
GC,870,prev,0.5,follow,0.5,next,936,0.6303418803418803,0.5989430159355605,0.6549145299145299,0.017963250574043736,592,0.660472972972973,0.030578682542968517
GC,870,prev,0.5,follow,1.0,eod,961,0.029136316337148804,0.020234111139227486,0.4432882414151925,-0.006057014365780958,606,0.024752475247524754,0.00880395444060308
GC,870,prev,0.5,follow,1.0,next,875,0.3931428571428571,0.3613127707686687,0.5348571428571428,0.01117872542898261,547,0.4570383912248629,0.037874955480746646
GC,870,prev,0.75,fade,0.1,eod,525,0.5580952380952381,0.5153446778611387,0.5885714285714285,-0.14740588572721763,341,0.5190615835777126,-0.15669528868402288
GC,870,prev,0.75,fade,0.1,next,512,0.607421875,0.5644731573250625,0.607421875,-0.14341991762231604,335,0.582089552238806,-0.15664166564598697
GC,870,prev,0.75,fade,0.2,eod,525,0.4038095238095238,0.3626833911705252,0.5333333333333333,-0.09247626682783489,341,0.3548387096774194,-0.06955763027484763
GC,870,prev,0.75,fade,0.2,next,512,0.6484375,0.6061138067274832,0.6484375,-0.05742354612590765,335,0.6328358208955224,-0.06584341511726621
GC,870,prev,0.75,fade,0.3,eod,525,0.2723809523809524,0.23605523360074643,0.5161904761904762,-0.04890334375037091,341,0.20234604105571846,-0.06687594176743442
GC,870,prev,0.75,fade,0.3,next,512,0.666015625,0.6240596702330428,0.666015625,-0.02108729231626828,335,0.6328358208955224,-0.06377361057304799
GC,870,prev,0.75,fade,0.5,eod,525,0.08190476190476191,0.06137359698738994,0.48,-0.0551059428216129,341,0.10557184750733138,-0.03695222222536129
GC,870,prev,0.75,fade,0.5,next,512,0.6328125,0.5902129937142744,0.642578125,-0.022286099807170324,335,0.5701492537313433,-0.09847920885961546
GC,870,prev,0.75,fade,1.0,eod,525,0.017142857142857144,0.009044514830167804,0.48,-0.030925439695927887,341,0.01466275659824047,-0.030454912369203575
GC,870,prev,0.75,fade,1.0,next,508,0.38779527559055116,0.34641683324607536,0.5452755905511811,-0.019083621404202528,332,0.3704819277108434,-0.09040261090117514
GC,870,prev,0.75,follow,0.1,eod,525,0.5619047619047619,0.5191654876909956,0.579047619047619,-0.15139089931636493,341,0.5747800586510264,-0.07569901180218351
GC,870,prev,0.75,follow,0.1,next,512,0.599609375,0.5565772491107945,0.599609375,-0.15612257585880446,335,0.6417910447761194,-0.066689485964356
GC,870,prev,0.75,follow,0.2,eod,525,0.38285714285714284,0.3422703468983582,0.5104761904761905,-0.09904772091117484,341,0.39002932551319647,0.003606834562040823
GC,870,prev,0.75,follow,0.2,next,512,0.63671875,0.5941837743410365,0.63671875,-0.07197848586783599,335,0.6746268656716418,-0.0028130786939192898
GC,870,prev,0.75,follow,0.3,eod,525,0.2742857142857143,0.23786426819831463,0.4876190476190476,-0.03480443065176722,341,0.2287390029325513,-0.0005221156977780033
GC,870,prev,0.75,follow,0.3,next,512,0.65625,0.6140821200060962,0.658203125,-0.03091163019227824,335,0.6835820895522388,0.01165794039685176
GC,870,prev,0.75,follow,0.5,eod,525,0.14095238095238094,0.11378835960762061,0.4533333333333333,-0.020525008532896613,341,0.10557184750733138,0.018302501569157092
GC,870,prev,0.75,follow,0.5,next,512,0.619140625,0.5763380928802264,0.654296875,0.010260647224429854,335,0.6746268656716418,0.044751034218366625
GC,870,prev,0.75,follow,1.0,eod,525,0.0380952380952381,0.02479385837625839,0.44571428571428573,-0.005622712505885818,341,0.026392961876832845,0.010136122575933267
GC,870,prev,0.75,follow,1.0,next,508,0.4035433070866142,0.36175777669875403,0.5354330708661418,-0.002002584572704192,331,0.48036253776435045,0.0706561589845513
GC,870,prev,1.0,fade,0.1,eod,288,0.5625,0.5047555581999655,0.59375,-0.1558598246845809,186,0.5161290322580645,-0.18209122121884738
GC,870,prev,1.0,fade,0.1,next,280,0.5964285714285714,0.5380320398766418,0.5964285714285714,-0.16022300877047183,184,0.5706521739130435,-0.17402478530423468
GC,870,prev,1.0,fade,0.2,eod,288,0.4201388888888889,0.3645511061209594,0.5347222222222222,-0.11107183600925843,186,0.4032258064516129,-0.037976665697383546
GC,870,prev,1.0,fade,0.2,next,280,0.625,0.5669613757096419,0.625,-0.09593292465422891,184,0.6630434782608695,-0.018832167465916465
GC,870,prev,1.0,fade,0.3,eod,288,0.2916666666666667,0.2421881183483498,0.5173611111111112,-0.0704975481632522,186,0.23118279569892472,-0.04170816243271636
GC,870,prev,1.0,fade,0.3,next,280,0.6607142857142857,0.6034144533810794,0.6607142857142857,-0.03166892469736383,184,0.6467391304347826,-0.04570696700851413
GC,870,prev,1.0,fade,0.5,eod,288,0.1076388888888889,0.07687252099852268,0.46875,-0.07613023740473225,186,0.12365591397849462,-0.018519152415583873
GC,870,prev,1.0,fade,0.5,next,280,0.6392857142857142,0.5815028274886018,0.6464285714285715,-0.03094269967079068,184,0.5815217391304348,-0.09879115087107893
GC,870,prev,1.0,fade,1.0,eod,288,0.017361111111111112,0.007437740417789013,0.46875,-0.044787987077294505,186,0.010752688172043012,-0.02759855259934249
GC,870,prev,1.0,fade,1.0,next,280,0.3892857142857143,0.3340397834535933,0.5535714285714286,-0.035855879725773865,184,0.4076086956521739,-0.07462217339934984
GC,870,prev,1.0,follow,0.1,eod,288,0.5555555555555556,0.4978090561601626,0.5763888888888888,-0.1591185377562389,186,0.5860215053763441,-0.07077256861551652
GC,870,prev,1.0,follow,0.1,next,280,0.5964285714285714,0.5380320398766418,0.5964285714285714,-0.16206252997866305,184,0.6413043478260869,-0.06747733593999063
GC,870,prev,1.0,follow,0.2,eod,288,0.4305555555555556,0.37465258652921607,0.5451388888888888,-0.06850997155386901,186,0.4032258064516129,-0.007997281458160074
GC,870,prev,1.0,follow,0.2,next,280,0.6392857142857142,0.5815028274886018,0.6392857142857142,-0.06858207664599057,184,0.6793478260869565,0.003767981965050151
GC,870,prev,1.0,follow,0.3,eod,288,0.3194444444444444,0.2682735361956833,0.5208333333333334,-0.006985079292100713,186,0.23118279569892472,-0.02077416273797567
GC,870,prev,1.0,follow,0.3,next,280,0.6571428571428571,0.5997540600715685,0.6571428571428571,-0.03183881169400395,184,0.6467391304347826,-0.03945635900661833
GC,870,prev,1.0,follow,0.5,eod,288,0.19444444444444445,0.15288123551422778,0.4756944444444444,0.0005008851718031677,186,0.10752688172043011,0.007854593785029883
GC,870,prev,1.0,follow,0.5,next,280,0.6464285714285715,0.5887932683106276,0.6714285714285714,0.03414254023099264,184,0.6467391304347826,-0.005238996792239275
GC,870,prev,1.0,follow,1.0,eod,288,0.052083333333333336,0.03181368244310767,0.4618055555555556,0.005566581844856299,186,0.016129032258064516,0.00678264478490142
GC,870,prev,1.0,follow,1.0,next,280,0.44285714285714284,0.3858379564239284,0.55,0.027553291128752423,184,0.5054347826086957,0.06753040848510189
GC,870,prev,1.5,fade,0.1,eod,82,0.6341463414634146,0.5260706597602314,0.6341463414634146,-0.09805743480416962,49,0.5306122448979592,-0.21219192361742817
GC,870,prev,1.5,fade,0.1,next,81,0.6296296296296297,0.5208353214633141,0.6296296296296297,-0.10908090189877712,49,0.5510204081632653,-0.20653222193988266
GC,870,prev,1.5,fade,0.2,eod,82,0.5121951219512195,0.40590584856555767,0.5609756097560976,-0.10956340019515545,49,0.5306122448979592,-0.022999601991295218
GC,870,prev,1.5,fade,0.2,next,81,0.6296296296296297,0.5208353214633141,0.6296296296296297,-0.10668671520410226,49,0.6938775510204082,0.026608265787932572
GC,870,prev,1.5,fade,0.3,eod,82,0.4024390243902439,0.30297275905176574,0.5487804878048781,-0.025404235576240827,49,0.3673469387755102,-0.04908598807212025
GC,870,prev,1.5,fade,0.3,next,81,0.7160493827160493,0.6098194243380317,0.7160493827160493,0.038480984789178795,49,0.6938775510204082,0.006257241890709705
GC,870,prev,1.5,fade,0.5,eod,82,0.1951219512195122,0.12382792433083327,0.4634146341463415,-0.05647296696420387,49,0.22448979591836735,-0.02708533596365436
GC,870,prev,1.5,fade,0.5,next,81,0.6419753086419753,0.53332859558884,0.6419753086419753,-0.03565400832893919,49,0.5918367346938775,-0.14034015308864228
GC,870,prev,1.5,fade,1.0,eod,82,0.036585365853658534,0.012519346180045791,0.47560975609756095,-0.02469522269013847,49,0.02040816326530612,-0.04148294295662553
GC,870,prev,1.5,fade,1.0,next,81,0.4074074074074074,0.30696108658374566,0.5185185185185185,-0.08281150898583803,49,0.3469387755102041,-0.2336381304427499
GC,870,prev,1.5,follow,0.1,eod,82,0.4878048780487805,0.3826071216079986,0.5,-0.273348437987802,49,0.6122448979591837,-0.10585395734466023
GC,870,prev,1.5,follow,0.1,next,81,0.5185185185185185,0.4113545922111773,0.5185185185185185,-0.28749818473630895,49,0.6326530612244898,-0.08234885165738912
GC,870,prev,1.5,follow,0.2,eod,82,0.47560975609756095,0.37104798284402096,0.5487804878048781,-0.057919121824121546,49,0.5102040816326531,-0.027880068461464968
GC,870,prev,1.5,follow,0.2,next,81,0.6172839506172839,0.508410467539316,0.6172839506172839,-0.10351708827443325,49,0.673469387755102,-0.0036638654757611185
GC,870,prev,1.5,follow,0.3,eod,82,0.3902439024390244,0.2918451685297083,0.5121951219512195,-0.013592832473244672,49,0.30612244897959184,-0.027310223794346788
GC,870,prev,1.5,follow,0.3,next,81,0.6172839506172839,0.508410467539316,0.6172839506172839,-0.09209043685911932,49,0.7142857142857143,0.062252950803906096
GC,870,prev,1.5,follow,0.5,eod,82,0.21951219512195122,0.14360671297875127,0.4634146341463415,-0.02502448341913849,49,0.1836734693877551,0.027812209546211695
GC,870,prev,1.5,follow,0.5,next,81,0.6296296296296297,0.5208353214633141,0.654320987654321,-0.011342889660748472,49,0.7755102040816326,0.17574005485008434
GC,870,prev,1.5,follow,1.0,eod,82,0.07317073170731707,0.03396431451476119,0.4268292682926829,-0.01063834935769625,49,0.04081632653061224,0.016518450553953574
GC,870,prev,1.5,follow,1.0,next,81,0.5061728395061729,0.3995059708753621,0.6419753086419753,0.11093613593733241,49,0.673469387755102,0.23564472019148552
GC,930,open,0.25,fade,0.1,eod,1184,0.3902027027027027,0.36281499975164516,0.47550675675675674,-0.1684821396551065,704,0.3693181818181818,-0.10835053953153917
GC,930,open,0.25,fade,0.1,next,1162,0.6075731497418244,0.5791869673743958,0.6075731497418244,-0.16241572863221612,677,0.6528803545051699,-0.05053106329379451
GC,930,open,0.25,fade,0.2,eod,1184,0.17060810810810811,0.1502546335105042,0.42567567567567566,-0.08253963404013884,704,0.13494318181818182,-0.07901477645654192
GC,930,open,0.25,fade,0.2,next,1162,0.6514629948364888,0.623606310379561,0.6514629948364888,-0.0571114617088167,677,0.6425406203840472,-0.06144044322621955
GC,930,open,0.25,fade,0.3,eod,1184,0.07179054054054054,0.058429987761097174,0.40878378378378377,-0.0608605163268285,704,0.0625,-0.05347702682860703
GC,930,open,0.25,fade,0.3,next,1162,0.6669535283993115,0.6393434894642993,0.6669535283993115,-0.021316131620870146,677,0.6617429837518464,-0.021999853865086738
GC,930,open,0.25,fade,0.5,eod,1184,0.02195945945945946,0.01502906558513464,0.40878378378378377,-0.032713684248757535,704,0.02130681818181818,-0.03044748355295117
GC,930,open,0.25,fade,0.5,next,1145,0.6279475982532751,0.5995659701759406,0.6462882096069869,-0.016261405963273107,674,0.6454005934718101,0.0036867976435851118
GC,930,open,0.25,fade,1.0,eod,1184,0.0016891891891891893,0.00046334919287393953,0.4079391891891892,-0.016831320159791066,704,0.0014204545454545455,-0.014329862898741262
GC,930,open,0.25,fade,1.0,next,1000,0.387,0.35729863821178737,0.558,-0.008129803794689494,591,0.38917089678510997,-0.022471332298759653
GC,930,open,0.25,follow,0.1,eod,1184,0.39780405405405406,0.37029830269506564,0.4856418918918919,-0.16028042586268373,704,0.39204545454545453,-0.03771038598381315
GC,930,open,0.25,follow,0.1,next,1162,0.5929432013769363,0.5644338991511152,0.5929432013769363,-0.1684421913032937,677,0.6661742983751846,-0.0354623002262499
GC,930,open,0.25,follow,0.2,eod,1184,0.16891891891891891,0.14865502930556218,0.44341216216216217,-0.07017255093787311,704,0.15625,-0.02121599208193111
GC,930,open,0.25,follow,0.2,next,1162,0.6480206540447504,0.6201135012441708,0.6480206540447504,-0.05975873191935652,677,0.6602658788774003,-0.02616778313088175
GC,930,open,0.25,follow,0.3,eod,1184,0.08023648648648649,0.06608549546005096,0.4341216216216216,-0.0466846315690271,704,0.08522727272727272,-0.011335772263687175
GC,930,open,0.25,follow,0.3,next,1162,0.6566265060240963,0.6288484633461294,0.6566265060240963,-0.036121471869913796,677,0.6750369276218612,0.00367199364327432
GC,930,open,0.25,follow,0.5,eod,1184,0.021114864864864864,0.014342306228469619,0.42905405405405406,-0.02749892431813265,704,0.02130681818181818,-0.006418758646674544
GC,930,open,0.25,follow,0.5,next,1152,0.6232638888888888,0.5949153742495155,0.6423611111111112,-0.009843257796532731,668,0.6047904191616766,-0.033810455485092865
GC,930,open,0.25,follow,1.0,eod,1184,0.0016891891891891893,0.00046334919287393953,0.4282094594594595,-0.013654362505677992,704,0.002840909090909091,-0.002325113166336729
GC,930,open,0.25,follow,1.0,next,995,0.40603015075376886,0.375933683397937,0.5256281407035176,0.0008343870870483879,585,0.40512820512820513,-0.009564869651401473
GC,930,open,0.5,fade,0.1,eod,484,0.4462809917355372,0.4025890882412707,0.5103305785123967,-0.18041275409127283,278,0.4136690647482014,-0.12984001047130958
GC,930,open,0.5,fade,0.1,next,480,0.5916666666666667,0.5471351933476405,0.5916666666666667,-0.18122387728909742,268,0.6567164179104478,-0.045039030437471816
GC,930,open,0.5,fade,0.2,eod,484,0.23553719008264462,0.1999070394079825,0.45454545454545453,-0.09218454849662684,278,0.18705035971223022,-0.10843520101932362
GC,930,open,0.5,fade,0.2,next,480,0.6666666666666666,0.623317798079153,0.6666666666666666,-0.029846772163547402,268,0.6044776119402985,-0.11668922984075641
GC,930,open,0.5,fade,0.3,eod,484,0.1115702479338843,0.08652361348052248,0.4256198347107438,-0.07411466332487854,278,0.10431654676258993,-0.07046396517062026
GC,930,open,0.5,fade,0.3,next,480,0.6666666666666666,0.623317798079153,0.6666666666666666,-0.023237375260966787,268,0.6194029850746269,-0.0849477667202449
GC,930,open,0.5,fade,0.5,eod,484,0.03512396694214876,0.022043262141244992,0.4256198347107438,-0.038601137000493765,278,0.039568345323741004,-0.03702427364415641
GC,930,open,0.5,fade,0.5,next,480,0.63125,0.5872049046869348,0.6479166666666667,-0.021944138245950477,268,0.6231343283582089,-0.04422519768270747
GC,930,open,0.5,fade,1.0,eod,484,0.004132231404958678,0.001133915554679274,0.42355371900826444,-0.019855229507695422,278,0.0035971223021582736,-0.01744934448980328
GC,930,open,0.5,fade,1.0,next,465,0.4150537634408602,0.3711424872972805,0.5591397849462365,-0.007657087798041581,260,0.39615384615384613,-0.06456788499900257
GC,930,open,0.5,follow,0.1,eod,484,0.45867768595041325,0.4147839570108143,0.5227272727272727,-0.1602530983972163,278,0.49640287769784175,0.0009329497163850454
GC,930,open,0.5,follow,0.1,next,480,0.5854166666666667,0.5408354203578385,0.5854166666666667,-0.17774038436830086,268,0.6716417910447762,-0.02445519607559943
GC,930,open,0.5,follow,0.2,eod,484,0.24173553719008264,0.20572244799701173,0.4834710743801653,-0.05386458645570876,278,0.22302158273381295,-0.011218147001410758
GC,930,open,0.5,follow,0.2,next,480,0.6270833333333333,0.5829728535167075,0.6270833333333333,-0.0993633481761464,268,0.6604477611940298,-0.02391839586662995
GC,930,open,0.5,follow,0.3,eod,484,0.13636363636363635,0.10863973331228892,0.4669421487603306,-0.034856745263506336,278,0.1366906474820144,-0.002824681236807531
GC,930,open,0.5,follow,0.3,next,480,0.6375,0.5935593891591116,0.6375,-0.07304173214069125,268,0.7126865671641791,0.06014471012473964
GC,930,open,0.5,follow,0.5,eod,484,0.0371900826446281,0.023651695762145864,0.45867768595041325,-0.021963171310562718,278,0.03597122302158273,7.67301953406514e-05
GC,930,open,0.5,follow,0.5,next,480,0.65,0.6062917375571653,0.6645833333333333,0.0046657464364493915,268,0.6753731343283582,0.046502713010047395
GC,930,open,0.5,follow,1.0,eod,484,0.004132231404958678,0.001133915554679274,0.45661157024793386,-0.010956198222946854,278,0.0035971223021582736,0.0008374259659047215
GC,930,open,0.5,follow,1.0,next,467,0.44325481798715205,0.3988436001580437,0.5546038543897216,0.02176273605115781,262,0.4847328244274809,0.05892383629094002
GC,930,open,0.75,fade,0.1,eod,205,0.526829268292683,0.4586179269739873,0.5609756097560976,-0.1459340199232896,112,0.42857142857142855,-0.18115798819803144
GC,930,open,0.75,fade,0.1,next,204,0.6274509803921569,0.5593218829253644,0.6274509803921569,-0.11470743059744652,110,0.6181818181818182,-0.10279070993965454
GC,930,open,0.75,fade,0.2,eod,205,0.3121951219512195,0.25270662187399695,0.5024390243902439,-0.07204892320743694,112,0.26785714285714285,-0.10685744153802944
GC,930,open,0.75,fade,0.2,next,204,0.7058823529411765,0.6400137272462614,0.7058823529411765,0.0342374613695917,110,0.6272727272727273,-0.07925726901928026
GC,930,open,0.75,fade,0.3,eod,205,0.16097560975609757,0.11697905254304289,0.45365853658536587,-0.06605066514446112,112,0.16964285714285715,-0.0751851118446295
GC,930,open,0.75,fade,0.3,next,204,0.6715686274509803,0.604469293038833,0.6715686274509803,-0.019361005846815785,110,0.6181818181818182,-0.08555113783499013
GC,930,open,0.75,fade,0.5,eod,205,0.04878048780487805,0.02670908340599352,0.45365853658536587,-0.03303131410682793,112,0.07142857142857142,-0.035540168943272096
GC,930,open,0.75,fade,0.5,next,204,0.6519607843137255,0.5843300005781956,0.6715686274509803,0.005866079680539522,110,0.6181818181818182,-0.05757806560625782
GC,930,open,0.75,fade,1.0,eod,205,0.0,0.0,0.44878048780487806,-0.019486834212840292,112,0.008928571428571428,-0.015502284797455133
GC,930,open,0.75,fade,1.0,next,202,0.4207920792079208,0.35481056443973846,0.5594059405940595,-0.004884447103870992,110,0.4090909090909091,-0.08056924796123577
GC,930,open,0.75,follow,0.1,eod,205,0.4682926829268293,0.4011961903382818,0.5170731707317073,-0.20921298916975656,112,0.5625,0.02237522300054512
GC,930,open,0.75,follow,0.1,next,204,0.5490196078431373,0.4804583078596848,0.5490196078431373,-0.23272533224134107,110,0.6727272727272727,-0.018742412278753912
GC,930,open,0.75,follow,0.2,eod,205,0.2926829268292683,0.23466907483415692,0.4975609756097561,-0.06961369703813482,112,0.26785714285714285,-0.014327074509418508
GC,930,open,0.75,follow,0.2,next,204,0.6029411764705882,0.5344908957977034,0.6029411764705882,-0.12534434385062881,110,0.6181818181818182,-0.08792247240164645
GC,930,open,0.75,follow,0.3,eod,205,0.17560975609756097,0.12962841826273772,0.47804878048780486,-0.04512258388925052,112,0.16071428571428573,-0.015766717730477362
GC,930,open,0.75,follow,0.3,next,204,0.6372549019607843,0.5693034737784803,0.6372549019607843,-0.06109432143261508,110,0.6909090909090909,0.026958756414141572
GC,930,open,0.75,follow,0.5,eod,205,0.05365853658536585,0.03022264833885143,0.4682926829268293,-0.023414938464466507,112,0.07142857142857142,-0.008100397031825005
GC,930,open,0.75,follow,0.5,next,204,0.6764705882352942,0.6095231861874817,0.6862745098039216,0.04454197533321219,110,0.6909090909090909,0.07071610939741639
GC,930,open,0.75,follow,1.0,eod,205,0.004878048780487805,0.0008615928370303422,0.4682926829268293,-0.010078063504358454,112,0.008928571428571428,-0.0014023225822299343
GC,930,open,0.75,follow,1.0,next,203,0.458128078817734,0.39099987112289036,0.5615763546798029,0.028821693020937757,110,0.5545454545454546,0.09462550181698968
GC,930,open,1.0,fade,0.1,eod,92,0.5760869565217391,0.47405256502938276,0.5978260869565217,-0.11901841531968356,48,0.5416666666666666,-0.08531712719382493
GC,930,open,1.0,fade,0.1,next,92,0.6195652173913043,0.5174554355531166,0.6195652173913043,-0.12641635325721007,47,0.7021276595744681,0.027309887893491036
GC,930,open,1.0,fade,0.2,eod,92,0.41304347826086957,0.31788936478397756,0.532608695652174,-0.06937201227127533,48,0.3541666666666667,-0.05598779549120111
GC,930,open,1.0,fade,0.2,next,92,0.6630434782608695,0.5616510724230352,0.6630434782608695,-0.031005460486935442,47,0.6382978723404256,-0.06901034161668103
GC,930,open,1.0,fade,0.3,eod,92,0.22826086956521738,0.1544207850299761,0.42391304347826086,-0.11263847926630408,48,0.1875,-0.047645138537196936
GC,930,open,1.0,fade,0.3,next,92,0.6304347826086957,0.5284279942763104,0.6304347826086957,-0.08027582574162921,47,0.6170212765957447,-0.09097876001731887
GC,930,open,1.0,fade,0.5,eod,92,0.06521739130434782,0.03022979137398394,0.42391304347826086,-0.059991252772784415,48,0.10416666666666667,-0.01098327717578716
GC,930,open,1.0,fade,0.5,next,92,0.6413043478260869,0.5394508158914832,0.6521739130434783,-0.028781385558924472,47,0.6808510638297872,0.043840542819130864
GC,930,open,1.0,fade,1.0,eod,92,0.0,-3.469446951953614e-18,0.41304347826086957,-0.03556553189593542,48,0.020833333333333332,0.0034231997952397114
GC,930,open,1.0,fade,1.0,next,92,0.40217391304347827,0.3078479905397603,0.5108695652173914,-0.06429134712286126,47,0.3617021276595745,-0.1762492146904413
GC,930,open,1.0,follow,0.1,eod,92,0.5,0.39989654939501507,0.5217391304347826,-0.2148773459368973,48,0.5416666666666666,-0.0563192402381947
GC,930,open,1.0,follow,0.1,next,92,0.5543478260869565,0.45263522635441744,0.5543478260869565,-0.2225019354783175,47,0.574468085106383,-0.17013868996587883
GC,930,open,1.0,follow,0.2,eod,92,0.391304347826087,0.2978546577810812,0.5108695652173914,-0.06604793382632039,48,0.3333333333333333,-0.022047130881247785
GC,930,open,1.0,follow,0.2,next,92,0.6413043478260869,0.5394508158914832,0.6413043478260869,-0.062447150861582104,47,0.5531914893617021,-0.18731966966875038
GC,930,open,1.0,follow,0.3,eod,92,0.2608695652173913,0.18202097082654678,0.5,-0.03460112179644326,48,0.1875,-0.04834029882736782
GC,930,open,1.0,follow,0.3,next,92,0.6630434782608695,0.5616510724230352,0.6630434782608695,-0.021494811241085716,47,0.6808510638297872,0.011079960155991643
GC,930,open,1.0,follow,0.5,eod,92,0.10869565217391304,0.060120875898424256,0.5108695652173914,0.00555212378557769,48,0.10416666666666667,-0.04019958733430759
GC,930,open,1.0,follow,0.5,next,92,0.75,0.6527099456658312,0.7717391304347826,0.16183574064535133,47,0.7446808510638298,0.13382761465425763
GC,930,open,1.0,follow,1.0,eod,92,0.010869565217391304,0.0019212795763616508,0.5108695652173914,0.0067077983613047015,48,0.020833333333333332,-0.019956871007872582
GC,930,open,1.0,follow,1.0,next,92,0.5543478260869565,0.45263522635441744,0.6630434782608695,0.11456550033651061,47,0.5957446808510638,0.07498620184466956
GC,930,prev,0.25,fade,0.1,eod,1703,0.3857897827363476,0.3629517153876868,0.4891368173810922,-0.13272473263556325,1009,0.33201189296333,-0.11786219864238497
GC,930,prev,0.25,fade,0.1,next,1662,0.6233453670276775,0.5997903141601179,0.6233453670276775,-0.13092180686156935,972,0.6286008230452675,-0.09328030986972297
GC,930,prev,0.25,fade,0.2,eod,1703,0.15736934820904286,0.14084750652772965,0.4374633000587199,-0.06635317553581595,1009,0.11892963330029732,-0.07741609809596077
GC,930,prev,0.25,fade,0.2,next,1662,0.6582430806257521,0.6350985208754939,0.6582430806257521,-0.04763954278185482,972,0.6296296296296297,-0.08155595060856569
GC,930,prev,0.25,fade,0.3,eod,1703,0.05813270698766882,0.04798169820593,0.42454492072812683,-0.04920697846748728,1009,0.05054509415262636,-0.0537172246236528
GC,930,prev,0.25,fade,0.3,next,1662,0.6516245487364621,0.6283919156873456,0.6522262334536703,-0.045723502862696344,972,0.6368312757201646,-0.057321489384576846
GC,930,prev,0.25,fade,0.5,eod,1703,0.015267175572519083,0.010439756053022203,0.42395772166764534,-0.02751746387060406,1009,0.013875123885034688,-0.032294288478777425
GC,930,prev,0.25,fade,0.5,next,1642,0.6120584652862363,0.5882535464193545,0.6321559074299634,-0.029277030922288984,958,0.6106471816283925,-0.04138388806180035
GC,930,prev,0.25,fade,1.0,eod,1703,0.0005871990604815032,0.00010365990755754331,0.42337052260716385,-0.014426797220142305,1009,0.0009910802775024777,-0.015529306706620387
GC,930,prev,0.25,fade,1.0,next,1368,0.3888888888888889,0.36340069977777145,0.554093567251462,-0.006813121280434662,803,0.3586550435865504,-0.05579888810751069
GC,930,prev,0.25,follow,0.1,eod,1703,0.3499706400469759,0.3276780228459513,0.45625366999412803,-0.19012663736468846,1009,0.36372646184340934,-0.041457365012268745
GC,930,prev,0.25,follow,0.1,next,1662,0.5836341756919374,0.559767858166665,0.5836341756919374,-0.1839921082328596,972,0.661522633744856,-0.045086470999994396
GC,930,prev,0.25,follow,0.2,eod,1703,0.13916617733411626,0.12353775269997522,0.4192601291837933,-0.08311728077689237,1009,0.1278493557978196,-0.011156467888338982
GC,930,prev,0.25,follow,0.2,next,1662,0.6600481347773767,0.6369284453096301,0.6600481347773767,-0.04432966046669831,972,0.6625514403292181,-0.02779471201026895
GC,930,prev,0.25,follow,0.3,eod,1703,0.06283029947152084,0.05226020519179764,0.41162654139753374,-0.05468614491157788,1009,0.06045589692765114,-0.005675903715175185
GC,930,prev,0.25,follow,0.3,next,1662,0.6642599277978339,0.6411996987873363,0.6642599277978339,-0.02291708190509513,972,0.6810699588477366,0.007896296573687796
GC,930,prev,0.25,follow,0.5,eod,1703,0.015267175572519083,0.010439756053022203,0.40810334703464474,-0.03181762579934994,1009,0.018830525272547076,-0.002168784203206098
GC,930,prev,0.25,follow,0.5,next,1628,0.6234643734643734,0.5996633684187594,0.6437346437346437,-0.00018018609165368997,957,0.6405433646812957,0.012714802606619214
GC,930,prev,0.25,follow,1.0,eod,1703,0.0017615971814445098,0.0005992680251977402,0.40751614797416325,-0.01566832699723712,1009,0.0019821605550049554,-0.001165752527582596
GC,930,prev,0.25,follow,1.0,next,1342,0.39344262295081966,0.36764529663626866,0.5305514157973175,-0.002184189646464462,801,0.43820224719101125,0.025470121895417253
GC,930,prev,0.5,fade,0.1,eod,1002,0.42714570858283435,0.3968522754192194,0.5089820359281437,-0.12357548793439734,622,0.3553054662379421,-0.1336679804779696
GC,930,prev,0.5,fade,0.1,next,977,0.6356192425793245,0.6049649204212334,0.6356192425793245,-0.1074058213606837,605,0.628099173553719,-0.09552974705993642
GC,930,prev,0.5,fade,0.2,eod,1002,0.18662674650698602,0.16371572895813777,0.4431137724550898,-0.07087131852970326,622,0.12218649517684887,-0.10380733329640544
GC,930,prev,0.5,fade,0.2,next,977,0.6622313203684749,0.6319904992181242,0.6622313203684749,-0.04189946072311468,605,0.6264462809917355,-0.08867902211514261
GC,930,prev,0.5,fade,0.3,eod,1002,0.07684630738522955,0.061922926975126136,0.4251497005988024,-0.055265618208345614,622,0.0594855305466238,-0.0717615727202276
GC,930,prev,0.5,fade,0.3,next,977,0.6591606960081884,0.628866949252781,0.6591606960081884,-0.03268630338573756,605,0.6297520661157024,-0.06943238150996156
GC,930,prev,0.5,fade,0.5,eod,1002,0.021956087824351298,0.014543424207685148,0.4241516966067864,-0.029650415994662206,622,0.01929260450160772,-0.04259041350750884
GC,930,prev,0.5,fade,0.5,next,976,0.6290983606557377,0.598342059333687,0.6444672131147541,-0.008596748623619175,605,0.5983471074380166,-0.07322894224393336
GC,930,prev,0.5,fade,1.0,eod,1002,0.000998003992015968,0.00017618940669051437,0.4231536926147705,-0.015473861126363852,622,0.001607717041800643,-0.02055968169127663
GC,930,prev,0.5,fade,1.0,next,918,0.3877995642701525,0.35680948117742023,0.5522875816993464,0.0006356821055263586,568,0.352112676056338,-0.07525575599033976
GC,930,prev,0.5,follow,0.1,eod,1002,0.3772455089820359,0.3477561976540369,0.47305389221556887,-0.19780009131128615,622,0.4003215434083601,-0.0095386701354545
GC,930,prev,0.5,follow,0.1,next,977,0.5762538382804504,0.5450282584793864,0.5762538382804504,-0.1950260811454362,605,0.6644628099173554,-0.03672796870209252
GC,930,prev,0.5,follow,0.2,eod,1002,0.1686626746506986,0.146752184624167,0.4341317365269461,-0.0832100150452707,622,0.1527331189710611,0.00989062313418409
GC,930,prev,0.5,follow,0.2,next,977,0.6519959058341863,0.6215840134300707,0.6519959058341863,-0.05413818409458498,605,0.6644628099173554,-0.02029890499032039
GC,930,prev,0.5,follow,0.3,eod,1002,0.08283433133732535,0.06731911138333241,0.4251497005988024,-0.054138943412611634,622,0.08038585209003216,0.009797622200689514
GC,930,prev,0.5,follow,0.3,next,977,0.6632548618219037,0.6330319905412118,0.6632548618219037,-0.023524174361158768,605,0.7057851239669422,0.04825988032081307
GC,930,prev,0.5,follow,0.5,eod,1002,0.022954091816367265,0.015343382025399015,0.42015968063872255,-0.030559025460201193,622,0.028938906752411574,0.00787747351701256
GC,930,prev,0.5,follow,0.5,next,977,0.6305015353121801,0.5997791933495863,0.654042988741044,0.012062791916230083,605,0.6611570247933884,0.042861368722292986
GC,930,prev,0.5,follow,1.0,eod,1002,0.001996007984031936,0.0005475366866563528,0.41916167664670656,-0.015165551758410513,622,0.003215434083601286,0.0036535558788749574
GC,930,prev,0.5,follow,1.0,next,910,0.38571428571428573,0.35463094010796625,0.5318681318681319,0.0018910376029659174,565,0.4654867256637168,0.059786714693070085
GC,930,prev,0.75,fade,0.1,eod,567,0.4514991181657848,0.41100022664909847,0.5149911816578483,-0.13908183596985,359,0.37047353760445684,-0.13309772351154342
GC,930,prev,0.75,fade,0.1,next,555,0.6306306306306306,0.5897069407799266,0.6306306306306306,-0.10792561028297089,353,0.6345609065155807,-0.07936957049903222
GC,930,prev,0.75,fade,0.2,eod,567,0.2257495590828924,0.19324885272322967,0.4444444444444444,-0.07426994290906151,359,0.13649025069637882,-0.11500145434569568
GC,930,prev,0.75,fade,0.2,next,555,0.6720720720720721,0.6319480150470279,0.6720720720720721,-0.024256325092833483,353,0.6288951841359773,-0.07244618541373885
GC,930,prev,0.75,fade,0.3,eod,567,0.09523809523809523,0.07372766362860114,0.41975308641975306,-0.060321543562518676,359,0.06128133704735376,-0.08422890297043863
GC,930,prev,0.75,fade,0.3,next,555,0.6720720720720721,0.6319480150470279,0.6720720720720721,-0.013752074242054881,353,0.6317280453257791,-0.06015397696909587
GC,930,prev,0.75,fade,0.5,eod,567,0.029982363315696647,0.018802219708234313,0.41798941798941797,-0.03151595600346933,359,0.019498607242339833,-0.05036376244548173
GC,930,prev,0.75,fade,0.5,next,555,0.6414414414414414,0.6006950690592114,0.6558558558558558,0.005004685854328823,353,0.5892351274787535,-0.0811067890784597
GC,930,prev,0.75,fade,1.0,eod,567,0.001763668430335097,0.0003113906449599708,0.41622574955908287,-0.016715572251255768,359,0.0,-0.02435353290618645
GC,930,prev,0.75,fade,1.0,next,550,0.38545454545454544,0.34570658693458983,0.5545454545454546,-0.009166695358895607,349,0.3553008595988539,-0.08621444916596807
GC,930,prev,0.75,follow,0.1,eod,567,0.42151675485008816,0.38153252296745377,0.4973544973544973,-0.18648650653439344,359,0.4428969359331476,0.005600833686747504
GC,930,prev,0.75,follow,0.1,next,555,0.5657657657657658,0.5242158988787657,0.5657657657657658,-0.2088137489230849,353,0.6742209631728046,-0.02153294201543839
GC,930,prev,0.75,follow,0.2,eod,567,0.19929453262786595,0.16848532420236978,0.4514991181657848,-0.07802403601948621,359,0.17827298050139276,0.01676136530861037
GC,930,prev,0.75,follow,0.2,next,555,0.6144144144144145,0.5732647346196043,0.6144144144144145,-0.10635172734812648,353,0.6543909348441926,-0.03513489264919959
GC,930,prev,0.75,follow,0.3,eod,567,0.09876543209876543,0.0768422970029523,0.43915343915343913,-0.05223850454871586,359,0.10027855153203342,0.015708955159989144
GC,930,prev,0.75,follow,0.3,next,555,0.6396396396396397,0.5988622123063652,0.6396396396396397,-0.054188982103500656,353,0.71671388101983,0.062524147820808
GC,930,prev,0.75,follow,0.5,eod,567,0.02821869488536155,0.017442833935481274,0.43209876543209874,-0.028641211193357805,359,0.036211699164345405,0.014769612219839988
GC,930,prev,0.75,follow,0.5,next,555,0.6324324324324324,0.5915367997552178,0.654054054054054,0.01965154289171214,353,0.6827195467422096,0.06992170495470211
GC,930,prev,0.75,follow,1.0,eod,567,0.001763668430335097,0.0003113906449599708,0.43033509700176364,-0.014412382072655432,359,0.002785515320334262,0.008359522743382693
GC,930,prev,0.75,follow,1.0,next,548,0.41058394160583944,0.3701566320454264,0.5456204379562044,0.014467346326875508,348,0.48563218390804597,0.09482207394744933
GC,930,prev,1.0,fade,0.1,eod,303,0.46534653465346537,0.40996724289018105,0.49174917491749176,-0.1778253751404245,210,0.3952380952380952,-0.15746276989051144
GC,930,prev,1.0,fade,0.1,next,295,0.6067796610169491,0.5500079521138971,0.6067796610169491,-0.1436257420281021,208,0.6057692307692307,-0.12038831303706052
GC,930,prev,1.0,fade,0.2,eod,303,0.24422442244224424,0.19924839608564676,0.41914191419141916,-0.10345395285156432,210,0.1380952380952381,-0.14084282222365038
GC,930,prev,1.0,fade,0.2,next,295,0.6779661016949152,0.6226516170962652,0.6779661016949152,-0.016564569935335286,208,0.6346153846153846,-0.06480846455047083
GC,930,prev,1.0,fade,0.3,eod,303,0.11221122112211221,0.08141807155227959,0.38283828382838286,-0.08874422840637586,210,0.05714285714285714,-0.10243545050808726
GC,930,prev,1.0,fade,0.3,next,295,0.6644067796610169,0.6087140040948107,0.6644067796610169,-0.029261596588841598,208,0.6394230769230769,-0.05027900827341047
GC,930,prev,1.0,fade,0.5,eod,303,0.039603960396039604,0.02279765941481231,0.38283828382838286,-0.046301361150244115,210,0.01904761904761905,-0.059043665361956904
GC,930,prev,1.0,fade,0.5,next,295,0.6610169491525424,0.605237275899978,0.6711864406779661,0.008365695268424239,208,0.6057692307692307,-0.07678433092826051
GC,930,prev,1.0,fade,1.0,eod,303,0.0033003300330033004,0.0005828120523523866,0.3795379537953795,-0.024015663116986125,210,0.0,-0.028288087251430644
GC,930,prev,1.0,fade,1.0,next,295,0.3898305084745763,0.33593196651813595,0.5559322033898305,-0.009165138476827596,208,0.36538461538461536,-0.10440389965885646
GC,930,prev,1.0,follow,0.1,eod,303,0.46864686468646866,0.41320213154816143,0.5412541254125413,-0.13959208779338644,210,0.46190476190476193,0.014614812739872324
GC,930,prev,1.0,follow,0.1,next,295,0.5932203389830508,0.5363132104483422,0.5932203389830508,-0.16547970523338187,208,0.6730769230769231,-0.027229202140913813
GC,930,prev,1.0,follow,0.2,eod,303,0.24092409240924093,0.19620789503178349,0.5016501650165016,-0.04862224038786949,210,0.22857142857142856,0.03668684300559886
GC,930,prev,1.0,follow,0.2,next,295,0.6271186440677966,0.5706330328721856,0.6271186440677966,-0.08792235452425755,208,0.6586538461538461,-0.030578912821238403
GC,930,prev,1.0,follow,0.3,eod,303,0.14521452145214522,0.10998546906612633,0.49504950495049505,-0.029015040629462887,210,0.13333333333333333,0.03218837751854771
GC,930,prev,1.0,follow,0.3,next,295,0.6203389830508474,0.5637468034648566,0.6203389830508474,-0.08362825294756474,208,0.7067307692307693,0.05106601238863639
GC,930,prev,1.0,follow,0.5,eod,303,0.039603960396039604,0.02279765941481231,0.48514851485148514,-0.014873511862819756,210,0.047619047619047616,0.025314313853470917
GC,930,prev,1.0,follow,0.5,next,295,0.6440677966101694,0.5878985855928527,0.6576271186440678,0.01720385545199926,208,0.6875,0.06823120544444845
GC,930,prev,1.0,follow,1.0,eod,303,0.0033003300330033004,0.0005828120523523866,0.48184818481848185,-0.007593385427221126,210,0.004761904761904762,0.012535702323744851
GC,930,prev,1.0,follow,1.0,next,295,0.44745762711864406,0.39175300685902514,0.5491525423728814,0.03494047148894715,208,0.5240384615384616,0.12061163710588595
GC,930,prev,1.5,fade,0.1,eod,94,0.48936170212765956,0.39072589513953443,0.5106382978723404,-0.23039177541427278,54,0.42592592592592593,-0.2664108892439327
GC,930,prev,1.5,fade,0.1,next,93,0.5483870967741935,0.44733119871635174,0.5483870967741935,-0.23675459822550285,53,0.5283018867924528,-0.24310878197826835
GC,930,prev,1.5,fade,0.2,eod,94,0.32978723404255317,0.24307351447114595,0.4148936170212766,-0.16012771689730487,54,0.14814814814814814,-0.21998153796479258
GC,930,prev,1.5,fade,0.2,next,93,0.6774193548387096,0.5770106827427646,0.6774193548387096,-0.013262090439861483,53,0.5471698113207547,-0.1958407342633084
GC,930,prev,1.5,fade,0.3,eod,94,0.20212765957446807,0.13339378292301518,0.3723404255319149,-0.11622604275474233,54,0.07407407407407407,-0.1708671348754344
GC,930,prev,1.5,fade,0.3,next,93,0.6989247311827957,0.5993288866220661,0.6989247311827957,0.018667799842414397,53,0.6037735849056604,-0.10446950798953382
GC,930,prev,1.5,fade,0.5,eod,94,0.0851063829787234,0.04375496466822986,0.3723404255319149,-0.05975311594390469,54,0.018518518518518517,-0.10774164607974052
GC,930,prev,1.5,fade,0.5,next,93,0.6559139784946236,0.5549073090695003,0.6559139784946236,-0.017515321950677835,53,0.6226415094339622,-0.09515734534736497
GC,930,prev,1.5,fade,1.0,eod,94,0.010638297872340425,0.001880347339052478,0.3617021276595745,-0.032634226221516335,54,0.0,-0.051564819713160584
GC,930,prev,1.5,fade,1.0,next,93,0.3870967741935484,0.29445899414987403,0.45161290322580644,-0.0925239084859647,53,0.41509433962264153,-0.1975345198532366
GC,930,prev,1.5,follow,0.1,eod,94,0.5212765957446809,0.4214523691602429,0.5851063829787234,-0.13480472457425832,54,0.6296296296296297,0.13238046843931253
GC,930,prev,1.5,follow,0.1,next,93,0.6129032258064516,0.5113079516226957,0.6129032258064516,-0.13471754185456672,53,0.7735849056603774,0.13438702408053085
GC,930,prev,1.5,follow,0.2,eod,94,0.3617021276595745,0.27176768917318006,0.574468085106383,-0.02248670212438628,54,0.3333333333333333,0.11101249855457282
GC,930,prev,1.5,follow,0.2,next,93,0.6236559139784946,0.5221342705133758,0.6236559139784946,-0.09300303051294481,53,0.6981132075471698,0.0305092254902888
GC,930,prev,1.5,follow,0.3,eod,94,0.24468085106382978,0.1689334300235954,0.5638297872340425,-0.018171169863523847,54,0.2222222222222222,0.09222225286757961
GC,930,prev,1.5,follow,0.3,next,93,0.6451612903225806,0.5439330656324219,0.6451612903225806,-0.05004406537873441,53,0.8113207547169812,0.20849788971838218
GC,930,prev,1.5,follow,0.5,eod,94,0.07446808510638298,0.03653811601751902,0.5425531914893617,-0.006416162205628655,54,0.07407407407407407,0.06767686630704964
GC,930,prev,1.5,follow,0.5,next,93,0.6881720430107527,0.5881422410187721,0.7096774193548387,0.06564394928001269,53,0.7735849056603774,0.15523615151529382
GC,930,prev,1.5,follow,1.0,eod,94,0.010638297872340425,0.001880347339052478,0.5425531914893617,-0.0036914794674128173,54,0.018518518518518517,0.037262696245841526
GC,930,prev,1.5,follow,1.0,next,93,0.5806451612903226,0.47911260524081306,0.6666666666666666,0.12848477135409592,53,0.660377358490566,0.22448037072256094
